CA_aTDCe,cyl_volume_cm3,P_Intk_Plen_In_kPa_S_2013_10_24_01,P_Intk_Port_kPa_S_2013_10_24_01,P_Cyl_kPa_S_2013_10_24_01,P_Exh_Port_kPa_S_2013_10_24_01,P_Exh_Plen_Out_kPa_S_2013_10_24_01,P_Intk_Plen_In_kPa_mean_all_tests,P_Intk_Port_kPa_mean_all_tests,P_Cyl_kPa_mean_all_tests,P_Exh_Port_kPa_mean_all_tests,P_Exh_Plen_Out_kPa_mean_all_tests
0,63.522,40.59,42.59,106.97,99.32,103.04,40.467,41.796,104.681,98.575,102.894
0.5,63.535,40.59,42.77,106.07,99.55,103.07,40.481,41.958,103.841,98.689,102.897
1,63.573,40.56,42.88,105.01,99.78,103.08,40.468,42.106,102.935,98.825,102.896
1.5,63.638,40.58,43.04,103.89,100.01,103.09,40.482,42.263,102.021,98.981,102.904
2,63.728,40.58,43.19,102.7,100.29,103.1,40.473,42.401,101.016,99.179,102.903
2.5,63.844,40.59,43.31,101.52,100.59,103.09,40.48,42.538,99.975,99.399,102.909
3,63.986,40.6,43.41,100.21,100.92,103.07,40.474,42.665,98.859,99.641,102.906
3.5,64.154,40.61,43.53,98.95,101.21,103.06,40.484,42.796,97.764,99.901,102.911
4,64.347,40.59,43.63,97.55,101.52,103.08,40.474,42.904,96.581,100.183,102.913
4.5,64.567,40.58,43.76,96.29,101.84,103.05,40.485,43.024,95.424,100.473,102.899
5,64.811,40.57,43.87,94.85,102.15,103.03,40.475,43.128,94.182,100.789,102.895
5.5,65.082,40.58,43.94,93.38,102.44,103.04,40.483,43.227,92.876,101.078,102.883
6,65.378,40.58,44.01,91.81,102.76,103.02,40.473,43.316,91.497,101.374,102.88
6.5,65.7,40.56,44.04,90.16,103,103.02,40.478,43.411,90.149,101.63,102.874
7,66.047,40.56,44.06,88.45,103.21,102.98,40.47,43.479,88.694,101.844,102.86
7.5,66.42,40.58,44.07,86.83,103.38,102.99,40.476,43.551,87.303,102.036,102.858
8,66.819,40.59,44.06,84.99,103.66,103,40.468,43.589,85.721,102.343,102.848
8.5,67.243,40.57,44.01,83.17,103.99,102.97,40.476,43.622,84.144,102.728,102.832
9,67.692,40.58,43.95,81.29,104.29,102.93,40.474,43.622,82.461,103.127,102.814
9.5,68.167,40.59,43.88,79.53,104.59,102.9,40.477,43.611,80.818,103.498,102.791
10,68.667,40.58,43.74,77.57,104.83,102.88,40.471,43.561,79.061,103.88,102.776
10.5,69.192,40.59,43.62,75.68,105.04,102.86,40.483,43.511,77.356,104.226,102.761
11,69.742,40.59,43.44,73.73,105.18,102.82,40.468,43.416,75.523,104.554,102.733
11.5,70.318,40.6,43.3,71.72,105.31,102.81,40.481,43.342,73.731,104.842,102.706
12,70.919,40.57,43.1,69.7,105.45,102.78,40.476,43.226,71.854,105.111,102.684
12.5,71.544,40.6,42.89,67.77,105.57,102.78,40.487,43.103,70.066,105.345,102.666
13,72.195,40.6,42.63,65.66,105.63,102.76,40.48,42.942,68.141,105.542,102.642
13.5,72.87,40.62,42.39,63.81,105.66,102.75,40.496,42.771,66.359,105.706,102.615
14,73.57,40.61,42.09,61.81,105.66,102.72,40.489,42.571,64.494,105.855,102.6
14.5,74.295,40.64,41.78,59.97,105.71,102.72,40.5,42.369,62.706,105.999,102.583
15,75.045,40.63,41.41,58.08,105.73,102.71,40.505,42.118,60.879,106.143,102.569
15.5,75.819,40.66,41.11,56.26,105.71,102.68,40.514,41.874,59.079,106.238,102.548
16,76.617,40.65,40.74,54.34,105.54,102.67,40.516,41.586,57.244,106.226,102.541
16.5,77.44,40.67,40.39,52.63,105.3,102.65,40.529,41.302,55.521,106.081,102.526
17,78.288,40.67,40.03,50.78,105.06,102.68,40.53,40.983,53.758,105.893,102.511
17.5,79.159,40.69,39.66,49.17,104.86,102.65,40.549,40.673,52.142,105.714,102.51
18,80.055,40.71,39.3,47.44,104.62,102.64,40.551,40.336,50.444,105.502,102.495
18.5,80.974,40.72,38.97,45.88,104.34,102.64,40.569,40.019,48.885,105.267,102.493
19,81.918,40.72,38.59,44.28,104.05,102.67,40.564,39.665,47.296,105.006,102.489
19.5,82.885,40.74,38.25,42.84,103.79,102.66,40.59,39.345,45.829,104.774,102.486
20,83.876,40.76,37.91,41.5,103.58,102.66,40.599,38.996,44.364,104.541,102.491
20.5,84.89,40.77,37.58,40.02,103.38,102.67,40.609,38.677,42.982,104.323,102.486
21,85.928,40.79,37.23,38.69,103.19,102.66,40.616,38.319,41.627,104.1,102.494
21.5,86.989,40.81,36.95,37.36,102.92,102.65,40.642,38.009,40.349,103.844,102.502
22,88.074,40.81,36.59,36.31,102.58,102.65,40.645,37.656,39.098,103.496,102.504
22.5,89.182,40.83,36.34,35.42,102.28,102.67,40.664,37.346,37.968,103.136,102.506
23,90.312,40.86,36.05,34.05,101.99,102.71,40.674,37.016,36.73,102.764,102.508
23.5,91.466,40.87,35.79,33.18,101.76,102.68,40.696,36.716,35.716,102.425,102.502
24,92.642,40.88,35.52,32.25,101.51,102.7,40.707,36.406,34.716,102.083,102.511
24.5,93.841,40.9,35.29,31.55,101.33,102.74,40.724,36.131,33.839,101.748,102.53
25,95.062,40.9,35.06,30.84,101.16,102.79,40.739,35.842,33.023,101.439,102.556
25.5,96.306,40.94,34.89,30.25,101.02,102.78,40.751,35.594,32.326,101.161,102.564
26,97.572,40.94,34.68,29.49,100.86,102.77,40.764,35.331,31.716,100.879,102.569
26.5,98.86,40.97,34.51,29.14,100.76,102.81,40.786,35.117,31.066,100.639,102.585
27,100.17,40.96,34.33,28.74,100.67,102.83,40.789,34.867,30.476,100.422,102.606
27.5,101.502,40.98,34.18,28.59,100.59,102.81,40.813,34.674,30.081,100.237,102.613
28,102.856,40.99,33.96,28.27,100.48,102.84,40.813,34.452,29.573,100.033,102.616
28.5,104.231,41,33.85,27.92,100.42,102.9,40.83,34.272,29.224,99.88,102.639
29,105.627,40.99,33.68,27.73,100.43,102.9,40.838,34.076,28.893,99.771,102.676
29.5,107.045,41.02,33.53,27.63,100.54,102.92,40.849,33.91,28.664,99.721,102.689
30,108.484,41.02,33.4,27.41,100.71,102.93,40.862,33.749,28.472,99.78,102.704
30.5,109.943,41.03,33.29,27.42,100.86,102.96,40.869,33.597,28.256,99.886,102.722
31,111.424,41,33.17,27.42,101.03,102.96,40.862,33.441,28.218,100.007,102.746
31.5,112.925,41.02,33.06,27.45,101.22,102.99,40.874,33.309,28.074,100.121,102.754
32,114.446,41,33,27.48,101.4,102.97,40.867,33.18,28.049,100.268,102.76
32.5,115.988,41.02,33.01,27.5,101.6,103,40.884,33.097,27.991,100.443,102.792
33,117.549,41.01,33.11,27.56,101.81,102.97,40.872,33.042,27.988,100.608,102.799
33.5,119.131,41.01,33.27,27.72,101.97,102.96,40.875,33.063,27.996,100.77,102.802
34,120.733,40.98,33.44,27.78,102.13,102.94,40.863,33.132,27.964,100.949,102.802
34.5,122.354,40.97,33.63,27.96,102.34,102.97,40.866,33.248,28.118,101.129,102.824
35,123.994,40.97,33.83,28.07,102.58,102.97,40.861,33.386,28.134,101.35,102.831
35.5,125.654,40.97,34.08,28.29,102.85,102.95,40.859,33.554,28.217,101.616,102.825
36,127.333,40.94,34.32,28.42,103.16,102.95,40.838,33.73,28.336,101.954,102.81
36.5,129.031,40.94,34.57,28.9,103.44,102.93,40.831,33.948,28.598,102.274,102.813
37,130.747,40.92,34.82,29.27,103.7,102.9,40.812,34.161,28.888,102.602,102.801
37.5,132.482,40.91,35.11,29.34,103.87,102.9,40.811,34.391,29.024,102.904,102.781
38,134.236,40.88,35.39,29.86,104.06,102.85,40.789,34.625,29.318,103.219,102.754
38.5,136.007,40.88,35.69,29.85,104.21,102.82,40.785,34.871,29.287,103.491,102.74
39,137.797,40.86,35.98,30.51,104.38,102.82,40.767,35.121,29.794,103.771,102.728
39.5,139.604,40.84,36.29,30.8,104.53,102.8,40.756,35.383,30.031,104.023,102.709
40,141.429,40.83,36.6,30.85,104.67,102.78,40.74,35.656,30.226,104.276,102.692
40.5,143.272,40.81,36.87,31.36,104.77,102.75,40.723,35.919,30.511,104.479,102.669
41,145.131,40.79,37.15,31.81,104.86,102.72,40.702,36.179,30.894,104.673,102.64
41.5,147.008,40.79,37.42,31.94,104.99,102.71,40.694,36.444,31.26,104.846,102.622
42,148.901,40.76,37.66,32.48,105.09,102.69,40.668,36.705,31.401,105.014,102.603
42.5,150.812,40.75,37.89,32.96,105.09,102.67,40.656,36.961,31.881,105.13,102.587
43,152.738,40.74,38.09,33.26,105.01,102.64,40.635,37.188,32.396,105.203,102.552
43.5,154.681,40.71,38.27,33.46,104.9,102.61,40.629,37.406,32.589,105.22,102.509
44,156.64,40.69,38.42,34.5,104.78,102.57,40.606,37.594,33.221,105.169,102.482
44.5,158.615,40.7,38.57,34.28,104.66,102.59,40.601,37.781,33.334,105.087,102.477
45,160.605,40.66,38.7,34.75,104.53,102.54,40.58,37.941,33.67,105.009,102.466
45.5,162.611,40.66,38.81,35.71,104.39,102.54,40.57,38.091,34.328,104.929,102.441
46,164.632,40.63,38.94,35.61,104.23,102.53,40.541,38.226,34.314,104.816,102.412
46.5,166.668,40.63,39.06,35.94,104.08,102.52,40.533,38.369,34.826,104.681,102.405
47,168.718,40.6,39.18,36.54,103.95,102.52,40.511,38.497,35.155,104.539,102.409
47.5,170.784,40.61,39.3,36.5,103.8,102.53,40.508,38.628,35.38,104.414,102.402
48,172.864,40.61,39.39,37.24,103.62,102.52,40.488,38.742,35.974,104.234,102.373
48.5,174.958,40.6,39.5,37.45,103.44,102.52,40.483,38.863,36.028,104.061,102.359
49,177.065,40.57,39.58,37.75,103.18,102.49,40.459,38.963,36.32,103.843,102.344
49.5,179.187,40.57,39.68,38.1,102.93,102.51,40.464,39.058,36.769,103.599,102.336
50,181.322,40.55,39.78,38.09,102.68,102.46,40.441,39.137,36.913,103.322,102.312
50.5,183.471,40.55,39.93,38.2,102.47,102.47,40.434,39.241,37.249,103.05,102.292
51,185.632,40.52,40.02,38.65,102.27,102.49,40.416,39.344,37.704,102.783,102.291
51.5,187.807,40.53,40.12,38.85,102.1,102.56,40.412,39.459,37.596,102.516,102.311
52,189.994,40.53,40.19,39.69,101.95,102.56,40.399,39.549,38.367,102.264,102.334
52.5,192.194,40.52,40.26,38.92,101.8,102.59,40.403,39.628,38.061,102.019,102.353
53,194.406,40.5,40.33,39.56,101.63,102.62,40.389,39.699,38.479,101.778,102.365
53.5,196.629,40.51,40.4,39.38,101.47,102.61,40.391,39.764,38.591,101.555,102.37
54,198.865,40.49,40.44,38.87,101.33,102.64,40.377,39.811,38.664,101.338,102.379
54.5,201.112,40.5,40.49,40.06,101.21,102.65,40.378,39.872,38.971,101.145,102.39
55,203.371,40.49,40.54,39.7,101.11,102.67,40.377,39.919,38.636,100.981,102.406
55.5,205.64,40.49,40.57,39.33,101,102.67,40.377,39.971,39.052,100.824,102.413
56,207.921,40.48,40.58,39.6,100.92,102.65,40.36,39.988,38.995,100.672,102.41
56.5,210.212,40.49,40.64,39.8,100.91,102.72,40.367,40.024,39.339,100.573,102.436
57,212.514,40.46,40.66,39.32,100.96,102.78,40.355,40.034,39.196,100.501,102.489
57.5,214.826,40.48,40.7,40.06,101.04,102.79,40.364,40.059,39.269,100.484,102.534
58,217.147,40.47,40.7,40.66,101.09,102.79,40.352,40.066,39.481,100.501,102.557
58.5,219.479,40.46,40.69,39.65,101.14,102.82,40.356,40.082,39.321,100.536,102.576
59,221.82,40.44,40.68,39.92,101.2,102.86,40.344,40.079,39.456,100.552,102.614
59.5,224.171,40.45,40.72,40.08,101.28,102.86,40.347,40.086,39.566,100.582,102.642
60,226.53,40.45,40.71,39.83,101.43,102.83,40.343,40.077,39.561,100.664,102.659
60.5,228.899,40.46,40.71,39.96,101.54,102.85,40.346,40.084,39.632,100.733,102.66
61,231.276,40.41,40.66,40.09,101.62,102.85,40.325,40.074,39.655,100.83,102.662
61.5,233.661,40.43,40.65,39.59,101.77,102.88,40.326,40.073,39.708,100.934,102.682
62,236.055,40.39,40.56,39.42,101.9,102.85,40.31,40.043,39.566,101.047,102.696
62.5,238.456,40.41,40.53,40.38,102.08,102.86,40.313,40.034,39.931,101.197,102.706
63,240.866,40.39,40.47,39.64,102.32,102.85,40.294,40.004,39.681,101.379,102.706
63.5,243.282,40.39,40.43,39.78,102.54,102.86,40.293,39.979,39.681,101.595,102.71
64,245.706,40.37,40.38,39.96,102.74,102.85,40.284,39.943,39.626,101.831,102.716
64.5,248.137,40.34,40.34,39.64,102.87,102.85,40.276,39.904,39.602,102.046,102.721
65,250.575,40.35,40.29,39.8,102.99,102.83,40.264,39.873,39.467,102.248,102.729
65.5,253.02,40.34,40.24,39.59,103.18,102.81,40.26,39.845,39.442,102.476,102.716
66,255.471,40.32,40.18,39.64,103.36,102.78,40.244,39.806,39.354,102.688,102.69
66.5,257.928,40.3,40.12,39.24,103.49,102.74,40.232,39.78,39.277,102.879,102.666
67,260.39,40.29,40.04,39.23,103.64,102.73,40.219,39.734,39.076,103.069,102.651
67.5,262.859,40.28,40.01,39.31,103.79,102.69,40.211,39.692,39.111,103.256,102.626
68,265.333,40.28,39.92,38.97,103.91,102.67,40.196,39.649,38.994,103.424,102.603
68.5,267.812,40.27,39.92,38.97,104.05,102.65,40.195,39.619,39.02,103.592,102.582
69,270.296,40.26,39.86,38.76,104.18,102.65,40.176,39.574,38.873,103.757,102.563
69.5,272.785,40.27,39.8,38.84,104.29,102.65,40.169,39.546,38.809,103.902,102.551
70,275.278,40.25,39.75,38.98,104.32,102.62,40.161,39.505,38.8,104.04,102.544
70.5,277.776,40.24,39.66,38.63,104.36,102.61,40.158,39.467,38.712,104.15,102.533
71,280.278,40.22,39.61,38.43,104.35,102.58,40.136,39.414,38.693,104.219,102.501
71.5,282.784,40.24,39.55,38.33,104.35,102.54,40.132,39.369,38.659,104.264,102.468
72,285.293,40.22,39.48,38.19,104.28,102.5,40.119,39.308,38.721,104.262,102.441
72.5,287.806,40.22,39.42,38.04,104.25,102.48,40.115,39.26,38.562,104.263,102.419
73,290.322,40.2,39.35,37.91,104.24,102.47,40.099,39.197,38.48,104.266,102.391
73.5,292.841,40.2,39.32,37.88,104.16,102.44,40.091,39.144,38.477,104.252,102.348
74,295.362,40.2,39.25,37.98,104.11,102.48,40.084,39.079,38.376,104.22,102.329
74.5,297.886,40.21,39.18,37.84,104.03,102.44,40.084,39.033,38.291,104.181,102.32
75,300.413,40.19,39.1,37.78,103.92,102.44,40.072,38.978,38.281,104.13,102.317
75.5,302.941,40.17,39.04,37.8,103.83,102.44,40.069,38.931,38.078,104.063,102.295
76,305.472,40.18,38.99,37.82,103.7,102.42,40.059,38.861,37.975,103.967,102.271
76.5,308.004,40.17,38.94,37.61,103.53,102.4,40.055,38.815,37.913,103.851,102.255
77,310.537,40.16,38.9,37.65,103.34,102.39,40.049,38.758,37.791,103.702,102.244
77.5,313.072,40.18,38.85,37.58,103.16,102.39,40.049,38.716,37.731,103.522,102.227
78,315.607,40.17,38.75,37.36,103.01,102.39,40.036,38.659,37.69,103.335,102.206
78.5,318.144,40.19,38.73,37.37,102.88,102.41,40.034,38.613,37.591,103.166,102.201
79,320.68,40.18,38.67,37.25,102.74,102.43,40.035,38.564,37.494,103.003,102.195
79.5,323.218,40.18,38.58,37.06,102.59,102.43,40.035,38.511,37.452,102.836,102.201
80,325.755,40.17,38.53,37.08,102.44,102.45,40.037,38.462,37.395,102.669,102.214
80.5,328.292,40.18,38.48,37.02,102.28,102.48,40.039,38.414,37.333,102.509,102.221
81,330.829,40.18,38.45,36.77,102.14,102.49,40.034,38.364,37.263,102.349,102.231
81.5,333.366,40.17,38.39,37,102.01,102.5,40.035,38.324,37.242,102.189,102.236
82,335.902,40.17,38.36,36.99,101.86,102.53,40.032,38.286,37.234,102.034,102.247
82.5,338.436,40.18,38.31,36.89,101.7,102.53,40.039,38.257,37.209,101.883,102.266
83,340.97,40.16,38.3,36.83,101.54,102.57,40.034,38.224,37.191,101.704,102.291
83.5,343.502,40.17,38.26,36.73,101.4,102.59,40.036,38.199,37.13,101.539,102.309
84,346.033,40.15,38.22,36.56,101.34,102.61,40.029,38.166,37.109,101.389,102.33
84.5,348.562,40.18,38.18,36.55,101.28,102.63,40.032,38.136,37.056,101.259,102.356
85,351.089,40.15,38.17,36.49,101.26,102.64,40.031,38.109,37.042,101.184,102.399
85.5,353.614,40.18,38.17,36.46,101.25,102.68,40.041,38.091,37.021,101.13,102.431
86,356.137,40.16,38.13,36.38,101.23,102.68,40.036,38.064,36.889,101.084,102.451
86.5,358.657,40.17,38.12,36.48,101.24,102.7,40.037,38.044,36.901,101.04,102.469
87,361.174,40.15,38.08,36.37,101.26,102.71,40.028,38.021,36.806,101.007,102.492
87.5,363.688,40.12,38.07,36.38,101.3,102.7,40.029,38.004,36.782,100.99,102.518
88,366.199,40.14,38.05,36.41,101.31,102.74,40.014,37.977,36.776,100.978,102.531
88.5,368.707,40.13,38.03,36.35,101.31,102.74,40.014,37.961,36.754,100.971,102.546
89,371.211,40.11,38.02,36.26,101.4,102.75,39.999,37.937,36.75,100.977,102.557
89.5,373.712,40.1,38.01,36.27,101.47,102.76,39.997,37.919,36.74,101.0,102.579
90,376.208,40.1,37.99,36.21,101.54,102.74,39.995,37.902,36.749,101.045,102.594
90.5,378.701,40.11,38.03,36.2,101.68,102.74,39.992,37.894,36.7,101.122,102.604
91,381.189,40.07,37.99,36.21,101.86,102.72,39.976,37.874,36.708,101.234,102.605
91.5,383.672,40.04,38,36.16,102,102.73,39.97,37.861,36.671,101.374,102.599
92,386.151,40.04,37.95,36.12,102.12,102.69,39.947,37.843,36.629,101.499,102.59
92.5,388.625,40.03,37.98,36.22,102.22,102.7,39.948,37.837,36.634,101.613,102.595
93,391.094,40.03,37.96,36.24,102.37,102.7,39.93,37.826,36.581,101.73,102.587
93.5,393.558,40.01,37.97,36.29,102.51,102.68,39.915,37.827,36.561,101.854,102.584
94,396.016,39.98,37.96,36.27,102.59,102.66,39.907,37.819,36.539,101.97,102.575
94.5,398.469,39.98,37.97,36.26,102.75,102.65,39.895,37.816,36.511,102.088,102.565
95,400.916,39.97,37.96,36.31,102.92,102.64,39.885,37.815,36.536,102.226,102.552
95.5,403.357,39.96,37.97,36.39,103.08,102.62,39.875,37.812,36.532,102.371,102.536
96,405.792,39.95,37.95,36.34,103.23,102.59,39.858,37.807,36.51,102.51,102.507
96.5,408.22,39.94,37.95,36.31,103.38,102.59,39.847,37.809,36.54,102.659,102.491
97,410.642,39.93,37.96,36.36,103.59,102.56,39.833,37.815,36.549,102.838,102.485
97.5,413.058,39.91,37.97,36.37,103.72,102.55,39.823,37.816,36.6,103.009,102.479
98,415.466,39.9,37.99,36.38,103.82,102.52,39.811,37.817,36.621,103.155,102.461
98.5,417.868,39.9,38.01,36.42,103.88,102.49,39.794,37.834,36.634,103.279,102.434
99,420.262,39.88,38.02,36.41,103.92,102.46,39.782,37.844,36.699,103.372,102.399
99.5,422.649,39.9,38.03,36.43,103.97,102.47,39.775,37.86,36.741,103.45,102.38
100,425.029,39.86,38.04,36.4,103.98,102.41,39.759,37.877,36.765,103.519,102.359
100.5,427.401,39.88,38.06,36.47,104.04,102.42,39.754,37.888,36.789,103.586,102.328
101,429.765,39.86,38.08,36.45,104.07,102.4,39.741,37.894,36.811,103.664,102.301
101.5,432.121,39.82,38.06,36.42,104.06,102.38,39.728,37.902,36.826,103.718,102.277
102,434.469,39.83,38.09,36.46,104.08,102.38,39.719,37.912,36.869,103.772,102.258
102.5,436.809,39.81,38.12,36.46,104.07,102.35,39.713,37.923,36.888,103.814,102.241
103,439.14,39.82,38.11,36.56,104.06,102.35,39.704,37.93,36.896,103.839,102.229
103.5,441.463,39.81,38.15,36.58,104,102.32,39.698,37.942,36.9,103.862,102.208
104,443.777,39.81,38.15,36.63,103.9,102.32,39.69,37.944,36.885,103.845,102.182
104.5,446.082,39.81,38.15,36.7,103.76,102.31,39.677,37.951,36.899,103.789,102.156
105,448.378,39.79,38.14,36.78,103.61,102.31,39.679,37.956,36.901,103.705,102.14
105.5,450.665,39.8,38.16,36.83,103.52,102.31,39.678,37.965,36.904,103.621,102.132
106,452.943,39.8,38.17,36.9,103.44,102.33,39.666,37.969,36.953,103.546,102.121
106.5,455.211,39.8,38.2,37.02,103.31,102.35,39.669,37.975,36.999,103.484,102.118
107,457.469,39.78,38.21,37.03,103.18,102.35,39.659,37.972,37.032,103.403,102.114
107.5,459.718,39.8,38.23,37.14,103.06,102.36,39.662,37.984,37.108,103.316,102.123
108,461.956,39.78,38.26,37.11,102.93,102.36,39.658,37.999,37.096,103.213,102.124
108.5,464.185,39.79,38.24,37.08,102.74,102.37,39.658,38.004,37.124,103.094,102.128
109,466.404,39.77,38.26,37.13,102.55,102.37,39.651,38.009,37.162,102.951,102.129
109.5,468.612,39.78,38.29,37.11,102.39,102.41,39.653,38.019,37.158,102.801,102.142
110,470.81,39.78,38.29,37.13,102.2,102.41,39.657,38.037,37.238,102.654,102.17
110.5,472.997,39.8,38.33,37.19,102.02,102.43,39.657,38.052,37.27,102.491,102.185
111,475.173,39.77,38.35,37.15,101.84,102.48,39.658,38.069,37.31,102.312,102.209
111.5,477.339,39.79,38.37,37.26,101.68,102.52,39.658,38.089,37.362,102.132,102.229
112,479.493,39.78,38.38,37.3,101.55,102.51,39.656,38.106,37.423,101.979,102.251
112.5,481.637,39.79,38.4,37.35,101.46,102.52,39.66,38.124,37.497,101.846,102.281
113,483.769,39.78,38.42,37.41,101.4,102.54,39.656,38.146,37.518,101.732,102.296
113.5,485.89,39.76,38.44,37.4,101.34,102.55,39.652,38.158,37.563,101.626,102.32
114,488,39.76,38.47,37.48,101.3,102.54,39.655,38.186,37.591,101.523,102.326
114.5,490.098,39.73,38.5,37.52,101.21,102.57,39.639,38.204,37.618,101.411,102.344
115,492.184,39.76,38.54,37.57,101.11,102.59,39.644,38.235,37.651,101.306,102.373
115.5,494.258,39.74,38.56,37.68,101.07,102.61,39.639,38.256,37.688,101.203,102.395
116,496.321,39.74,38.59,37.7,101.07,102.59,39.633,38.282,37.704,101.118,102.408
116.5,498.371,39.71,38.63,37.72,101.07,102.61,39.625,38.312,37.741,101.052,102.424
117,500.409,39.71,38.64,37.78,101.05,102.61,39.623,38.346,37.8,100.985,102.444
117.5,502.435,39.71,38.67,37.88,101.08,102.6,39.614,38.37,37.868,100.932,102.46
118,504.449,39.68,38.7,37.91,101.18,102.59,39.605,38.396,37.896,100.911,102.457
118.5,506.45,39.68,38.76,37.89,101.27,102.57,39.596,38.414,37.943,100.928,102.454
119,508.439,39.69,38.77,37.98,101.37,102.59,39.595,38.437,37.999,100.969,102.452
119.5,510.414,39.68,38.78,38.02,101.45,102.61,39.581,38.451,38.033,101.006,102.448
120,512.377,39.65,38.79,38.05,101.55,102.58,39.575,38.478,38.07,101.039,102.454
120.5,514.327,39.64,38.82,38.09,101.63,102.58,39.565,38.504,38.09,101.055,102.452
121,516.265,39.62,38.85,38.11,101.7,102.59,39.551,38.522,38.091,101.096,102.454
121.5,518.189,39.61,38.87,38.13,101.85,102.57,39.54,38.544,38.089,101.159,102.457
122,520.099,39.61,38.87,38.16,102.02,102.56,39.532,38.561,38.111,101.245,102.454
122.5,521.997,39.6,38.89,38.21,102.23,102.53,39.521,38.58,38.167,101.354,102.447
123,523.881,39.59,38.92,38.22,102.42,102.54,39.511,38.595,38.187,101.486,102.44
123.5,525.751,39.58,38.93,38.22,102.58,102.51,39.5,38.611,38.228,101.621,102.424
124,527.608,39.58,38.97,38.26,102.8,102.5,39.491,38.637,38.288,101.775,102.414
124.5,529.452,39.56,38.99,38.31,102.98,102.47,39.479,38.659,38.318,101.939,102.392
125,531.281,39.55,39.03,38.36,103.16,102.45,39.471,38.69,38.395,102.125,102.381
125.5,533.097,39.56,39.05,38.45,103.32,102.43,39.464,38.709,38.435,102.299,102.356
126,534.899,39.54,39.06,38.5,103.43,102.42,39.454,38.737,38.458,102.447,102.342
126.5,536.686,39.55,39.09,38.53,103.53,102.42,39.435,38.756,38.509,102.576,102.322
127,538.46,39.51,39.11,38.56,103.6,102.4,39.431,38.785,38.552,102.703,102.305
127.5,540.219,39.52,39.13,38.64,103.71,102.38,39.421,38.805,38.622,102.833,102.296
128,541.964,39.52,39.16,38.66,103.83,102.36,39.414,38.834,38.651,102.964,102.281
128.5,543.695,39.52,39.17,38.66,103.96,102.34,39.403,38.85,38.672,103.105,102.253
129,545.411,39.48,39.18,38.67,104.04,102.32,39.394,38.877,38.721,103.244,102.232
129.5,547.113,39.49,39.21,38.7,104.09,102.31,39.381,38.893,38.751,103.364,102.211
130,548.8,39.48,39.22,38.73,104.11,102.3,39.376,38.917,38.812,103.484,102.196
130.5,550.473,39.49,39.25,38.78,104.15,102.26,39.374,38.941,38.839,103.596,102.166
131,552.131,39.47,39.26,38.81,104.14,102.24,39.362,38.96,38.861,103.696,102.141
131.5,553.774,39.45,39.26,38.86,104.13,102.23,39.353,38.974,38.891,103.772,102.111
132,555.402,39.46,39.28,38.92,104.08,102.25,39.35,38.994,38.923,103.824,102.096
132.5,557.015,39.46,39.29,39.01,103.97,102.27,39.35,39.006,38.984,103.844,102.083
133,558.613,39.45,39.3,38.97,103.88,102.26,39.342,39.021,38.987,103.831,102.074
133.5,560.196,39.45,39.34,39.03,103.85,102.27,39.338,39.036,39.015,103.838,102.079
134,561.764,39.44,39.34,39.01,103.77,102.28,39.335,39.061,39.032,103.84,102.071
134.5,563.317,39.47,39.39,39.08,103.69,102.27,39.326,39.074,39.05,103.832,102.071
135,564.854,39.45,39.38,39.13,103.54,102.27,39.332,39.096,39.108,103.799,102.076
135.5,566.376,39.45,39.39,39.16,103.36,102.29,39.328,39.104,39.118,103.722,102.075
136,567.882,39.44,39.38,39.14,103.16,102.3,39.324,39.113,39.136,103.63,102.071
136.5,569.373,39.43,39.42,39.16,102.96,102.27,39.321,39.127,39.175,103.521,102.068
137,570.849,39.43,39.45,39.24,102.8,102.31,39.321,39.143,39.226,103.396,102.07
137.5,572.309,39.43,39.46,39.27,102.59,102.3,39.319,39.159,39.289,103.256,102.081
138,573.753,39.43,39.46,39.28,102.39,102.33,39.32,39.171,39.314,103.091,102.087
138.5,575.182,39.45,39.47,39.32,102.18,102.35,39.326,39.182,39.346,102.914,102.102
139,576.595,39.42,39.48,39.32,101.99,102.37,39.322,39.198,39.371,102.735,102.129
139.5,577.992,39.41,39.5,39.36,101.87,102.4,39.319,39.206,39.386,102.562,102.151
140,579.373,39.42,39.52,39.4,101.72,102.41,39.324,39.228,39.428,102.409,102.184
140.5,580.738,39.44,39.54,39.42,101.6,102.42,39.321,39.234,39.424,102.252,102.196
141,582.087,39.41,39.56,39.41,101.47,102.42,39.319,39.249,39.437,102.099,102.211
141.5,583.42,39.4,39.57,39.43,101.32,102.4,39.312,39.266,39.447,101.936,102.216
142,584.737,39.37,39.59,39.44,101.19,102.43,39.309,39.288,39.468,101.769,102.223
142.5,586.038,39.4,39.6,39.53,101.08,102.43,39.306,39.308,39.525,101.613,102.237
143,587.323,39.4,39.62,39.52,100.98,102.43,39.301,39.324,39.531,101.455,102.244
143.5,588.591,39.39,39.65,39.57,100.91,102.45,39.296,39.346,39.571,101.31,102.251
144,589.844,39.38,39.65,39.52,100.85,102.45,39.291,39.364,39.599,101.167,102.263
144.5,591.079,39.39,39.66,39.57,100.8,102.46,39.281,39.378,39.621,101.024,102.279
145,592.299,39.36,39.66,39.6,100.79,102.46,39.286,39.4,39.678,100.904,102.291
145.5,593.502,39.34,39.68,39.63,100.81,102.48,39.269,39.409,39.675,100.799,102.305
146,594.689,39.34,39.7,39.65,100.87,102.5,39.27,39.425,39.699,100.734,102.316
146.5,595.859,39.34,39.73,39.64,100.92,102.48,39.261,39.441,39.719,100.689,102.319
147,597.013,39.33,39.73,39.64,100.94,102.48,39.255,39.459,39.744,100.655,102.321
147.5,598.15,39.31,39.73,39.7,101.01,102.47,39.242,39.474,39.799,100.621,102.324
148,599.27,39.3,39.74,39.69,101.07,102.49,39.24,39.489,39.792,100.593,102.325
148.5,600.374,39.29,39.75,39.69,101.19,102.44,39.226,39.5,39.811,100.595,102.319
149,601.461,39.31,39.78,39.75,101.35,102.49,39.224,39.514,39.83,100.625,102.321
149.5,602.532,39.29,39.8,39.73,101.51,102.47,39.212,39.529,39.853,100.681,102.316
150,603.586,39.28,39.8,39.74,101.7,102.45,39.21,39.549,39.884,100.757,102.319
150.5,604.622,39.27,39.79,39.81,101.88,102.45,39.201,39.561,39.899,100.849,102.324
151,605.642,39.27,39.82,39.82,102.09,102.45,39.195,39.574,39.905,100.974,102.312
151.5,606.646,39.26,39.84,39.87,102.3,102.44,39.184,39.59,39.932,101.124,102.311
152,607.632,39.26,39.84,39.87,102.48,102.42,39.179,39.602,39.947,101.281,102.302
152.5,608.601,39.26,39.86,39.93,102.66,102.41,39.175,39.618,39.981,101.457,102.31
153,609.554,39.26,39.88,39.93,102.82,102.41,39.166,39.633,39.978,101.621,102.301
153.5,610.489,39.25,39.87,39.91,102.98,102.38,39.157,39.642,39.996,101.777,102.284
154,611.408,39.25,39.89,39.94,103.12,102.36,39.154,39.655,40.013,101.925,102.259
154.5,612.309,39.24,39.9,39.96,103.26,102.35,39.141,39.664,40.037,102.074,102.243
155,613.194,39.22,39.9,39.98,103.41,102.33,39.146,39.691,40.081,102.244,102.232
155.5,614.061,39.25,39.89,40.01,103.58,102.3,39.136,39.695,40.087,102.401,102.213
156,614.911,39.23,39.9,40.02,103.74,102.29,39.135,39.704,40.104,102.578,102.196
156.5,615.744,39.22,39.93,40,103.84,102.29,39.129,39.711,40.115,102.756,102.178
157,616.56,39.21,39.92,40.05,103.96,102.28,39.124,39.719,40.13,102.939,102.166
157.5,617.358,39.22,39.93,40.1,104.08,102.25,39.124,39.729,40.17,103.127,102.149
158,618.14,39.22,39.93,40.05,104.13,102.24,39.121,39.738,40.166,103.299,102.127
158.5,618.904,39.24,39.94,40.07,104.15,102.25,39.119,39.745,40.184,103.464,102.111
159,619.651,39.21,39.92,40.06,104.17,102.24,39.114,39.749,40.179,103.6,102.095
159.5,620.38,39.26,39.94,40.11,104.16,102.21,39.116,39.754,40.201,103.711,102.079
160,621.093,39.23,39.93,40.08,104.1,102.21,39.121,39.766,40.236,103.799,102.071
160.5,621.788,39.25,39.97,40.16,104.08,102.21,39.12,39.766,40.247,103.857,102.055
161,622.465,39.24,39.94,40.14,104.03,102.19,39.123,39.765,40.271,103.899,102.04
161.5,623.126,39.23,39.98,40.15,103.97,102.19,39.117,39.775,40.279,103.939,102.03
162,623.768,39.24,39.95,40.15,103.86,102.19,39.121,39.78,40.299,103.963,102.024
162.5,624.394,39.25,39.98,40.21,103.73,102.22,39.128,39.784,40.341,103.968,102.023
163,625.002,39.23,39.96,40.2,103.6,102.2,39.125,39.784,40.346,103.939,102.019
163.5,625.592,39.24,39.96,40.19,103.43,102.21,39.127,39.786,40.361,103.893,102.018
164,626.165,39.26,39.97,40.23,103.25,102.22,39.134,39.794,40.392,103.818,102.017
164.5,626.721,39.26,39.99,40.27,103.05,102.22,39.136,39.799,40.411,103.721,102.019
165,627.259,39.26,39.98,40.31,102.83,102.23,39.142,39.805,40.454,103.589,102.035
165.5,627.78,39.27,39.99,40.34,102.64,102.22,39.148,39.805,40.462,103.437,102.034
166,628.283,39.28,39.97,40.31,102.44,102.23,39.154,39.809,40.462,103.266,102.04
166.5,628.769,39.27,39.98,40.36,102.27,102.24,39.153,39.811,40.471,103.095,102.041
167,629.237,39.27,39.99,40.35,102.09,102.24,39.157,39.821,40.471,102.919,102.053
167.5,629.687,39.25,40.01,40.4,101.94,102.25,39.163,39.829,40.504,102.763,102.064
168,630.12,39.27,40.03,40.36,101.78,102.24,39.166,39.836,40.479,102.602,102.074
168.5,630.535,39.26,40.02,40.35,101.66,102.27,39.165,39.846,40.481,102.444,102.081
169,630.933,39.26,40.04,40.29,101.48,102.26,39.173,39.854,40.474,102.276,102.086
169.5,631.313,39.28,40.05,40.3,101.32,102.28,39.166,39.856,40.47,102.103,102.094
170,631.676,39.27,40.04,40.3,101.17,102.28,39.169,39.868,40.497,101.923,102.099
170.5,632.021,39.26,40.06,40.33,101.02,102.26,39.173,39.881,40.503,101.727,102.096
171,632.348,39.26,40.06,40.3,100.89,102.29,39.169,39.886,40.51,101.528,102.101
171.5,632.658,39.25,40.08,40.34,100.78,102.31,39.168,39.895,40.53,101.327,102.109
172,632.95,39.23,40.06,40.34,100.71,102.31,39.166,39.9,40.534,101.138,102.12
172.5,633.224,39.24,40.1,40.43,100.67,102.32,39.166,39.909,40.581,100.969,102.133
173,633.481,39.24,40.1,40.44,100.68,102.34,39.17,39.92,40.596,100.829,102.143
173.5,633.72,39.25,40.09,40.46,100.68,102.34,39.159,39.919,40.61,100.707,102.143
174,633.941,39.24,40.1,40.47,100.69,102.33,39.156,39.927,40.632,100.616,102.149
174.5,634.145,39.25,40.11,40.52,100.73,102.34,39.153,39.928,40.643,100.551,102.159
175,634.33,39.24,40.11,40.5,100.76,102.35,39.152,39.941,40.684,100.501,102.165
175.5,634.499,39.22,40.1,40.54,100.82,102.37,39.146,39.944,40.679,100.452,102.169
176,634.649,39.22,40.13,40.53,100.91,102.37,39.143,39.952,40.673,100.411,102.169
176.5,634.782,39.23,40.12,40.55,101.04,102.38,39.141,39.954,40.677,100.401,102.171
177,634.897,39.2,40.12,40.51,101.19,102.37,39.134,39.961,40.687,100.413,102.183
177.5,634.995,39.22,40.15,40.54,101.32,102.37,39.131,39.963,40.708,100.454,102.187
178,635.074,39.21,40.14,40.55,101.53,102.36,39.129,39.966,40.694,100.517,102.192
178.5,635.136,39.22,40.14,40.55,101.71,102.36,39.12,39.972,40.701,100.616,102.194
179,635.181,39.24,40.16,40.54,101.9,102.37,39.127,39.983,40.704,100.734,102.194
179.5,635.207,39.22,40.15,40.52,102.09,102.35,39.115,39.981,40.694,100.877,102.196
180,635.216,39.2,40.14,40.52,102.26,102.35,39.117,39.991,40.717,101.032,102.202
180.5,635.207,39.21,40.16,40.55,102.42,102.32,39.119,39.997,40.721,101.191,102.199
181,635.181,39.22,40.18,40.55,102.57,102.33,39.113,40.01,40.714,101.336,102.192
181.5,635.136,39.21,40.18,40.51,102.71,102.31,39.107,40.014,40.704,101.479,102.176
182,635.074,39.22,40.16,40.54,102.88,102.3,39.109,40.026,40.734,101.622,102.174
182.5,634.995,39.22,40.17,40.62,103.03,102.25,39.106,40.028,40.773,101.778,102.154
183,634.897,39.21,40.17,40.59,103.2,102.24,39.106,40.032,40.757,101.941,102.143
183.5,634.782,39.21,40.19,40.59,103.35,102.26,39.101,40.03,40.764,102.12,102.126
184,634.649,39.22,40.19,40.64,103.55,102.26,39.108,40.034,40.793,102.322,102.118
184.5,634.499,39.2,40.2,40.64,103.69,102.22,39.103,40.035,40.814,102.53,102.108
185,634.33,39.22,40.2,40.69,103.83,102.22,39.112,40.049,40.845,102.749,102.103
185.5,634.145,39.23,40.19,40.72,103.91,102.22,39.111,40.049,40.851,102.953,102.092
186,633.941,39.23,40.17,40.68,103.98,102.23,39.111,40.049,40.824,103.143,102.079
186.5,633.72,39.25,40.18,40.69,103.99,102.2,39.116,40.047,40.843,103.307,102.069
187,633.481,39.25,40.17,40.69,103.98,102.17,39.122,40.043,40.825,103.441,102.058
187.5,633.224,39.24,40.16,40.72,103.96,102.16,39.124,40.038,40.854,103.551,102.044
188,632.95,39.24,40.16,40.68,103.96,102.18,39.127,40.039,40.834,103.63,102.031
188.5,632.658,39.25,40.19,40.68,103.96,102.17,39.134,40.028,40.844,103.701,102.014
189,632.348,39.24,40.17,40.68,103.93,102.14,39.134,40.026,40.847,103.762,101.996
189.5,632.021,39.27,40.16,40.7,103.81,102.12,39.145,40.019,40.863,103.808,101.987
190,631.676,39.27,40.16,40.7,103.74,102.14,39.156,40.018,40.895,103.852,101.989
190.5,631.313,39.28,40.16,40.75,103.64,102.16,39.16,40.006,40.892,103.856,101.981
191,630.933,39.29,40.15,40.74,103.49,102.13,39.167,40.004,40.911,103.835,101.976
191.5,630.535,39.29,40.16,40.79,103.33,102.15,39.171,39.997,40.909,103.796,101.986
192,630.12,39.31,40.15,40.77,103.15,102.15,39.184,39.988,40.911,103.716,101.987
192.5,629.687,39.31,40.13,40.79,102.97,102.13,39.193,39.979,40.943,103.625,101.993
193,629.237,39.31,40.13,40.78,102.79,102.12,39.198,39.972,40.927,103.495,101.985
193.5,628.769,39.34,40.13,40.79,102.61,102.13,39.204,39.96,40.936,103.359,101.984
194,628.283,39.33,40.1,40.8,102.46,102.13,39.211,39.952,40.945,103.214,101.973
194.5,627.78,39.34,40.11,40.78,102.31,102.13,39.217,39.943,40.952,103.074,101.968
195,627.259,39.33,40.08,40.8,102.18,102.12,39.234,39.942,40.989,102.932,101.969
195.5,626.721,39.33,40.09,40.84,102.01,102.12,39.235,39.922,40.97,102.793,101.962
196,626.165,39.35,40.09,40.84,101.84,102.16,39.236,39.911,40.98,102.646,101.966
196.5,625.592,39.34,40.08,40.84,101.69,102.12,39.241,39.899,40.983,102.488,101.965
197,625.002,39.33,40.08,40.84,101.52,102.13,39.245,39.891,40.989,102.316,101.966
197.5,624.394,39.35,40.09,40.86,101.33,102.14,39.253,39.889,41.01,102.132,101.974
198,623.768,39.34,40.05,40.84,101.18,102.13,39.26,39.869,41.004,101.934,101.976
198.5,623.126,39.36,40.05,40.86,101.04,102.19,39.261,39.861,41.014,101.727,101.984
199,622.465,39.37,40.02,40.88,100.92,102.18,39.264,39.846,41.02,101.521,101.98
199.5,621.788,39.35,40.01,40.9,100.84,102.18,39.268,39.83,41.037,101.333,101.989
200,621.093,39.35,39.99,40.93,100.79,102.2,39.268,39.816,41.065,101.156,101.992
200.5,620.38,39.35,39.98,40.94,100.78,102.22,39.274,39.791,41.071,101.004,101.996
201,619.651,39.34,39.97,40.94,100.76,102.2,39.277,39.773,41.077,100.87,101.999
201.5,618.904,39.35,39.94,40.93,100.74,102.22,39.274,39.74,41.085,100.761,102.004
202,618.14,39.36,39.9,40.97,100.72,102.2,39.276,39.711,41.124,100.673,102.006
202.5,617.358,39.36,39.89,41.02,100.76,102.25,39.279,39.685,41.15,100.603,102.019
203,616.56,39.34,39.85,40.97,100.8,102.25,39.279,39.651,41.061,100.527,102.023
203.5,615.744,39.36,39.83,41,100.85,102.28,39.281,39.619,41.161,100.468,102.032
204,614.911,39.38,39.77,40.98,100.93,102.28,39.279,39.573,41.194,100.429,102.043
204.5,614.061,39.36,39.74,41.03,101.02,102.29,39.279,39.525,41.145,100.415,102.059
205,613.194,39.37,39.7,41.03,101.17,102.27,39.287,39.487,41.208,100.441,102.076
205.5,612.309,39.36,39.63,41.06,101.33,102.29,39.289,39.436,41.236,100.483,102.088
206,611.408,39.38,39.59,41.06,101.48,102.26,39.286,39.382,41.242,100.551,102.088
206.5,610.489,39.37,39.55,41.13,101.64,102.26,39.286,39.331,41.314,100.636,102.091
207,609.554,39.38,39.49,41.17,101.76,102.26,39.289,39.277,41.295,100.739,102.092
207.5,608.601,39.38,39.44,41.22,101.89,102.26,39.29,39.221,41.387,100.846,102.097
208,607.632,39.38,39.38,41.25,102.03,102.27,39.292,39.161,41.404,100.959,102.089
208.5,606.646,39.38,39.32,41.28,102.16,102.26,39.294,39.108,41.444,101.079,102.088
209,605.642,39.38,39.25,41.34,102.31,102.25,39.297,39.044,41.505,101.193,102.092
209.5,604.622,39.4,39.19,41.42,102.46,102.23,39.301,38.984,41.539,101.316,102.091
210,603.586,39.4,39.14,41.54,102.63,102.23,39.307,38.93,41.598,101.459,102.091
210.5,602.532,39.4,39.06,41.6,102.79,102.21,39.305,38.863,41.626,101.616,102.084
211,601.461,39.41,39.01,41.66,102.96,102.22,39.309,38.804,41.688,101.784,102.081
211.5,600.374,39.42,38.95,41.7,103.15,102.18,39.315,38.744,41.698,101.972,102.076
212,599.27,39.41,38.88,41.77,103.29,102.2,39.316,38.687,41.751,102.174,102.069
212.5,598.15,39.43,38.81,41.79,103.38,102.18,39.323,38.623,41.809,102.362,102.059
213,597.013,39.44,38.76,41.81,103.46,102.19,39.329,38.573,41.821,102.547,102.049
213.5,595.859,39.44,38.72,41.85,103.53,102.17,39.334,38.526,41.88,102.717,102.035
214,594.689,39.44,38.67,41.87,103.57,102.15,39.337,38.471,41.951,102.875,102.021
214.5,593.502,39.46,38.6,41.89,103.61,102.12,39.34,38.419,42.012,103.007,102.012
215,592.299,39.49,38.55,41.98,103.62,102.14,39.354,38.369,42.1,103.126,102.006
215.5,591.079,39.48,38.51,42.07,103.66,102.11,39.362,38.326,42.199,103.221,101.998
216,589.844,39.48,38.45,42.14,103.68,102.12,39.363,38.276,42.271,103.298,101.983
216.5,588.591,39.48,38.42,42.21,103.66,102.09,39.371,38.238,42.351,103.373,101.973
217,587.323,39.48,38.38,42.32,103.62,102.09,39.379,38.2,42.444,103.444,101.969
217.5,586.038,39.52,38.35,42.46,103.57,102.09,39.387,38.169,42.569,103.499,101.966
218,584.737,39.51,38.31,42.55,103.49,102.07,39.396,38.134,42.644,103.521,101.959
218.5,583.42,39.52,38.28,42.61,103.37,102.07,39.401,38.103,42.719,103.526,101.954
219,582.087,39.52,38.25,42.72,103.23,102.03,39.409,38.08,42.809,103.504,101.943
219.5,580.738,39.53,38.22,42.82,103.12,102.03,39.419,38.057,42.915,103.461,101.93
220,579.373,39.52,38.2,42.9,102.97,101.99,39.429,38.045,43.034,103.404,101.929
220.5,577.992,39.55,38.18,43.05,102.87,102.03,39.439,38.024,43.126,103.323,101.912
221,576.595,39.55,38.16,43.19,102.76,102.01,39.443,38.011,43.242,103.231,101.901
221.5,575.182,39.57,38.18,43.34,102.66,102.02,39.451,38.001,43.341,103.136,101.889
222,573.753,39.57,38.16,43.44,102.52,102.03,39.456,37.996,43.466,103.037,101.891
222.5,572.309,39.55,38.15,43.63,102.37,102.01,39.463,37.999,43.613,102.93,101.887
223,570.849,39.55,38.16,43.76,102.25,102.06,39.468,38.011,43.719,102.821,101.883
223.5,569.373,39.56,38.19,43.88,102.08,102,39.472,38.029,43.854,102.701,101.881
224,567.882,39.55,38.22,44.06,101.92,102,39.473,38.046,43.999,102.558,101.873
224.5,566.376,39.57,38.24,44.17,101.75,101.99,39.479,38.063,44.124,102.406,101.859
225,564.854,39.56,38.28,44.31,101.61,102.01,39.477,38.095,44.289,102.253,101.856
225.5,563.317,39.57,38.33,44.47,101.46,102.02,39.486,38.128,44.425,102.079,101.849
226,561.764,39.57,38.36,44.6,101.34,102.02,39.482,38.161,44.582,101.906,101.849
226.5,560.196,39.58,38.42,44.75,101.27,102.04,39.484,38.207,44.736,101.744,101.844
227,558.613,39.57,38.46,44.89,101.19,102.06,39.484,38.251,44.902,101.585,101.841
227.5,557.015,39.57,38.52,45.07,101.11,102.07,39.479,38.296,45.091,101.439,101.851
228,555.402,39.55,38.58,45.2,101.05,102.08,39.476,38.347,45.241,101.296,101.853
228.5,553.774,39.55,38.64,45.37,100.99,102.1,39.481,38.401,45.416,101.169,101.866
229,552.131,39.57,38.71,45.55,100.95,102.08,39.479,38.458,45.587,101.058,101.869
229.5,550.473,39.56,38.77,45.72,100.94,102.09,39.471,38.518,45.762,100.959,101.875
230,548.8,39.55,38.84,45.92,100.91,102.09,39.475,38.589,45.947,100.874,101.891
230.5,547.113,39.55,38.94,46.14,100.93,102.14,39.471,38.659,46.124,100.801,101.893
231,545.411,39.54,39.01,46.28,100.96,102.13,39.464,38.724,46.296,100.735,101.897
231.5,543.695,39.56,39.1,46.48,100.98,102.15,39.469,38.804,46.481,100.689,101.908
232,541.964,39.54,39.16,46.66,101.05,102.15,39.464,38.874,46.688,100.665,101.921
232.5,540.219,39.53,39.24,46.9,101.14,102.16,39.459,38.947,46.904,100.656,101.939
233,538.46,39.53,39.34,47.1,101.25,102.16,39.456,39.029,47.091,100.671,101.946
233.5,536.686,39.52,39.43,47.32,101.34,102.17,39.451,39.099,47.309,100.699,101.956
234,534.899,39.52,39.49,47.55,101.41,102.16,39.454,39.174,47.527,100.734,101.966
234.5,533.097,39.53,39.57,47.78,101.49,102.14,39.444,39.252,47.75,100.784,101.97
235,531.281,39.53,39.65,47.99,101.59,102.14,39.449,39.332,48.003,100.849,101.981
235.5,529.452,39.53,39.73,48.28,101.69,102.17,39.451,39.405,48.231,100.919,101.984
236,527.608,39.53,39.8,48.49,101.8,102.15,39.444,39.474,48.456,100.991,101.985
236.5,525.751,39.55,39.89,48.77,101.97,102.16,39.442,39.545,48.687,101.087,101.985
237,523.881,39.53,39.96,49.01,102.1,102.14,39.439,39.608,48.928,101.178,101.984
237.5,521.997,39.53,40,49.33,102.22,102.15,39.436,39.665,49.209,101.294,101.986
238,520.099,39.54,40.05,49.52,102.35,102.16,39.434,39.72,49.446,101.416,101.987
238.5,518.189,39.53,40.1,49.74,102.5,102.12,39.431,39.774,49.689,101.546,101.976
239,516.265,39.52,40.13,50.02,102.63,102.12,39.432,39.817,49.956,101.692,101.979
239.5,514.327,39.55,40.17,50.24,102.76,102.12,39.432,39.856,50.191,101.842,101.967
240,512.377,39.52,40.18,50.49,102.8,102.1,39.434,39.891,50.464,101.99,101.971
240.5,510.414,39.54,40.22,50.81,102.89,102.11,39.436,39.922,50.724,102.122,101.963
241,508.439,39.54,40.21,51.05,102.98,102.09,39.434,39.941,50.98,102.256,101.957
241.5,506.45,39.55,40.22,51.29,103.04,102.07,39.44,39.963,51.256,102.378,101.947
242,504.449,39.52,40.22,51.58,103.11,102.05,39.437,39.976,51.547,102.499,101.946
242.5,502.435,39.56,40.22,51.93,103.18,102.03,39.449,39.979,51.854,102.604,101.934
243,500.409,39.54,40.17,52.14,103.22,102.04,39.444,39.973,52.123,102.696,101.927
243.5,498.371,39.56,40.16,52.46,103.22,102.04,39.451,39.963,52.425,102.776,101.917
244,496.321,39.56,40.13,52.81,103.23,102.03,39.453,39.944,52.724,102.847,101.911
244.5,494.258,39.56,40.11,53.05,103.24,102.02,39.459,39.925,53.047,102.911,101.904
245,492.184,39.57,40.05,53.39,103.24,102,39.467,39.899,53.382,102.979,101.897
245.5,490.098,39.57,40,53.78,103.23,101.99,39.471,39.867,53.704,103.017,101.891
246,488,39.58,39.95,54.08,103.14,101.97,39.474,39.82,54.016,103.046,101.885
246.5,485.89,39.57,39.9,54.4,103.06,101.95,39.475,39.779,54.341,103.049,101.873
247,483.769,39.58,39.8,54.73,102.99,101.94,39.485,39.724,54.656,103.046,101.862
247.5,481.637,39.6,39.76,55.12,102.95,101.91,39.494,39.679,55.032,103.035,101.851
248,479.493,39.6,39.71,55.5,102.92,101.9,39.499,39.626,55.376,102.998,101.833
248.5,477.339,39.59,39.63,55.81,102.84,101.92,39.501,39.564,55.7,102.961,101.824
249,475.173,39.6,39.57,56.15,102.73,101.9,39.504,39.505,56.047,102.905,101.806
249.5,472.997,39.61,39.53,56.53,102.63,101.91,39.509,39.445,56.399,102.841,101.796
250,470.81,39.62,39.42,56.84,102.51,101.92,39.52,39.384,56.781,102.783,101.789
250.5,468.612,39.62,39.38,57.14,102.44,101.92,39.524,39.323,57.116,102.709,101.785
251,466.404,39.62,39.3,57.74,102.32,101.9,39.526,39.257,57.5,102.626,101.77
251.5,464.185,39.63,39.27,58.1,102.2,101.89,39.531,39.201,57.906,102.541,101.757
252,461.956,39.61,39.18,58.4,102.06,101.89,39.527,39.138,58.264,102.441,101.756
252.5,459.718,39.63,39.12,58.89,101.94,101.89,39.54,39.084,58.728,102.329,101.745
253,457.469,39.63,39.07,59.24,101.83,101.91,39.536,39.034,59.129,102.204,101.737
253.5,455.211,39.63,39.04,59.66,101.74,101.92,39.546,38.986,59.539,102.084,101.728
254,452.943,39.61,39,60.08,101.67,101.92,39.538,38.939,59.974,101.963,101.725
254.5,450.665,39.62,38.96,60.45,101.58,101.93,39.545,38.899,60.398,101.851,101.727
255,448.378,39.62,38.93,60.92,101.45,101.95,39.547,38.866,60.83,101.731,101.732
255.5,446.082,39.64,38.92,61.27,101.38,101.95,39.55,38.841,61.256,101.62,101.741
256,443.777,39.63,38.93,61.81,101.33,101.99,39.543,38.816,61.706,101.511,101.748
256.5,441.463,39.62,38.91,62.2,101.27,101.95,39.547,38.791,62.13,101.419,101.753
257,439.14,39.65,38.92,62.73,101.24,102.02,39.544,38.777,62.607,101.333,101.76
257.5,436.809,39.63,38.92,63.27,101.2,102,39.549,38.769,63.1,101.265,101.771
258,434.469,39.62,38.94,63.63,101.19,102.01,39.541,38.766,63.539,101.193,101.775
258.5,432.121,39.64,38.96,64.15,101.15,102.04,39.544,38.774,64.039,101.126,101.783
259,429.765,39.64,38.97,64.58,101.13,102.05,39.543,38.781,64.511,101.063,101.799
259.5,427.401,39.65,39.02,65.08,101.13,102.04,39.546,38.802,64.994,101.009,101.805
260,425.029,39.62,39.03,65.55,101.16,102.05,39.546,38.824,65.515,100.983,101.822
260.5,422.649,39.65,39.1,66.23,101.2,102.06,39.551,38.856,66.018,100.961,101.834
261,420.262,39.63,39.13,66.73,101.23,102.06,39.54,38.883,66.539,100.935,101.837
261.5,417.868,39.62,39.19,67.25,101.28,102.06,39.539,38.931,67.069,100.934,101.854
262,415.466,39.64,39.27,67.81,101.34,102.05,39.541,38.977,67.621,100.94,101.861
262.5,413.058,39.64,39.31,68.36,101.38,102.08,39.542,39.029,68.191,100.966,101.876
263,410.642,39.64,39.37,68.95,101.48,102.08,39.54,39.074,68.763,101.004,101.876
263.5,408.22,39.64,39.45,69.45,101.56,102.08,39.54,39.134,69.336,101.051,101.879
264,405.792,39.63,39.53,70.06,101.63,102.07,39.538,39.199,69.942,101.099,101.886
264.5,403.357,39.62,39.59,70.65,101.68,102.08,39.532,39.256,70.516,101.143,101.886
265,400.916,39.64,39.64,71.28,101.77,102.07,39.541,39.321,71.16,101.207,101.891
265.5,398.469,39.65,39.74,71.92,101.87,102.07,39.545,39.389,71.725,101.271,101.889
266,396.016,39.63,39.78,72.52,101.96,102.06,39.534,39.445,72.351,101.352,101.891
266.5,393.558,39.63,39.86,73.19,102.08,102.04,39.538,39.516,72.97,101.434,101.888
267,391.094,39.65,39.92,73.81,102.18,102.05,39.535,39.581,73.596,101.524,101.893
267.5,388.625,39.64,39.97,74.47,102.26,102.03,39.544,39.651,74.268,101.614,101.897
268,386.151,39.66,40.03,75.15,102.34,102.05,39.536,39.714,74.914,101.699,101.896
268.5,383.672,39.65,40.09,75.76,102.39,102,39.54,39.769,75.55,101.788,101.884
269,381.189,39.66,40.17,76.43,102.5,102.02,39.537,39.829,76.24,101.886,101.884
269.5,378.701,39.64,40.18,77.15,102.56,102.01,39.539,39.872,76.934,101.968,101.878
270,376.208,39.63,40.22,77.84,102.62,102,39.543,39.924,77.656,102.055,101.88
270.5,373.712,39.65,40.26,78.59,102.67,102,39.55,39.97,78.355,102.124,101.871
271,371.211,39.65,40.27,79.36,102.74,101.97,39.541,39.997,79.088,102.189,101.863
271.5,368.707,39.65,40.31,80.13,102.77,101.96,39.55,40.031,79.828,102.249,101.858
272,366.199,39.66,40.29,80.87,102.84,101.95,39.544,40.049,80.593,102.314,101.841
272.5,363.688,39.65,40.32,81.7,102.87,101.93,39.553,40.08,81.411,102.389,101.845
273,361.174,39.64,40.29,82.44,102.89,101.9,39.553,40.095,82.209,102.443,101.831
273.5,358.657,39.66,40.31,83.29,102.91,101.9,39.559,40.108,83.017,102.498,101.823
274,356.137,39.67,40.29,84.15,102.9,101.88,39.561,40.104,83.846,102.536,101.811
274.5,353.614,39.69,40.26,84.94,102.88,101.87,39.566,40.099,84.674,102.565,101.805
275,351.089,39.66,40.24,85.83,102.86,101.86,39.569,40.091,85.553,102.594,101.794
275.5,348.562,39.67,40.24,86.68,102.83,101.85,39.574,40.078,86.405,102.6,101.773
276,346.033,39.67,40.17,87.56,102.78,101.85,39.571,40.046,87.284,102.606,101.761
276.5,343.502,39.62,40.1,88.37,102.72,101.82,39.533,39.976,88.139,102.579,101.737
277,340.97,39.69,40.1,89.34,102.75,101.83,39.575,39.987,89.064,102.571,101.732
277.5,338.436,39.66,40.04,90.28,102.66,101.83,39.578,39.949,89.984,102.551,101.716
278,335.902,39.67,39.98,91.24,102.61,101.83,39.58,39.897,90.915,102.527,101.703
278.5,333.366,39.68,39.92,92.19,102.54,101.82,39.579,39.849,91.851,102.502,101.694
279,330.829,39.66,39.85,93.16,102.48,101.81,39.582,39.796,92.822,102.471,101.682
279.5,328.292,39.69,39.82,94.14,102.41,101.84,39.584,39.749,93.801,102.424,101.674
280,325.755,39.68,39.75,95.2,102.31,101.81,39.59,39.693,94.837,102.369,101.669
280.5,323.218,39.68,39.69,96.2,102.19,101.83,39.588,39.638,95.816,102.302,101.661
281,320.68,39.67,39.62,97.21,102.08,101.83,39.586,39.57,96.878,102.228,101.652
281.5,318.144,39.67,39.57,98.34,102,101.82,39.594,39.519,97.929,102.161,101.647
282,315.607,39.67,39.5,99.45,101.91,101.86,39.589,39.448,99.041,102.081,101.651
282.5,313.072,39.68,39.46,100.57,101.86,101.86,39.599,39.398,100.181,102.016,101.653
283,310.537,39.68,39.39,101.74,101.81,101.88,39.594,39.332,101.306,101.934,101.65
283.5,308.004,39.69,39.34,102.93,101.73,101.88,39.6,39.269,102.458,101.862,101.655
284,305.472,39.7,39.28,104.14,101.64,101.88,39.596,39.214,103.644,101.795,101.657
284.5,302.941,39.7,39.25,105.28,101.53,101.89,39.6,39.162,104.822,101.729,101.664
285,300.413,39.68,39.2,106.57,101.48,101.91,39.606,39.113,106.08,101.673,101.68
285.5,297.886,39.71,39.15,107.8,101.44,101.92,39.614,39.077,107.303,101.601,101.688
286,295.362,39.69,39.14,108.98,101.35,101.91,39.605,39.028,108.581,101.528,101.696
286.5,292.841,39.7,39.13,110.26,101.28,101.94,39.611,38.999,109.827,101.456,101.705
287,290.322,39.71,39.1,111.59,101.23,101.94,39.607,38.966,111.175,101.379,101.721
287.5,287.806,39.73,39.12,112.95,101.21,101.96,39.622,38.951,112.529,101.327,101.736
288,285.293,39.72,39.1,114.29,101.22,101.95,39.616,38.921,113.869,101.269,101.738
288.5,282.784,39.72,39.08,115.63,101.21,101.93,39.621,38.91,115.22,101.229,101.751
289,280.278,39.73,39.1,117.06,101.23,101.97,39.62,38.899,116.648,101.191,101.756
289.5,277.776,39.71,39.11,118.47,101.23,101.98,39.621,38.9,118.077,101.163,101.76
290,275.278,39.72,39.11,120.05,101.24,101.97,39.623,38.905,119.576,101.152,101.769
290.5,272.785,39.72,39.14,121.44,101.24,101.97,39.631,38.916,121.032,101.145,101.768
291,270.296,39.74,39.17,123.01,101.24,102,39.627,38.924,122.605,101.144,101.781
291.5,267.812,39.76,39.2,124.63,101.27,102,39.634,38.949,124.118,101.139,101.786
292,265.333,39.73,39.23,126.26,101.3,101.97,39.626,38.969,125.669,101.134,101.793
292.5,262.859,39.74,39.29,127.82,101.33,101.98,39.636,39.011,127.261,101.138,101.801
293,260.39,39.75,39.33,129.54,101.39,101.98,39.634,39.039,128.904,101.137,101.801
293.5,257.928,39.75,39.38,131.26,101.46,101.95,39.638,39.083,130.537,101.161,101.805
294,255.471,39.74,39.42,133.08,101.56,101.96,39.634,39.123,132.222,101.191,101.808
294.5,253.02,39.76,39.5,134.81,101.65,101.95,39.64,39.176,133.909,101.231,101.805
295,250.575,39.76,39.52,136.74,101.74,101.96,39.647,39.229,135.694,101.283,101.808
295.5,248.137,39.76,39.59,138.54,101.79,101.95,39.651,39.289,137.474,101.322,101.801
296,245.706,39.75,39.64,140.32,101.86,101.95,39.644,39.334,139.207,101.365,101.799
296.5,243.282,39.77,39.71,142.25,101.93,101.95,39.649,39.396,141.029,101.414,101.796
297,240.866,39.75,39.74,144.35,101.99,101.93,39.646,39.444,143.04,101.471,101.798
297.5,238.456,39.76,39.82,146.46,102.08,101.94,39.651,39.511,144.89,101.521,101.799
298,236.055,39.76,39.87,148.47,102.19,101.92,39.648,39.564,146.856,101.573,101.797
298.5,233.661,39.77,39.94,150.29,102.27,101.89,39.654,39.626,148.879,101.63,101.791
299,231.276,39.75,39.97,152.56,102.38,101.86,39.647,39.679,150.925,101.691,101.781
299.5,228.899,39.76,40.01,154.98,102.45,101.85,39.654,39.734,153.184,101.757,101.779
300,226.53,39.75,40.06,157.06,102.51,101.85,39.656,39.788,155.176,101.831,101.774
300.5,224.171,39.75,40.11,159.4,102.57,101.85,39.66,39.841,157.56,101.899,101.766
301,221.82,39.74,40.14,161.76,102.65,101.82,39.652,39.877,159.758,101.977,101.746
301.5,219.479,39.77,40.19,163.78,102.68,101.82,39.663,39.927,161.93,102.036,101.738
302,217.147,39.75,40.2,166.49,102.68,101.8,39.654,39.956,164.483,102.092,101.726
302.5,214.826,39.75,40.23,168.81,102.71,101.79,39.662,39.992,166.751,102.146,101.706
303,212.514,39.75,40.25,171.43,102.73,101.78,39.653,40.015,169.256,102.182,101.696
303.5,210.212,39.74,40.24,173.73,102.74,101.75,39.654,40.043,171.629,102.217,101.674
304,207.921,39.74,40.26,176.72,102.79,101.76,39.655,40.058,174.401,102.261,101.668
304.5,205.64,39.73,40.27,179.34,102.82,101.75,39.659,40.079,176.964,102.287,101.654
305,203.371,39.72,40.26,181.95,102.81,101.74,39.65,40.079,179.611,102.319,101.64
305.5,201.112,39.73,40.26,184.93,102.76,101.73,39.656,40.093,182.331,102.335,101.629
306,198.865,39.72,40.26,187.77,102.74,101.74,39.649,40.086,185.402,102.365,101.616
306.5,196.629,39.73,40.25,190.74,102.7,101.73,39.652,40.079,187.868,102.384,101.607
307,194.406,39.74,40.2,193.92,102.64,101.74,39.648,40.069,191.193,102.386,101.597
307.5,192.194,39.73,40.22,196.57,102.54,101.74,39.656,40.058,193.908,102.384,101.592
308,189.994,39.72,40.15,200.04,102.49,101.74,39.643,40.026,197.136,102.369,101.579
308.5,187.807,39.74,40.13,202.98,102.41,101.77,39.654,40.006,200.256,102.344,101.573
309,185.632,39.73,40.08,206.24,102.34,101.75,39.645,39.971,203.182,102.32,101.566
309.5,183.471,39.73,40.05,209.87,102.28,101.78,39.649,39.949,206.911,102.289,101.569
310,181.322,39.73,40,212.9,102.22,101.77,39.646,39.896,209.7,102.258,101.57
310.5,179.187,39.74,39.97,216.48,102.13,101.77,39.651,39.861,213.449,102.22,101.57
311,177.065,39.73,39.92,220.26,102.06,101.78,39.647,39.804,216.924,102.169,101.574
311.5,174.958,39.75,39.86,223.81,101.95,101.79,39.651,39.771,220.476,102.123,101.578
312,172.864,39.74,39.81,227.66,101.81,101.76,39.651,39.717,224.125,102.064,101.591
312.5,170.784,39.76,39.77,231.47,101.7,101.8,39.659,39.679,227.82,102.001,101.596
313,168.718,39.76,39.75,234.98,101.61,101.8,39.654,39.622,231.394,101.936,101.601
313.5,166.668,39.76,39.7,238.94,101.53,101.82,39.663,39.583,235.26,101.866,101.609
314,164.632,39.77,39.67,243.19,101.44,101.82,39.659,39.528,239.515,101.781,101.616
314.5,162.611,39.79,39.62,247.28,101.36,101.84,39.673,39.486,243.201,101.711,101.624
315,160.605,39.75,39.57,251.12,101.3,101.83,39.667,39.437,247.603,101.636,101.626
315.5,158.615,39.78,39.52,255.47,101.27,101.86,39.676,39.398,251.508,101.569,101.637
316,156.64,39.79,39.48,259.87,101.24,101.85,39.674,39.347,255.84,101.506,101.643
316.5,154.681,39.81,39.46,264.17,101.2,101.84,39.689,39.321,260.34,101.448,101.648
317,152.738,39.8,39.43,269.03,101.15,101.85,39.679,39.276,264.654,101.385,101.656
317.5,150.812,39.8,39.4,273.73,101.07,101.84,39.693,39.259,269.298,101.329,101.664
318,148.901,39.81,39.39,278.18,101.03,101.87,39.69,39.216,273.727,101.283,101.669
318.5,147.008,39.95,39.5,283.94,101.12,101.99,39.804,39.297,279.377,101.334,101.78
319,145.131,39.81,39.35,288.43,101,101.87,39.702,39.167,283.777,101.179,101.672
319.5,143.272,39.83,39.34,293.02,101.03,101.88,39.712,39.156,287.975,101.136,101.679
320,141.429,39.82,39.33,298.3,101.05,101.9,39.709,39.142,293.673,101.091,101.69
320.5,139.604,39.83,39.33,304.1,101.06,101.87,39.721,39.136,298.805,101.049,101.686
321,137.797,39.82,39.32,309.37,101.09,101.87,39.714,39.123,303.889,101.024,101.69
321.5,136.007,39.85,39.35,314.58,101.15,101.87,39.727,39.128,309.304,100.996,101.689
322,134.236,39.82,39.31,320.66,101.22,101.87,39.72,39.12,315.037,101.0,101.693
322.5,132.482,39.85,39.33,326.09,101.27,101.88,39.737,39.139,320.523,101.001,101.697
323,130.747,39.87,39.38,331.74,101.34,101.85,39.731,39.144,326.088,101.009,101.696
323.5,129.031,39.85,39.38,337.9,101.41,101.86,39.739,39.163,332.064,101.013,101.697
324,127.333,39.83,39.41,344.19,101.46,101.87,39.734,39.176,337.821,101.028,101.699
324.5,125.654,39.84,39.43,349.84,101.56,101.84,39.739,39.206,343.893,101.059,101.701
325,123.994,39.84,39.48,356.45,101.69,101.85,39.741,39.233,350.22,101.094,101.703
325.5,122.354,39.88,39.51,362.7,101.79,101.82,39.751,39.26,356.101,101.126,101.696
326,120.733,39.84,39.52,369.11,101.92,101.82,39.741,39.289,362.792,101.181,101.699
326.5,119.131,39.85,39.55,375.71,101.98,101.8,39.749,39.333,368.867,101.226,101.695
327,117.549,39.86,39.6,382.7,102.09,101.8,39.744,39.36,375.649,101.297,101.681
327.5,115.988,39.86,39.65,389.05,102.18,101.78,39.756,39.41,382.328,101.37,101.679
328,114.446,39.84,39.69,396.33,102.27,101.77,39.749,39.438,389.265,101.437,101.667
328.5,112.925,39.85,39.72,403.19,102.36,101.77,39.758,39.486,395.9,101.524,101.659
329,111.424,39.85,39.76,410.57,102.42,101.75,39.747,39.522,403.301,101.596,101.646
329.5,109.943,39.83,39.82,418.12,102.48,101.73,39.755,39.576,410.424,101.664,101.635
330,108.484,39.85,39.86,425.45,102.54,101.74,39.752,39.611,417.544,101.744,101.629
330.5,107.045,39.84,39.91,432.8,102.61,101.72,39.754,39.663,425.051,101.799,101.613
331,105.627,39.83,39.95,440.6,102.69,101.7,39.748,39.694,432.521,101.875,101.603
331.5,104.231,39.83,39.99,447.87,102.75,101.68,39.747,39.741,439.753,101.942,101.595
332,102.856,39.82,40.04,456,102.8,101.71,39.738,39.776,447.846,102.017,101.579
332.5,101.502,39.84,40.07,463.72,102.81,101.7,39.744,39.821,455.206,102.081,101.577
333,100.17,39.82,40.1,472.31,102.82,101.71,39.734,39.846,463.674,102.144,101.558
333.5,98.86,39.83,40.12,480.09,102.82,101.68,39.737,39.886,471.123,102.204,101.546
334,97.572,39.8,40.13,488.68,102.8,101.7,39.724,39.906,479.554,102.272,101.541
334.5,96.306,39.82,40.18,496.65,102.78,101.69,39.734,39.947,487.648,102.317,101.534
335,95.062,39.81,40.22,505.04,102.74,101.68,39.722,39.969,495.911,102.366,101.521
335.5,93.841,39.81,40.22,513.26,102.69,101.69,39.726,39.998,504.007,102.384,101.52
336,92.642,39.8,40.23,522.04,102.63,101.67,39.714,40.004,512.475,102.391,101.514
336.5,91.466,39.81,40.26,530.46,102.55,101.69,39.721,40.033,520.752,102.394,101.51
337,90.312,39.8,40.25,539.37,102.49,101.69,39.714,40.031,529.354,102.404,101.51
337.5,89.182,39.8,40.26,547.49,102.42,101.71,39.717,40.05,537.57,102.401,101.517
338,88.074,39.8,40.25,556.45,102.34,101.71,39.71,40.041,546.282,102.39,101.516
338.5,86.989,39.8,40.28,564.94,102.24,101.71,39.717,40.053,554.519,102.359,101.519
339,85.928,39.81,40.26,573.73,102.11,101.71,39.709,40.04,563.221,102.325,101.518
339.5,84.89,39.81,40.24,582.21,101.97,101.71,39.713,40.039,571.593,102.273,101.525
340,83.876,39.81,40.22,591.23,101.89,101.7,39.712,40.025,580.321,102.234,101.532
340.5,82.885,39.81,40.21,599.38,101.81,101.72,39.716,40.014,588.64,102.171,101.531
341,81.918,39.81,40.18,608.34,101.7,101.71,39.711,39.996,597.121,102.101,101.533
341.5,80.974,39.83,40.17,616.47,101.61,101.72,39.719,39.986,605.346,102.03,101.533
342,80.055,39.66,39.98,624.13,101.32,101.56,39.584,39.821,613.086,101.796,101.395
342.5,79.159,39.84,40.13,633.63,101.39,101.75,39.726,39.94,621.983,101.86,101.544
343,78.288,39.82,40.08,642.33,101.32,101.73,39.714,39.9,630.339,101.776,101.542
343.5,77.44,39.84,40.05,650.71,101.26,101.72,39.729,39.879,638.516,101.704,101.553
344,76.617,39.83,40.01,659.62,101.18,101.72,39.726,39.838,647.089,101.624,101.555
344.5,75.819,39.84,39.98,668.01,101.09,101.74,39.735,39.82,655.203,101.543,101.559
345,75.045,39.84,39.93,676.97,100.99,101.75,39.734,39.773,663.742,101.457,101.564
345.5,74.295,39.87,39.9,685.37,100.91,101.75,39.743,39.749,671.874,101.376,101.564
346,73.57,39.86,39.85,693.86,100.88,101.77,39.746,39.705,680.261,101.306,101.566
346.5,72.87,39.86,39.84,701.73,100.85,101.75,39.752,39.678,688.173,101.226,101.567
347,72.195,39.88,39.77,709.84,100.82,101.77,39.754,39.634,696.13,101.139,101.566
347.5,71.544,39.9,39.76,717.44,100.82,101.77,39.767,39.613,703.594,101.071,101.573
348,70.919,39.88,39.7,725.13,100.82,101.76,39.763,39.569,711.053,100.986,101.576
348.5,70.318,39.89,39.66,732.21,100.84,101.78,39.779,39.542,718.099,100.919,101.583
349,69.742,39.9,39.65,739.26,100.85,101.77,39.772,39.506,725.235,100.865,101.587
349.5,69.192,39.91,39.62,746.18,100.9,101.78,39.782,39.481,731.828,100.823,101.588
350,68.667,39.91,39.58,752.83,100.98,101.77,39.787,39.451,738.396,100.803,101.596
350.5,68.167,39.92,39.57,759.03,101.04,101.79,39.798,39.429,744.382,100.779,101.597
351,67.692,39.92,39.54,765.07,101.09,101.77,39.794,39.391,750.375,100.761,101.602
351.5,67.243,39.92,39.5,770.57,101.16,101.78,39.806,39.375,755.876,100.763,101.602
352,66.819,39.92,39.48,776.18,101.24,101.75,39.801,39.35,761.258,100.769,101.603
352.5,66.42,39.92,39.47,781.26,101.37,101.75,39.815,39.344,766.103,100.798,101.606
353,66.047,39.92,39.48,785.98,101.48,101.75,39.806,39.316,770.748,100.819,101.603
353.5,65.7,39.93,39.44,790.06,101.58,101.75,39.821,39.317,774.914,100.856,101.601
354,65.378,39.93,39.45,794.16,101.69,101.73,39.814,39.297,778.94,100.909,101.596
354.5,65.082,39.94,39.45,797.71,101.79,101.75,39.826,39.305,782.373,100.964,101.597
355,64.811,39.94,39.44,800.94,101.91,101.72,39.828,39.299,785.579,101.037,101.593
355.5,64.567,39.93,39.47,803.66,102,101.69,39.831,39.304,788.246,101.105,101.585
356,64.347,39.92,39.47,806.04,102.12,101.71,39.827,39.304,790.679,101.188,101.58
356.5,64.154,39.93,39.49,808.09,102.2,101.68,39.834,39.316,792.551,101.264,101.575
357,63.986,39.92,39.5,809.85,102.27,101.69,39.826,39.319,794.191,101.346,101.569
357.5,63.844,39.92,39.52,810.88,102.34,101.67,39.834,39.342,795.304,101.427,101.562
358,63.728,39.91,39.54,811.53,102.43,101.67,39.829,39.351,796.01,101.506,101.549
358.5,63.638,39.91,39.57,811.79,102.52,101.64,39.834,39.384,796.309,101.591,101.538
359,63.573,39.93,39.6,811.71,102.61,101.66,39.822,39.39,796.169,101.676,101.524
359.5,63.535,39.92,39.64,811.09,102.68,101.64,39.831,39.426,795.599,101.76,101.512
360,63.522,39.89,39.68,810.03,102.74,101.67,39.826,39.458,794.611,101.857,101.51
360.5,63.535,39.93,39.75,808.56,102.77,101.66,39.823,39.494,793.159,101.946,101.496
361,63.573,39.91,39.75,806.58,102.77,101.64,39.817,39.519,791.259,102.034,101.488
361.5,63.638,39.9,39.8,804.3,102.78,101.63,39.819,39.569,788.971,102.118,101.486
362,63.728,39.88,39.84,801.3,102.78,101.6,39.804,39.589,786.171,102.198,101.478
362.5,63.844,39.91,39.91,798.26,102.76,101.62,39.821,39.639,783.201,102.269,101.481
363,63.986,39.89,39.94,794.5,102.71,101.65,39.804,39.663,779.443,102.311,101.48
363.5,64.154,39.91,39.98,790.77,102.64,101.62,39.809,39.706,775.635,102.35,101.474
364,64.347,39.87,40.01,786.25,102.6,101.62,39.8,39.735,771.27,102.377,101.469
364.5,64.567,39.89,40.05,781.51,102.56,101.62,39.806,39.78,766.704,102.4,101.468
365,64.811,39.9,40.09,776.17,102.5,101.64,39.801,39.808,761.574,102.408,101.466
365.5,65.082,39.89,40.12,770.8,102.42,101.62,39.8,39.847,756.303,102.408,101.462
366,65.378,39.89,40.16,765.06,102.32,101.61,39.789,39.874,750.536,102.396,101.46
366.5,65.7,39.89,40.21,759.01,102.21,101.61,39.803,39.918,744.684,102.379,101.461
367,66.047,39.88,40.23,752.32,102.12,101.61,39.788,39.944,738.264,102.351,101.461
367.5,66.42,39.89,40.26,745.87,102.01,101.62,39.787,39.968,731.866,102.319,101.468
368,66.819,39.89,40.27,738.71,101.9,101.61,39.785,39.994,724.849,102.258,101.461
368.5,67.243,39.89,40.31,731.67,101.78,101.61,39.794,40.032,717.884,102.196,101.463
369,67.692,39.87,40.33,723.96,101.69,101.59,39.783,40.046,710.389,102.128,101.461
369.5,68.167,39.91,40.36,716.32,101.57,101.62,39.797,40.076,703.001,102.046,101.462
370,68.667,39.9,40.37,708.31,101.47,101.63,39.792,40.088,695.091,101.963,101.458
370.5,69.192,39.91,40.35,700.47,101.38,101.61,39.803,40.101,687.324,101.88,101.46
371,69.742,39.91,40.35,691.83,101.29,101.63,39.794,40.105,678.994,101.794,101.46
371.5,70.318,39.92,40.37,683.63,101.19,101.62,39.807,40.121,670.921,101.711,101.46
372,70.919,39.9,40.35,674.73,101.11,101.63,39.795,40.115,662.289,101.622,101.459
372.5,71.544,39.92,40.37,666.21,101.02,101.64,39.814,40.121,653.953,101.545,101.463
373,72.195,39.93,40.33,657.29,100.91,101.65,39.806,40.101,645.046,101.439,101.464
373.5,72.87,39.94,40.34,648.5,100.85,101.64,39.819,40.11,636.481,101.353,101.46
374,73.57,39.92,40.28,639.15,100.79,101.66,39.809,40.088,627.414,101.255,101.462
374.5,74.295,39.95,40.27,630.33,100.77,101.65,39.826,40.082,618.731,101.159,101.462
375,75.045,39.93,40.24,620.98,100.74,101.65,39.822,40.056,609.592,101.06,101.465
375.5,75.819,39.97,40.23,612.12,100.74,101.68,39.834,40.044,600.789,100.971,101.479
376,76.617,39.95,40.16,602.66,100.73,101.65,39.829,40.001,591.567,100.887,101.473
376.5,77.44,39.97,40.14,593.59,100.78,101.68,39.841,39.99,582.737,100.824,101.476
377,78.288,39.94,40.09,584.12,100.79,101.65,39.836,39.951,573.537,100.757,101.477
377.5,79.159,39.97,40.04,575.22,100.82,101.69,39.854,39.929,564.762,100.721,101.489
378,80.055,39.96,39.99,565.82,100.87,101.68,39.846,39.885,555.503,100.682,101.48
378.5,80.974,39.97,39.96,556.77,100.91,101.67,39.86,39.86,546.736,100.659,101.489
379,81.918,39.96,39.92,547.4,100.98,101.66,39.855,39.813,537.61,100.646,101.491
379.5,82.885,39.97,39.9,538.54,101.04,101.67,39.867,39.786,528.922,100.637,101.49
380,83.876,39.97,39.85,529.35,101.14,101.67,39.865,39.745,519.923,100.644,101.496
380.5,84.89,40,39.83,520.64,101.23,101.64,39.877,39.714,511.344,100.659,101.495
381,85.928,39.97,39.77,511.47,101.35,101.65,39.869,39.673,502.429,100.683,101.497
381.5,86.989,39.99,39.72,502.79,101.44,101.64,39.884,39.639,493.999,100.712,101.49
382,88.074,39.98,39.68,493.89,101.55,101.63,39.876,39.594,485.334,100.764,101.494
382.5,89.182,40,39.64,485.62,101.66,101.63,39.893,39.567,477.157,100.824,101.494
383,90.312,39.97,39.6,476.93,101.73,101.62,39.885,39.523,468.667,100.884,101.484
383.5,91.466,40,39.59,468.78,101.84,101.64,39.892,39.501,460.662,100.959,101.479
384,92.642,39.98,39.54,460.31,101.92,101.62,39.886,39.464,452.405,101.04,101.476
384.5,93.841,40,39.54,452.43,102.02,101.63,39.901,39.449,444.664,101.12,101.471
385,95.062,39.98,39.51,444.16,102.1,101.59,39.891,39.421,436.644,101.204,101.465
385.5,96.306,40,39.53,436.58,102.21,101.6,39.899,39.412,429.079,101.288,101.46
386,97.572,39.98,39.5,428.59,102.32,101.59,39.884,39.384,421.286,101.377,101.446
386.5,98.86,39.99,39.48,421.04,102.39,101.59,39.896,39.373,413.951,101.465,101.447
387,100.17,39.98,39.51,413.37,102.48,101.6,39.881,39.356,406.355,101.558,101.441
387.5,101.502,39.98,39.51,406.12,102.55,101.58,39.894,39.366,399.266,101.66,101.438
388,102.856,39.96,39.53,398.68,102.6,101.58,39.881,39.354,391.998,101.751,101.428
388.5,104.231,39.98,39.52,391.62,102.61,101.57,39.89,39.359,385.021,101.841,101.427
389,105.627,39.97,39.53,384.37,102.59,101.58,39.879,39.358,377.944,101.93,101.426
389.5,107.045,39.98,39.57,377.52,102.59,101.56,39.886,39.378,371.262,102.011,101.416
390,108.484,39.96,39.58,370.6,102.63,101.57,39.883,39.389,364.488,102.089,101.419
390.5,109.943,39.98,39.62,364.11,102.6,101.57,39.881,39.409,358.038,102.139,101.409
391,111.424,39.97,39.69,357.35,102.56,101.55,39.872,39.427,351.365,102.195,101.412
391.5,112.925,39.98,39.7,350.95,102.53,101.55,39.884,39.455,345.016,102.234,101.41
392,114.446,39.96,39.71,344.31,102.5,101.54,39.875,39.474,338.531,102.265,101.404
392.5,115.988,39.97,39.78,338.18,102.45,101.55,39.877,39.511,332.44,102.288,101.404
393,117.549,39.97,39.83,331.82,102.39,101.54,39.868,39.534,326.058,102.294,101.402
393.5,119.131,39.97,39.86,325.7,102.31,101.52,39.875,39.578,320.119,102.3,101.402
394,120.733,39.98,39.92,319.37,102.27,101.53,39.873,39.612,313.972,102.296,101.4
394.5,122.354,39.98,39.98,313.61,102.14,101.52,39.873,39.659,308.259,102.274,101.399
395,123.994,39.98,40.02,307.55,102.03,101.53,39.877,39.696,302.463,102.259,101.399
395.5,125.654,39.98,40.07,302.05,101.93,101.52,39.879,39.738,296.917,102.211,101.394
396,127.333,39.99,40.09,296.42,101.86,101.52,39.874,39.773,291.539,102.171,101.385
396.5,129.031,39.99,40.15,290.96,101.79,101.52,39.876,39.83,286.201,102.116,101.385
397,130.747,39.97,40.18,285.64,101.68,101.51,39.872,39.861,280.924,102.048,101.374
397.5,132.482,39.99,40.24,280.67,101.58,101.53,39.883,39.917,276.009,101.984,101.378
398,134.236,39.97,40.26,275.09,101.47,101.5,39.873,39.944,270.63,101.908,101.368
398.5,136.007,40,40.3,270.52,101.37,101.51,39.887,39.997,266.064,101.831,101.366
399,137.797,39.99,40.33,265.42,101.27,101.52,39.879,40.022,261.079,101.744,101.363
399.5,139.604,39.99,40.37,260.71,101.19,101.5,39.891,40.068,256.559,101.657,101.358
400,141.429,39.99,40.42,255.98,101.11,101.54,39.881,40.096,251.713,101.566,101.361
400.5,143.272,40.02,40.41,251.54,101.02,101.54,39.89,40.126,247.452,101.477,101.359
401,145.131,40,40.43,247.18,100.93,101.53,39.885,40.145,243.193,101.381,101.356
401.5,147.008,40,40.46,242.53,100.85,101.55,39.894,40.175,238.725,101.283,101.359
402,148.901,40,40.45,238.32,100.82,101.54,39.889,40.183,234.583,101.178,101.358
402.5,150.812,40.03,40.45,234.65,100.84,101.57,39.902,40.21,230.827,101.094,101.36
403,152.738,40,40.46,230,100.79,101.56,39.891,40.217,226.454,101.003,101.359
403.5,154.681,40.02,40.46,226.37,100.77,101.55,39.905,40.233,222.661,100.92,101.361
404,156.64,40,40.45,222.25,100.77,101.56,39.901,40.231,218.807,100.858,101.369
404.5,158.615,40.02,40.43,218.15,100.76,101.56,39.908,40.23,215.013,100.801,101.367
405,160.605,40.02,40.41,214.74,100.81,101.56,39.909,40.224,211.339,100.741,101.376
405.5,162.611,40.02,40.39,211.12,100.82,101.57,39.914,40.218,207.664,100.706,101.379
406,164.632,40.01,40.35,207.09,100.87,101.55,39.912,40.195,204.013,100.672,101.383
406.5,166.668,40.04,40.31,203.86,100.91,101.59,39.922,40.183,200.819,100.649,101.386
407,168.718,40.02,40.3,200.47,100.95,101.57,39.914,40.154,197.196,100.634,101.388
407.5,170.784,40.02,40.26,197.07,101,101.59,39.921,40.137,194.131,100.623,101.395
408,172.864,40.03,40.21,193.56,101.11,101.57,39.919,40.1,190.764,100.623,101.396
408.5,174.958,40.03,40.19,190.52,101.19,101.57,39.928,40.076,187.766,100.641,101.394
409,177.065,40.04,40.13,187.59,101.26,101.57,39.925,40.042,184.726,100.664,101.396
409.5,179.187,40.05,40.11,184.75,101.34,101.57,39.936,40.011,181.709,100.699,101.396
410,181.322,40.05,40.04,181.17,101.41,101.58,39.934,39.97,178.523,100.751,101.397
410.5,183.471,40.05,40.02,179.04,101.49,101.58,39.937,39.936,175.893,100.789,101.395
411,185.632,40.01,39.95,175.63,101.59,101.56,39.93,39.888,172.852,100.856,101.394
411.5,187.807,40.02,39.92,172.82,101.68,101.57,39.936,39.854,170.136,100.91,101.394
412,189.994,40.03,39.91,169.54,101.8,101.54,39.935,39.812,167.401,100.99,101.385
412.5,192.194,40.03,39.85,167.7,101.87,101.55,39.942,39.777,164.946,101.058,101.389
413,194.406,40.04,39.8,164.5,101.94,101.55,39.931,39.728,162.252,101.129,101.381
413.5,196.629,40.03,39.77,162.06,102.03,101.55,39.936,39.692,159.571,101.206,101.381
414,198.865,40.01,39.73,159.94,102.08,101.53,39.929,39.649,157.239,101.286,101.378
414.5,201.112,40.03,39.7,157,102.18,101.55,39.939,39.626,154.792,101.364,101.371
415,203.371,40.02,39.69,154.48,102.25,101.54,39.931,39.593,152.511,101.455,101.374
415.5,205.64,40.03,39.64,152.95,102.25,101.54,39.936,39.557,150.384,101.521,101.365
416,207.921,40.04,39.63,150.1,102.28,101.52,39.932,39.53,147.83,101.62,101.369
416.5,210.212,40.05,39.63,147.92,102.32,101.53,39.939,39.511,145.644,101.697,101.371
417,212.514,40.03,39.63,146,102.35,101.51,39.93,39.486,143.481,101.77,101.364
417.5,214.826,40.03,39.6,143.3,102.37,101.5,39.935,39.472,141.351,101.843,101.36
418,217.147,40.05,39.62,141.16,102.38,101.5,39.93,39.449,139.298,101.896,101.359
418.5,219.479,40.03,39.61,139.33,102.35,101.48,39.933,39.448,137.314,101.954,101.359
419,221.82,40.02,39.59,137.11,102.35,101.5,39.926,39.433,135.086,102.0,101.356
419.5,224.171,40.04,39.63,135.21,102.33,101.47,39.936,39.437,133.377,102.024,101.352
420,226.53,40.05,39.64,133.1,102.29,101.48,39.934,39.439,131.355,102.064,101.351
420.5,228.899,40.05,39.66,131.37,102.26,101.45,39.938,39.443,129.506,102.075,101.347
421,231.276,40.03,39.68,129.32,102.22,101.44,39.936,39.447,127.887,102.093,101.339
421.5,233.661,40.05,39.71,128.1,102.16,101.45,39.941,39.469,125.947,102.098,101.339
422,236.055,40.04,39.73,126.33,102.09,101.43,39.936,39.481,124.339,102.084,101.329
422.5,238.456,40.06,39.77,123.9,102.03,101.4,39.948,39.511,122.451,102.072,101.326
423,240.866,40.06,39.8,122.87,101.98,101.43,39.943,39.53,120.801,102.061,101.314
423.5,243.282,40.06,39.83,120.78,101.9,101.42,39.946,39.564,119.231,102.024,101.309
424,245.706,40.04,39.87,119.12,101.84,101.43,39.94,39.587,117.462,101.987,101.301
424.5,248.137,40.07,39.92,117.74,101.76,101.42,39.954,39.628,116.004,101.949,101.296
425,250.575,40.06,39.96,115.85,101.65,101.41,39.951,39.659,114.333,101.89,101.291
425.5,253.02,40.09,40,114.39,101.58,101.44,39.959,39.698,112.741,101.833,101.284
426,255.471,40.06,40.03,113.05,101.46,101.41,39.951,39.731,111.447,101.77,101.277
426.5,257.928,40.07,40.09,111.26,101.41,101.41,39.958,39.774,109.769,101.703,101.269
427,260.39,40.07,40.11,110.04,101.32,101.42,39.952,39.81,108.404,101.623,101.27
427.5,262.859,40.08,40.17,108.66,101.24,101.43,39.96,39.859,107.175,101.559,101.271
428,265.333,40.06,40.19,107.19,101.19,101.42,39.957,39.889,105.734,101.469,101.262
428.5,267.812,40.08,40.24,106.08,101.1,101.45,39.966,39.941,104.29,101.394,101.26
429,270.296,40.06,40.29,104.63,101.05,101.45,39.958,39.969,103.088,101.326,101.261
429.5,272.785,40.08,40.33,102.94,101,101.45,39.971,40.016,101.741,101.246,101.256
430,275.278,40.09,40.35,101.74,100.98,101.45,39.97,40.052,100.404,101.175,101.256
430.5,277.776,40.08,40.36,100.45,100.95,101.46,39.971,40.079,99.287,101.101,101.262
431,280.278,40.08,40.38,99.19,100.92,101.46,39.969,40.108,97.999,101.028,101.266
431.5,282.784,40.09,40.42,98.1,100.9,101.46,39.976,40.142,96.841,100.97,101.271
432,285.293,40.07,40.41,96.94,100.88,101.47,39.969,40.163,95.752,100.911,101.272
432.5,287.806,40.08,40.45,95.75,100.89,101.46,39.979,40.195,94.552,100.864,101.28
433,290.322,40.07,40.43,94.66,100.88,101.46,39.974,40.206,93.506,100.811,101.283
433.5,292.841,40.08,40.45,93.59,100.92,101.48,39.984,40.229,92.463,100.785,101.293
434,295.362,40.07,40.43,92.34,100.91,101.5,39.979,40.238,91.289,100.753,101.29
434.5,297.886,40.08,40.45,91.43,100.93,101.51,39.981,40.249,90.326,100.727,101.291
435,300.413,40.07,40.42,90.45,100.95,101.48,39.982,40.249,89.349,100.718,101.299
435.5,302.941,40.09,40.45,89.32,101.01,101.5,39.987,40.256,88.271,100.707,101.298
436,305.472,40.08,40.41,88.34,101.06,101.49,39.979,40.243,87.26,100.71,101.298
436.5,308.004,40.08,40.41,87.33,101.12,101.49,39.988,40.251,86.301,100.715,101.299
437,310.537,40.08,40.39,86.31,101.18,101.49,39.983,40.23,85.317,100.724,101.296
437.5,313.072,40.08,40.37,85.47,101.2,101.47,39.986,40.223,84.389,100.744,101.305
438,315.607,40.05,40.33,84.46,101.29,101.48,39.982,40.201,83.505,100.78,101.309
438.5,318.144,40.08,40.33,83.51,101.36,101.5,39.981,40.183,82.628,100.814,101.301
439,320.68,40.06,40.27,82.65,101.43,101.5,39.976,40.156,81.681,100.85,101.306
439.5,323.218,40.07,40.25,81.79,101.49,101.48,39.986,40.137,80.879,100.901,101.308
440,325.755,40.07,40.23,80.8,101.54,101.48,39.981,40.108,80.013,100.956,101.309
440.5,328.292,40.08,40.19,80.22,101.59,101.48,39.981,40.082,79.192,101.001,101.306
441,330.829,40.08,40.15,79.21,101.66,101.49,39.978,40.05,78.308,101.064,101.301
441.5,333.366,40.07,40.14,78.26,101.73,101.46,39.983,40.024,77.589,101.126,101.306
442,335.902,40.06,40.11,77.64,101.81,101.5,39.971,39.986,76.781,101.189,101.301
442.5,338.436,40.08,40.07,76.77,101.85,101.47,39.981,39.961,76.034,101.254,101.305
443,340.97,40.08,40.04,75.91,101.91,101.47,39.975,39.919,75.222,101.309,101.302
443.5,343.502,40.08,39.99,75.21,101.95,101.44,39.979,39.887,74.459,101.369,101.3
444,346.033,40.07,39.96,74.36,101.96,101.44,39.977,39.846,73.724,101.429,101.3
444.5,348.562,40.08,39.93,73.49,102.02,101.43,39.98,39.822,73.007,101.491,101.301
445,351.089,40.08,39.9,72.88,102.05,101.4,39.979,39.783,72.336,101.549,101.295
445.5,353.614,40.1,39.89,72.28,102.07,101.43,39.986,39.76,71.693,101.602,101.3
446,356.137,40.08,39.86,71.53,102.08,101.4,39.977,39.725,70.977,101.647,101.295
446.5,358.657,40.09,39.83,70.97,102.07,101.4,39.98,39.701,70.307,101.684,101.295
447,361.174,40.11,39.82,70.25,102.09,101.38,39.982,39.676,69.639,101.719,101.281
447.5,363.688,40.12,39.82,69.66,102.09,101.39,39.991,39.661,69.024,101.756,101.285
448,366.199,40.11,39.78,68.92,102.08,101.37,39.986,39.633,68.325,101.776,101.276
448.5,368.707,40.12,39.77,68.26,102.08,101.35,39.992,39.624,67.692,101.796,101.265
449,371.211,40.13,39.78,67.62,102.08,101.36,39.994,39.606,67.034,101.813,101.255
449.5,373.712,40.11,39.77,66.99,102.03,101.34,40.001,39.599,66.418,101.821,101.254
450,376.208,40.11,39.76,66.34,101.96,101.32,40.005,39.587,65.811,101.822,101.244
450.5,378.701,40.14,39.78,65.73,101.94,101.32,40.007,39.589,65.172,101.819,101.232
451,381.189,40.14,39.78,65.12,101.92,101.32,40.008,39.584,64.602,101.813,101.227
451.5,383.672,40.13,39.78,64.54,101.86,101.33,40.011,39.587,64.031,101.797,101.22
452,386.151,40.12,39.78,63.94,101.78,101.3,40.016,39.592,63.476,101.775,101.21
452.5,388.625,40.15,39.82,63.49,101.74,101.32,40.024,39.604,62.985,101.753,101.207
453,391.094,40.14,39.83,62.87,101.68,101.33,40.02,39.61,62.418,101.713,101.196
453.5,393.558,40.14,39.85,62.35,101.63,101.32,40.023,39.624,61.886,101.675,101.186
454,396.016,40.14,39.9,61.83,101.58,101.32,40.027,39.641,61.376,101.635,101.183
454.5,398.469,40.16,39.91,61.3,101.55,101.35,40.035,39.664,60.865,101.59,101.171
455,400.916,40.14,39.92,60.75,101.47,101.3,40.032,39.68,60.372,101.543,101.171
455.5,403.357,40.16,39.95,60.31,101.41,101.34,40.034,39.703,59.866,101.486,101.166
456,405.792,40.15,39.99,59.71,101.33,101.33,40.036,39.725,59.363,101.44,101.161
456.5,408.22,40.16,40.02,59.3,101.28,101.34,40.039,39.757,58.913,101.39,101.168
457,410.642,40.14,40.03,58.81,101.22,101.35,40.039,39.779,58.434,101.331,101.164
457.5,413.058,40.14,40.08,58.4,101.19,101.36,40.044,39.809,58.035,101.287,101.169
458,415.466,40.15,40.08,57.87,101.15,101.37,40.04,39.836,57.551,101.229,101.171
458.5,417.868,40.15,40.12,57.44,101.11,101.38,40.046,39.867,57.109,101.171,101.174
459,420.262,40.15,40.16,57.03,101.09,101.38,40.047,39.897,56.674,101.121,101.174
459.5,422.649,40.14,40.17,56.56,101.08,101.38,40.048,39.928,56.238,101.074,101.179
460,425.029,40.14,40.21,56.14,101.03,101.37,40.048,39.955,55.809,101.034,101.185
460.5,427.401,40.17,40.26,55.73,101.01,101.38,40.052,39.986,55.391,100.991,101.188
461,429.765,40.15,40.26,55.27,100.98,101.39,40.051,40.011,54.939,100.956,101.191
461.5,432.121,40.16,40.29,54.84,100.97,101.4,40.046,40.037,54.519,100.925,101.189
462,434.469,40.15,40.31,54.37,100.95,101.4,40.046,40.06,54.093,100.895,101.202
462.5,436.809,40.14,40.34,54.03,100.95,101.38,40.049,40.089,53.697,100.873,101.199
463,439.14,40.15,40.35,53.61,100.96,101.41,40.051,40.109,53.269,100.854,101.202
463.5,441.463,40.14,40.38,53.17,100.98,101.39,40.048,40.131,52.895,100.831,101.208
464,443.777,40.12,40.37,52.8,101.02,101.4,40.042,40.148,52.529,100.818,101.209
464.5,446.082,40.14,40.38,52.45,101.04,101.4,40.041,40.164,52.169,100.809,101.211
465,448.378,40.14,40.4,52.06,101.06,101.39,40.042,40.176,51.817,100.811,101.214
465.5,450.665,40.13,40.4,51.73,101.1,101.44,40.043,40.185,51.476,100.816,101.22
466,452.943,40.14,40.4,51.4,101.13,101.43,40.036,40.191,51.119,100.829,101.216
466.5,455.211,40.13,40.42,51.02,101.14,101.44,40.034,40.204,50.791,100.849,101.224
467,457.469,40.1,40.43,50.74,101.18,101.42,40.034,40.209,50.479,100.866,101.219
467.5,459.718,40.13,40.41,50.43,101.22,101.42,40.034,40.212,50.169,100.897,101.229
468,461.956,40.12,40.41,50.08,101.26,101.41,40.031,40.212,49.82,100.92,101.226
468.5,464.185,40.12,40.4,49.74,101.28,101.38,40.026,40.206,49.529,100.944,101.229
469,466.404,40.12,40.4,49.42,101.35,101.39,40.021,40.201,49.212,100.978,101.229
469.5,468.612,40.11,40.38,49.1,101.43,101.4,40.023,40.196,48.921,101.011,101.235
470,470.81,40.11,40.35,48.79,101.48,101.38,40.023,40.183,48.655,101.039,101.238
470.5,472.997,40.12,40.38,48.56,101.52,101.4,40.022,40.174,48.344,101.071,101.24
471,475.173,40.12,40.34,48.22,101.57,101.42,40.019,40.156,48.046,101.111,101.24
471.5,477.339,40.11,40.3,47.94,101.59,101.39,40.021,40.144,47.763,101.146,101.238
472,479.493,40.13,40.3,47.65,101.64,101.38,40.025,40.126,47.483,101.188,101.239
472.5,481.637,40.13,40.28,47.39,101.67,101.36,40.026,40.111,47.206,101.231,101.239
473,483.769,40.13,40.26,47.04,101.7,101.35,40.021,40.085,46.859,101.263,101.231
473.5,485.89,40.14,40.23,46.73,101.74,101.35,40.024,40.063,46.575,101.301,101.226
474,488,40.13,40.19,46.45,101.78,101.32,40.028,40.044,46.284,101.343,101.226
474.5,490.098,40.14,40.19,46.18,101.82,101.32,40.034,40.027,45.989,101.376,101.223
475,492.184,40.13,40.15,45.8,101.87,101.29,40.031,40.004,45.711,101.412,101.222
475.5,494.258,40.15,40.13,45.59,101.9,101.29,40.036,39.983,45.44,101.434,101.207
476,496.321,40.15,40.1,45.31,101.91,101.28,40.039,39.951,45.171,101.465,101.201
476.5,498.371,40.16,40.08,45.09,101.91,101.28,40.045,39.936,44.922,101.485,101.191
477,500.409,40.17,40.07,44.84,101.89,101.27,40.049,39.914,44.697,101.506,101.179
477.5,502.435,40.16,40.03,44.64,101.86,101.27,40.049,39.893,44.474,101.527,101.176
478,504.449,40.2,40.02,44.42,101.86,101.27,40.059,39.875,44.254,101.545,101.162
478.5,506.45,40.18,40,44.14,101.85,101.27,40.059,39.854,44.035,101.558,101.154
479,508.439,40.19,40,43.91,101.86,101.25,40.06,39.839,43.839,101.566,101.146
479.5,510.414,40.2,39.98,43.7,101.83,101.27,40.069,39.821,43.654,101.571,101.138
480,512.377,40.18,39.96,43.45,101.8,101.24,40.069,39.806,43.441,101.569,101.131
480.5,514.327,40.2,39.96,43.34,101.8,101.26,40.074,39.791,43.224,101.567,101.124
481,516.265,40.2,39.94,43.13,101.77,101.24,40.079,39.777,43.024,101.557,101.115
481.5,518.189,40.2,39.92,43.01,101.75,101.27,40.083,39.766,42.828,101.541,101.11
482,520.099,40.2,39.92,42.81,101.69,101.24,40.083,39.759,42.641,101.531,101.102
482.5,521.997,40.21,39.92,42.68,101.63,101.26,40.085,39.754,42.476,101.513,101.099
483,523.881,40.2,39.92,42.39,101.56,101.26,40.091,39.746,42.292,101.484,101.096
483.5,525.751,40.21,39.9,42.12,101.47,101.25,40.091,39.739,42.11,101.45,101.091
484,527.608,40.2,39.92,41.92,101.42,101.27,40.097,39.74,41.931,101.421,101.094
484.5,529.452,40.2,39.92,41.68,101.32,101.28,40.097,39.736,41.715,101.381,101.086
485,531.281,40.2,39.93,41.55,101.21,101.29,40.099,39.746,41.518,101.329,101.094
485.5,533.097,40.24,39.95,41.42,101.11,101.29,40.106,39.746,41.299,101.273,101.091
486,534.899,40.22,39.94,41.23,101,101.27,40.103,39.753,41.07,101.205,101.094
486.5,536.686,40.22,39.93,41.04,100.9,101.27,40.107,39.761,40.874,101.124,101.093
487,538.46,40.21,39.95,40.83,100.79,101.28,40.111,39.771,40.692,101.034,101.101
487.5,540.219,40.22,39.99,40.58,100.68,101.29,40.112,39.781,40.561,100.949,101.106
488,541.964,40.21,40,40.35,100.55,101.3,40.113,39.791,40.401,100.844,101.11
488.5,543.695,40.21,40.02,40.14,100.4,101.31,40.111,39.804,40.226,100.743,101.105
489,545.411,40.21,40.04,39.99,100.27,101.3,40.11,39.823,40.067,100.634,101.111
489.5,547.113,40.21,40.06,39.9,100.15,101.31,40.111,39.84,39.906,100.526,101.114
490,548.8,40.21,40.05,39.8,100.01,101.31,40.112,39.853,39.754,100.412,101.118
490.5,550.473,40.2,40.1,39.64,99.89,101.32,40.109,39.874,39.589,100.296,101.119
491,552.131,40.19,40.13,39.59,99.79,101.32,40.108,39.894,39.451,100.176,101.117
491.5,553.774,40.21,40.15,39.58,99.7,101.34,40.106,39.911,39.341,100.052,101.128
492,555.402,40.21,40.17,39.54,99.62,101.33,40.105,39.934,39.255,99.924,101.125
492.5,557.015,40.21,40.19,39.51,99.52,101.34,40.101,39.954,39.206,99.808,101.136
493,558.613,40.2,40.23,39.37,99.42,101.36,40.099,39.976,39.098,99.689,101.135
493.5,560.196,40.18,40.25,39.2,99.34,101.34,40.1,39.996,39.046,99.579,101.136
494,561.764,40.2,40.28,39.09,99.26,101.36,40.096,40.019,38.965,99.465,101.139
494.5,563.317,40.19,40.3,38.94,99.18,101.35,40.09,40.041,38.882,99.367,101.145
495,564.854,40.18,40.33,38.87,99.1,101.35,40.092,40.065,38.81,99.272,101.149
495.5,566.376,40.2,40.35,38.8,99.05,101.34,40.086,40.084,38.717,99.171,101.147
496,567.882,40.2,40.36,38.7,99,101.32,40.086,40.106,38.624,99.077,101.152
496.5,569.373,40.19,40.37,38.66,98.96,101.33,40.084,40.121,38.505,98.984,101.159
497,570.849,40.18,40.39,38.64,98.92,101.34,40.079,40.139,38.405,98.891,101.159
497.5,572.309,40.17,40.41,38.56,98.89,101.33,40.078,40.153,38.343,98.805,101.161
498,573.753,40.17,40.43,38.49,98.86,101.35,40.079,40.171,38.248,98.723,101.164
498.5,575.182,40.17,40.42,38.46,98.83,101.33,40.073,40.176,38.214,98.639,101.166
499,576.595,40.19,40.44,38.28,98.81,101.31,40.074,40.191,38.134,98.571,101.161
499.5,577.992,40.18,40.44,38.25,98.79,101.29,40.07,40.199,38.125,98.511,101.158
500,579.373,40.17,40.47,38.28,98.74,101.28,40.076,40.214,38.133,98.46,101.169
500.5,580.738,40.18,40.44,38.2,98.69,101.25,40.074,40.21,38.084,98.401,101.156
501,582.087,40.17,40.46,38.26,98.68,101.26,40.075,40.217,38.067,98.359,101.154
501.5,583.42,40.18,40.46,38.18,98.66,101.22,40.071,40.221,38.051,98.306,101.148
502,584.737,40.2,40.45,38.4,98.64,101.24,40.077,40.221,38.046,98.258,101.141
502.5,586.038,40.2,40.44,38.35,98.6,101.23,40.079,40.221,38.08,98.203,101.139
503,587.323,40.19,40.43,38.55,98.54,101.21,40.081,40.213,38.074,98.152,101.126
503.5,588.591,40.21,40.44,38.57,98.51,101.21,40.082,40.213,38.131,98.113,101.116
504,589.844,40.22,40.44,38.64,98.46,101.2,40.089,40.211,38.19,98.074,101.104
504.5,591.079,40.22,40.39,38.63,98.37,101.21,40.091,40.201,38.266,98.029,101.099
505,592.299,40.2,40.37,38.76,98.29,101.16,40.094,40.191,38.369,97.991,101.083
505.5,593.502,40.2,40.36,38.86,98.21,101.16,40.093,40.175,38.411,97.946,101.069
506,594.689,40.22,40.34,39.08,98.14,101.16,40.1,40.161,38.519,97.905,101.057
506.5,595.859,40.21,40.33,39.4,98.06,101.13,40.099,40.149,38.652,97.849,101.043
507,597.013,40.22,40.28,39.43,97.97,101.13,40.108,40.134,38.742,97.79,101.032
507.5,598.15,40.24,40.26,39.88,97.89,101.13,40.111,40.108,38.938,97.73,101.02
508,599.27,40.22,40.24,40.54,97.8,101.11,40.112,40.096,39.101,97.652,101.004
508.5,600.374,40.22,40.21,40.48,97.66,101.11,40.111,40.072,39.282,97.583,100.989
509,601.461,40.24,40.21,40.51,97.57,101.11,40.12,40.058,39.497,97.509,100.984
509.5,602.532,40.24,40.17,40.31,97.45,101.1,40.12,40.037,39.698,97.439,100.971
510,603.586,40.24,40.15,39.88,97.31,101.09,40.132,40.023,39.985,97.354,100.969
510.5,604.622,40.25,40.11,39.54,97.16,101.09,40.131,39.994,40.113,97.266,100.951
511,605.642,40.24,40.1,39.4,97.01,101.07,40.132,39.976,40.113,97.187,100.941
511.5,606.646,40.24,40.06,39.16,96.86,101.07,40.13,39.949,40.072,97.089,100.924
512,607.632,40.25,40.08,39.24,96.71,101.06,40.14,39.935,39.991,96.991,100.914
512.5,608.601,40.26,40.02,39.36,96.55,101.06,40.141,39.911,39.849,96.888,100.909
513,609.554,40.23,39.99,39.29,96.44,101.03,40.144,39.889,39.616,96.773,100.898
513.5,610.489,40.23,39.99,39.44,96.3,101.02,40.146,39.874,39.498,96.654,100.886
514,611.408,40.25,39.97,39.39,96.15,101,40.147,39.856,39.435,96.526,100.878
514.5,612.309,40.24,39.97,39.32,96.02,100.99,40.149,39.842,39.483,96.404,100.869
515,613.194,40.26,39.95,39.57,95.89,101,40.154,39.827,39.574,96.279,100.868
515.5,614.061,40.26,39.94,39.81,95.74,100.98,40.152,39.811,39.66,96.145,100.85
516,614.911,40.26,39.93,39.94,95.61,100.98,40.153,39.806,39.755,96.009,100.841
516.5,615.744,40.26,39.92,40.49,95.47,100.98,40.154,39.791,39.854,95.877,100.831
517,616.56,40.25,39.92,40.76,95.32,100.94,40.154,39.788,39.996,95.749,100.82
517.5,617.358,40.25,39.91,41.27,95.18,100.95,40.154,39.782,40.157,95.609,100.808
518,618.14,40.25,39.92,41.57,95.06,100.94,40.154,39.784,40.333,95.461,100.793
518.5,618.904,40.26,39.94,41.9,94.94,100.92,40.155,39.781,40.584,95.324,100.781
519,619.651,40.26,39.95,42.33,94.82,100.91,40.154,39.781,40.821,95.172,100.768
519.5,620.38,40.25,39.97,42.72,94.69,100.89,40.149,39.785,41.131,95.018,100.758
520,621.093,40.24,39.98,43.16,94.55,100.9,40.155,39.798,41.496,94.876,100.753
520.5,621.788,40.23,40.01,43.59,94.4,100.88,40.148,39.804,41.851,94.723,100.736
521,622.465,40.24,40.02,44.02,94.24,100.87,40.148,39.819,42.249,94.571,100.726
521.5,623.126,40.25,40.06,44.41,94.08,100.86,40.143,39.829,42.699,94.414,100.713
522,623.768,40.24,40.09,44.82,93.92,100.86,40.145,39.843,43.163,94.261,100.703
522.5,624.394,40.24,40.12,45.36,93.74,100.82,40.145,39.867,43.658,94.109,100.691
523,625.002,40.23,40.14,45.78,93.58,100.81,40.138,39.884,44.157,93.949,100.671
523.5,625.592,40.22,40.15,46.27,93.41,100.78,40.134,39.901,44.596,93.783,100.655
524,626.165,40.23,40.18,46.81,93.26,100.77,40.135,39.926,45.095,93.624,100.641
524.5,626.721,40.22,40.2,47.14,93.11,100.74,40.131,39.944,45.57,93.451,100.624
525,627.259,40.24,40.24,47.57,92.94,100.73,40.132,39.966,46.054,93.282,100.619
525.5,627.78,40.25,40.28,48.05,92.76,100.69,40.132,39.992,46.524,93.104,100.597
526,628.283,40.25,40.32,48.51,92.64,100.66,40.131,40.015,46.981,92.941,100.581
526.5,628.769,40.26,40.35,49.06,92.59,100.66,40.133,40.039,47.478,92.804,100.569
527,629.237,40.25,40.38,49.68,92.52,100.61,40.131,40.064,47.959,92.669,100.551
527.5,629.687,40.24,40.39,50.22,92.33,100.6,40.131,40.095,48.486,92.519,100.539
528,630.12,40.22,40.4,50.48,92.04,100.58,40.13,40.118,48.903,92.354,100.516
528.5,630.535,40.23,40.44,51.04,91.83,100.54,40.131,40.143,49.438,92.194,100.494
529,630.933,40.24,40.45,51.55,91.63,100.52,40.128,40.169,49.975,92.034,100.471
529.5,631.313,40.24,40.48,52.1,91.47,100.47,40.132,40.19,50.499,91.845,100.444
530,631.676,40.23,40.49,52.72,91.26,100.47,40.131,40.206,51.092,91.636,100.422
530.5,632.021,40.26,40.51,53.3,91.07,100.44,40.138,40.229,51.636,91.424,100.392
531,632.348,40.24,40.52,53.81,90.86,100.4,40.134,40.244,52.146,91.227,100.364
531.5,632.658,40.28,40.55,54.44,90.61,100.38,40.145,40.262,52.749,91.011,100.337
532,632.95,40.28,40.53,55.2,90.35,100.33,40.141,40.274,53.357,90.799,100.308
532.5,633.224,40.27,40.56,55.59,90.13,100.33,40.147,40.294,53.941,90.581,100.29
533,633.481,40.27,40.55,56.1,89.91,100.31,40.15,40.298,54.507,90.344,100.259
533.5,633.72,40.25,40.54,56.61,89.71,100.27,40.151,40.304,55.009,90.113,100.231
534,633.941,40.27,40.54,56.96,89.48,100.25,40.154,40.312,55.521,89.884,100.204
534.5,634.145,40.27,40.54,57.58,89.23,100.23,40.156,40.313,56.047,89.658,100.174
535,634.33,40.29,40.52,58.14,89.02,100.22,40.162,40.315,56.58,89.45,100.154
535.5,634.499,40.27,40.51,58.88,88.83,100.18,40.159,40.307,57.088,89.233,100.111
536,634.649,40.27,40.5,59.39,88.63,100.17,40.164,40.305,57.587,89.019,100.09
536.5,634.782,40.27,40.48,59.97,88.44,100.15,40.162,40.291,58.113,88.803,100.056
537,634.897,40.29,40.47,60.73,88.31,100.12,40.169,40.289,58.709,88.603,100.033
537.5,634.995,40.28,40.43,61.27,88.2,100.08,40.171,40.276,59.328,88.41,100.004
538,635.074,40.29,40.4,61.88,88.08,100.06,40.169,40.256,60.007,88.226,99.977
538.5,635.136,40.3,40.38,62.5,87.98,100.01,40.171,40.239,60.668,88.064,99.957
539,635.181,40.28,40.35,63.21,87.9,99.99,40.172,40.217,61.354,87.917,99.926
539.5,635.207,40.27,40.32,63.93,87.82,99.96,40.174,40.198,62.089,87.786,99.899
540,635.216,40.28,40.29,64.59,87.77,99.95,40.183,40.181,62.788,87.674,99.883
540.5,635.207,40.29,40.29,65.36,87.76,99.93,40.184,40.157,63.5,87.562,99.851
541,635.181,40.28,40.23,66.16,87.78,99.91,40.184,40.125,64.144,87.484,99.824
541.5,635.136,40.31,40.19,66.81,87.78,99.88,40.186,40.101,64.863,87.411,99.791
542,635.074,40.3,40.18,67.7,87.79,99.85,40.191,40.079,65.621,87.349,99.771
542.5,634.995,40.29,40.15,68.62,87.85,99.82,40.192,40.059,66.395,87.32,99.745
543,634.897,40.29,40.14,69.52,87.9,99.79,40.19,40.03,67.206,87.296,99.713
543.5,634.782,40.3,40.1,70.55,87.93,99.75,40.189,40.0,68.067,87.285,99.686
544,634.649,40.28,40.08,71.17,87.99,99.71,40.189,39.984,68.844,87.284,99.652
544.5,634.499,40.31,40.06,71.86,88.06,99.68,40.194,39.959,69.663,87.297,99.629
545,634.33,40.27,40.03,72.62,88.08,99.66,40.191,39.934,70.555,87.322,99.605
545.5,634.145,40.28,40.03,73.17,88.1,99.62,40.194,39.911,71.283,87.337,99.572
546,633.941,40.28,40.01,73.83,88.15,99.61,40.189,39.889,72.027,87.365,99.545
546.5,633.72,40.28,40,74.87,88.21,99.57,40.189,39.869,72.816,87.392,99.509
547,633.481,40.29,39.99,75.54,88.26,99.56,40.19,39.862,73.598,87.42,99.479
547.5,633.224,40.29,39.99,76.51,88.36,99.52,40.187,39.852,74.464,87.449,99.449
548,632.95,40.28,39.98,77.31,88.44,99.49,40.189,39.834,75.219,87.479,99.417
548.5,632.658,40.29,39.99,78.19,88.49,99.45,40.188,39.824,76.03,87.53,99.386
549,632.348,40.29,39.98,78.97,88.55,99.41,40.189,39.82,76.926,87.605,99.354
549.5,632.021,40.28,39.97,79.81,88.66,99.36,40.185,39.816,77.725,87.683,99.316
550,631.676,40.29,39.99,80.69,88.83,99.34,40.191,39.819,78.555,87.77,99.296
550.5,631.313,40.29,40.01,81.78,88.97,99.29,40.184,39.815,79.474,87.844,99.255
551,630.933,40.3,40.02,82.64,89.09,99.24,40.184,39.82,80.305,87.942,99.226
551.5,630.535,40.29,40.03,83.6,89.29,99.23,40.183,39.826,81.219,88.063,99.191
552,630.12,40.29,40.05,84.34,89.49,99.18,40.183,39.832,82.097,88.205,99.155
552.5,629.687,40.29,40.06,85.28,89.71,99.15,40.189,39.846,82.93,88.376,99.127
553,629.237,40.29,40.09,86.29,89.94,99.09,40.184,39.859,83.798,88.556,99.088
553.5,628.769,40.3,40.12,86.89,90.22,99.07,40.182,39.877,84.671,88.767,99.057
554,628.283,40.3,40.17,87.81,90.53,99.01,40.188,39.898,85.579,89.009,99.014
554.5,627.78,40.3,40.19,88.75,90.81,98.98,40.186,39.911,86.424,89.259,98.98
555,627.259,40.3,40.2,89.64,91.12,98.91,40.189,39.936,87.313,89.55,98.945
555.5,626.721,40.29,40.23,90.64,91.52,98.89,40.187,39.958,88.176,89.878,98.904
556,626.165,40.3,40.27,91.5,91.9,98.85,40.188,39.984,89.04,90.231,98.866
556.5,625.592,40.31,40.31,92.12,92.31,98.8,40.192,40.016,89.906,90.601,98.829
557,625.002,40.32,40.32,93.03,92.74,98.76,40.196,40.036,90.757,90.993,98.784
557.5,624.394,40.31,40.38,93.94,93.14,98.72,40.199,40.069,91.621,91.428,98.744
558,623.768,40.32,40.39,94.66,93.6,98.68,40.196,40.088,92.469,91.864,98.704
558.5,623.126,40.33,40.42,95.45,94.09,98.66,40.199,40.12,93.3,92.332,98.658
559,622.465,40.32,40.43,96.29,94.6,98.61,40.199,40.144,94.15,92.81,98.62
559.5,621.788,40.33,40.46,97.14,95.12,98.6,40.205,40.171,95.001,93.293,98.581
560,621.093,40.33,40.49,98.01,95.58,98.55,40.208,40.198,95.893,93.806,98.546
560.5,620.38,40.34,40.53,98.86,96.12,98.51,40.211,40.224,96.68,94.332,98.501
561,619.651,40.32,40.52,99.54,96.64,98.49,40.208,40.241,97.548,94.864,98.469
561.5,618.904,40.34,40.54,100.29,97.17,98.45,40.21,40.263,98.319,95.398,98.429
562,618.14,40.31,40.54,101.06,97.72,98.43,40.204,40.285,99.139,95.932,98.396
562.5,617.358,40.34,40.56,102.14,98.23,98.38,40.216,40.303,99.964,96.471,98.357
563,616.56,40.32,40.57,102.99,98.75,98.38,40.214,40.319,100.916,97.004,98.33
563.5,615.744,40.32,40.57,103.66,99.24,98.34,40.216,40.326,101.711,97.531,98.285
564,614.911,40.32,40.59,104.42,99.77,98.31,40.216,40.344,102.373,98.057,98.254
564.5,614.061,40.34,40.58,105.16,100.3,98.29,40.219,40.351,103.261,98.585,98.229
565,613.194,40.33,40.56,106.01,100.81,98.27,40.221,40.356,104.101,99.119,98.196
565.5,612.309,40.33,40.59,106.76,101.29,98.23,40.217,40.362,104.839,99.626,98.161
566,611.408,40.31,40.54,107.45,101.78,98.23,40.217,40.361,105.7,100.141,98.141
566.5,610.489,40.32,40.55,108.3,102.23,98.17,40.22,40.356,106.466,100.636,98.107
567,609.554,40.32,40.53,108.95,102.72,98.15,40.224,40.354,107.245,101.131,98.084
567.5,608.601,40.31,40.51,109.73,103.19,98.12,40.225,40.351,108.023,101.619,98.062
568,607.632,40.31,40.51,110.56,103.67,98.11,40.22,40.332,108.761,102.077,98.032
568.5,606.646,40.31,40.49,111.2,104.11,98.09,40.224,40.325,109.491,102.541,98.011
569,605.642,40.32,40.46,111.8,104.57,98.08,40.226,40.316,110.241,103.012,97.986
569.5,604.622,40.32,40.45,112.47,105,98.04,40.231,40.296,110.984,103.469,97.948
570,603.586,40.32,40.42,113.14,105.42,98.02,40.23,40.279,111.674,103.933,97.934
570.5,602.532,40.32,40.4,113.87,105.86,98,40.225,40.255,112.346,104.385,97.906
571,601.461,40.32,40.36,114.41,106.31,97.96,40.227,40.236,113.001,104.846,97.881
571.5,600.374,40.34,40.36,115.09,106.72,97.96,40.233,40.218,113.681,105.298,97.856
572,599.27,40.31,40.3,115.79,107.13,97.92,40.231,40.196,114.321,105.748,97.839
572.5,598.15,40.33,40.28,116.28,107.58,97.92,40.234,40.176,114.959,106.206,97.825
573,597.013,40.29,40.26,116.77,107.95,97.93,40.222,40.15,115.531,106.651,97.808
573.5,595.859,40.31,40.24,117.27,108.35,97.88,40.224,40.129,116.149,107.096,97.784
574,594.689,40.32,40.23,117.82,108.81,97.87,40.225,40.105,116.729,107.538,97.765
574.5,593.502,40.33,40.22,118.33,109.23,97.86,40.228,40.081,117.328,107.964,97.746
575,592.299,40.32,40.18,118.93,109.59,97.83,40.231,40.065,117.934,108.394,97.737
575.5,591.079,40.33,40.18,119.43,109.98,97.8,40.227,40.039,118.474,108.811,97.713
576,589.844,40.33,40.15,119.88,110.34,97.79,40.229,40.016,118.969,109.233,97.698
576.5,588.591,40.33,40.14,120.28,110.68,97.8,40.229,39.999,119.484,109.623,97.686
577,587.323,40.33,40.12,120.55,111.06,97.81,40.226,39.981,119.957,110.007,97.672
577.5,586.038,40.32,40.12,121.03,111.34,97.76,40.231,39.971,120.443,110.38,97.666
578,584.737,40.34,40.1,121.4,111.64,97.77,40.228,39.954,120.866,110.723,97.656
578.5,583.42,40.33,40.12,121.79,111.89,97.76,40.224,39.944,121.288,111.05,97.649
579,582.087,40.34,40.11,122.04,112.14,97.75,40.231,39.935,121.652,111.351,97.646
579.5,580.738,40.34,40.08,122.41,112.35,97.74,40.231,39.922,122.02,111.614,97.637
580,579.373,40.34,40.1,122.71,112.5,97.71,40.236,39.919,122.375,111.861,97.632
580.5,577.992,40.34,40.1,122.9,112.62,97.72,40.229,39.914,122.691,112.078,97.634
581,576.595,40.34,40.11,123.23,112.69,97.71,40.229,39.909,122.984,112.278,97.629
581.5,575.182,40.35,40.1,123.39,112.76,97.71,40.236,39.911,123.259,112.439,97.626
582,573.753,40.36,40.13,123.66,112.81,97.72,40.239,39.916,123.519,112.563,97.613
582.5,572.309,40.37,40.12,123.81,112.79,97.69,40.242,39.918,123.765,112.649,97.613
583,570.849,40.36,40.17,123.81,112.71,97.7,40.242,39.927,123.93,112.691,97.61
583.5,569.373,40.37,40.16,123.79,112.64,97.7,40.245,39.934,124.103,112.724,97.604
584,567.882,40.38,40.18,123.91,112.56,97.72,40.251,39.946,124.266,112.738,97.604
584.5,566.376,40.37,40.19,123.97,112.45,97.72,40.253,39.961,124.374,112.714,97.608
585,564.854,40.39,40.2,123.89,112.35,97.72,40.259,39.976,124.486,112.664,97.614
585.5,563.317,40.37,40.23,123.98,112.2,97.72,40.256,39.995,124.569,112.589,97.624
586,561.764,40.36,40.25,123.91,112.03,97.75,40.257,40.01,124.646,112.498,97.627
586.5,560.196,40.37,40.29,123.95,111.88,97.78,40.261,40.029,124.681,112.389,97.636
587,558.613,40.38,40.29,123.89,111.73,97.79,40.261,40.05,124.674,112.281,97.637
587.5,557.015,40.39,40.32,123.7,111.62,97.8,40.265,40.068,124.684,112.169,97.654
588,555.402,40.4,40.34,123.61,111.5,97.87,40.271,40.088,124.623,112.04,97.666
588.5,553.774,40.36,40.36,123.44,111.3,97.87,40.266,40.106,124.551,111.899,97.684
589,552.131,40.39,40.39,123.24,111.1,97.91,40.268,40.133,124.441,111.751,97.696
589.5,550.473,40.37,40.4,123.01,110.88,97.93,40.266,40.148,124.317,111.599,97.715
590,548.8,40.37,40.42,122.83,110.65,97.95,40.272,40.179,124.219,111.431,97.74
590.5,547.113,40.38,40.46,122.76,110.4,98.01,40.27,40.194,124.039,111.226,97.766
591,545.411,40.37,40.46,122.55,110.13,98.05,40.271,40.214,123.844,110.994,97.803
591.5,543.695,40.38,40.47,122.15,109.79,98.07,40.271,40.23,123.604,110.731,97.829
592,541.964,40.39,40.49,121.8,109.48,98.12,40.271,40.251,123.364,110.446,97.859
592.5,540.219,40.38,40.53,121.61,109.15,98.17,40.278,40.274,123.149,110.166,97.904
593,538.46,40.36,40.52,121.29,108.81,98.22,40.269,40.282,122.857,109.856,97.94
593.5,536.686,40.37,40.53,120.93,108.44,98.24,40.27,40.294,122.566,109.531,97.978
594,534.899,40.39,40.54,120.48,108.06,98.3,40.271,40.306,122.259,109.204,98.017
594.5,533.097,40.36,40.53,120.05,107.65,98.33,40.271,40.317,121.929,108.849,98.057
595,531.281,40.38,40.56,119.74,107.23,98.39,40.277,40.331,121.624,108.479,98.107
595.5,529.452,40.37,40.57,119.35,106.82,98.44,40.272,40.336,121.266,108.096,98.15
596,527.608,40.38,40.56,118.92,106.44,98.47,40.273,40.338,120.893,107.717,98.187
596.5,525.751,40.36,40.55,118.5,106.01,98.52,40.267,40.342,120.499,107.319,98.239
597,523.881,40.37,40.55,118.1,105.59,98.57,40.268,40.347,120.104,106.921,98.284
597.5,521.997,40.37,40.55,117.69,105.16,98.62,40.277,40.35,119.711,106.54,98.341
598,520.099,40.36,40.53,117.12,104.72,98.67,40.266,40.341,119.264,106.14,98.385
598.5,518.189,40.36,40.54,116.64,104.26,98.7,40.27,40.344,118.829,105.739,98.435
599,516.265,40.36,40.52,116.2,103.87,98.78,40.266,40.334,118.387,105.34,98.489
599.5,514.327,40.37,40.51,115.71,103.49,98.84,40.267,40.337,117.929,104.936,98.53
600,512.377,40.35,40.48,115.21,103.08,98.86,40.266,40.324,117.457,104.529,98.574
600.5,510.414,40.37,40.49,114.69,102.75,98.93,40.263,40.311,116.949,104.136,98.622
601,508.439,40.36,40.48,114.22,102.43,98.99,40.265,40.304,116.471,103.757,98.679
601.5,506.45,40.37,40.46,113.68,102.14,99.01,40.268,40.296,115.966,103.394,98.726
602,504.449,40.35,40.45,113.18,101.89,99.07,40.262,40.279,115.446,103.057,98.774
602.5,502.435,40.34,40.43,112.64,101.63,99.11,40.261,40.268,114.942,102.737,98.824
603,500.409,40.36,40.42,112.2,101.37,99.17,40.26,40.255,114.431,102.424,98.883
603.5,498.371,40.36,40.42,111.72,101.11,99.2,40.26,40.241,113.924,102.127,98.928
604,496.321,40.35,40.39,111.11,100.85,99.25,40.261,40.224,113.393,101.836,98.981
604.5,494.258,40.37,40.39,110.61,100.58,99.29,40.264,40.214,112.888,101.561,99.032
605,492.184,40.36,40.35,110.01,100.31,99.38,40.264,40.195,112.39,101.281,99.089
605.5,490.098,40.4,40.36,109.62,100.04,99.41,40.264,40.183,111.861,100.991,99.133
606,488,40.37,40.32,109.1,99.75,99.45,40.261,40.166,111.344,100.693,99.181
606.5,485.89,40.38,40.33,108.54,99.43,99.47,40.268,40.158,110.837,100.392,99.229
607,483.769,40.38,40.31,108.04,99.15,99.52,40.268,40.137,110.292,100.084,99.269
607.5,481.637,40.39,40.31,107.53,98.85,99.56,40.274,40.127,109.826,99.766,99.322
608,479.493,40.39,40.28,106.99,98.59,99.59,40.271,40.111,109.289,99.441,99.368
608.5,477.339,40.39,40.26,106.57,98.34,99.63,40.272,40.098,108.761,99.124,99.417
609,475.173,40.4,40.26,106.08,98.07,99.67,40.279,40.089,108.252,98.807,99.46
609.5,472.997,40.41,40.23,105.56,97.83,99.69,40.277,40.079,107.746,98.508,99.491
610,470.81,40.41,40.25,105.14,97.63,99.71,40.289,40.075,107.279,98.232,99.536
610.5,468.612,40.42,40.24,104.66,97.42,99.78,40.29,40.064,106.766,97.966,99.576
611,466.404,40.41,40.25,104.17,97.28,99.83,40.286,40.054,106.278,97.731,99.609
611.5,464.185,40.4,40.24,103.78,97.13,99.85,40.293,40.05,105.823,97.515,99.638
612,461.956,40.41,40.23,103.25,96.99,99.9,40.291,40.045,105.346,97.337,99.674
612.5,459.718,40.44,40.23,102.89,96.93,99.93,40.298,40.047,104.893,97.191,99.71
613,457.469,40.43,40.24,102.46,96.81,99.98,40.304,40.045,104.413,97.055,99.739
613.5,455.211,40.41,40.24,101.99,96.68,99.95,40.307,40.048,103.964,96.946,99.768
614,452.943,40.43,40.24,101.66,96.6,100,40.306,40.046,103.504,96.85,99.798
614.5,450.665,40.43,40.25,101.32,96.54,100.03,40.311,40.047,103.086,96.768,99.822
615,448.378,40.43,40.24,100.92,96.5,100.04,40.313,40.058,102.679,96.681,99.856
615.5,446.082,40.43,40.26,100.6,96.46,100.1,40.315,40.057,102.269,96.59,99.881
616,443.777,40.42,40.26,100.24,96.43,100.14,40.316,40.057,101.916,96.522,99.913
616.5,441.463,40.42,40.28,99.9,96.39,100.17,40.32,40.069,101.537,96.454,99.931
617,439.14,40.43,40.27,99.58,96.37,100.19,40.319,40.076,101.162,96.394,99.964
617.5,436.809,40.43,40.28,99.25,96.33,100.22,40.326,40.091,100.829,96.354,99.995
618,434.469,40.41,40.29,98.95,96.28,100.26,40.316,40.089,100.442,96.294,100.02
618.5,432.121,40.44,40.34,98.77,96.25,100.28,40.321,40.108,100.117,96.243,100.039
619,429.765,40.42,40.33,98.45,96.17,100.28,40.317,40.122,99.775,96.192,100.072
619.5,427.401,40.45,40.35,98.23,96.18,100.29,40.326,40.133,99.469,96.146,100.101
620,425.029,40.42,40.35,97.95,96.2,100.32,40.325,40.144,99.181,96.104,100.132
620.5,422.649,40.42,40.38,97.77,96.17,100.34,40.324,40.159,98.884,96.052,100.157
621,420.262,40.42,40.38,97.56,96.16,100.39,40.32,40.164,98.627,96.01,100.193
621.5,417.868,40.41,40.39,97.39,96.1,100.4,40.321,40.179,98.389,95.974,100.219
622,415.466,40.41,40.42,97.16,96.07,100.39,40.318,40.188,98.16,95.938,100.233
622.5,413.058,40.43,40.43,97.08,96.07,100.46,40.326,40.209,97.995,95.905,100.256
623,410.642,40.41,40.44,96.87,96.08,100.47,40.318,40.218,97.814,95.881,100.281
623.5,408.22,40.41,40.46,96.73,96.1,100.5,40.319,40.226,97.631,95.854,100.299
624,405.792,40.41,40.46,96.69,96.08,100.49,40.316,40.239,97.495,95.831,100.321
624.5,403.357,40.41,40.49,96.68,96.1,100.52,40.32,40.259,97.347,95.821,100.338
625,400.916,40.41,40.49,96.6,96.14,100.53,40.316,40.268,97.231,95.826,100.365
625.5,398.469,40.41,40.52,96.57,96.2,100.54,40.316,40.277,97.112,95.831,100.386
626,396.016,40.4,40.52,96.58,96.28,100.58,40.316,40.284,97.061,95.855,100.415
626.5,393.558,40.39,40.51,96.51,96.35,100.58,40.314,40.297,96.997,95.899,100.429
627,391.094,40.4,40.55,96.58,96.44,100.58,40.308,40.306,96.932,95.962,100.446
627.5,388.625,40.42,40.57,96.66,96.53,100.63,40.314,40.319,96.958,96.04,100.473
628,386.151,40.42,40.56,96.69,96.66,100.64,40.309,40.322,96.93,96.128,100.484
628.5,383.672,40.4,40.57,96.71,96.77,100.69,40.306,40.33,96.93,96.224,100.502
629,381.189,40.4,40.56,96.84,96.86,100.69,40.307,40.332,96.936,96.328,100.518
629.5,378.701,40.43,40.58,96.92,96.99,100.73,40.309,40.341,96.979,96.434,100.547
630,376.208,40.41,40.56,97,97.12,100.74,40.306,40.343,97.029,96.544,100.568
630.5,373.712,40.41,40.58,97.16,97.26,100.73,40.307,40.349,97.075,96.649,100.588
631,371.211,40.39,40.58,97.3,97.45,100.73,40.301,40.353,97.158,96.778,100.611
631.5,368.707,40.41,40.57,97.47,97.64,100.76,40.304,40.353,97.276,96.896,100.627
632,366.199,40.4,40.58,97.62,97.8,100.76,40.302,40.35,97.392,97.025,100.648
632.5,363.688,40.4,40.55,97.8,97.94,100.77,40.304,40.348,97.57,97.166,100.665
633,361.174,40.42,40.58,97.99,98.1,100.77,40.305,40.344,97.737,97.319,100.684
633.5,358.657,40.42,40.57,98.32,98.29,100.81,40.306,40.344,97.931,97.465,100.706
634,356.137,40.42,40.56,98.61,98.51,100.82,40.306,40.337,98.128,97.619,100.727
634.5,353.614,40.44,40.56,98.81,98.72,100.83,40.311,40.336,98.339,97.771,100.73
635,351.089,40.44,40.51,99.12,98.84,100.86,40.316,40.323,98.59,97.934,100.744
635.5,348.562,40.46,40.51,99.41,98.98,100.88,40.319,40.321,98.813,98.099,100.756
636,346.033,40.43,40.5,99.69,99.17,100.87,40.314,40.312,99.066,98.284,100.766
636.5,343.502,40.38,40.43,99.95,99.37,100.83,40.28,40.259,99.331,98.457,100.761
637,340.97,40.44,40.47,100.31,99.56,100.83,40.325,40.293,99.624,98.646,100.776
637.5,338.436,40.46,40.48,100.76,99.72,100.85,40.331,40.291,99.931,98.833,100.788
638,335.902,40.44,40.46,101.08,99.9,100.84,40.329,40.276,100.216,99.029,100.784
638.5,333.366,40.44,40.45,101.36,100.1,100.85,40.336,40.271,100.551,99.229,100.789
639,330.829,40.45,40.42,101.74,100.32,100.87,40.334,40.256,100.883,99.419,100.792
639.5,328.292,40.45,40.4,102.12,100.5,100.86,40.336,40.244,101.224,99.606,100.794
640,325.755,40.46,40.39,102.51,100.74,100.92,40.341,40.236,101.596,99.829,100.801
640.5,323.218,40.47,40.38,102.91,100.98,100.91,40.346,40.226,101.914,100.049,100.796
641,320.68,40.46,40.36,103.35,101.27,100.94,40.345,40.211,102.3,100.28,100.799
641.5,318.144,40.46,40.35,103.69,101.54,100.91,40.353,40.204,102.647,100.511,100.801
642,315.607,40.45,40.34,104.12,101.76,100.91,40.349,40.188,103.05,100.756,100.795
642.5,313.072,40.47,40.33,104.54,102,100.92,40.361,40.182,103.473,101.008,100.801
643,310.537,40.46,40.31,104.94,102.28,100.93,40.356,40.164,103.861,101.269,100.803
643.5,308.004,40.48,40.31,105.39,102.52,100.94,40.361,40.164,104.269,101.519,100.817
644,305.472,40.46,40.29,105.75,102.77,100.93,40.359,40.153,104.679,101.768,100.821
644.5,302.941,40.48,40.29,106.16,103.01,100.97,40.36,40.146,105.073,101.999,100.832
645,300.413,40.47,40.29,106.58,103.28,100.95,40.365,40.137,105.526,102.238,100.838
645.5,297.886,40.49,40.29,107.01,103.54,100.98,40.364,40.137,105.926,102.479,100.844
646,295.362,40.47,40.27,107.36,103.81,100.98,40.357,40.122,106.326,102.732,100.851
646.5,292.841,40.46,40.29,107.77,104.01,101.02,40.369,40.127,106.737,102.967,100.859
647,290.322,40.46,40.26,108.22,104.21,101.01,40.366,40.114,107.164,103.201,100.863
647.5,287.806,40.5,40.28,108.63,104.4,101.06,40.376,40.119,107.582,103.436,100.876
648,285.293,40.47,40.29,108.98,104.65,101.03,40.366,40.114,107.956,103.66,100.881
648.5,282.784,40.48,40.29,109.28,104.83,101.02,40.372,40.119,108.36,103.874,100.89
649,280.278,40.45,40.26,109.57,104.97,101,40.366,40.109,108.734,104.089,100.901
649.5,277.776,40.47,40.29,110,105.15,101.04,40.371,40.12,109.124,104.291,100.909
650,275.278,40.47,40.32,110.35,105.3,101.05,40.365,40.124,109.5,104.492,100.923
650.5,272.785,40.47,40.33,110.71,105.42,101.03,40.369,40.134,109.866,104.673,100.925
651,270.296,40.47,40.3,111.04,105.53,101.06,40.366,40.127,110.267,104.859,100.936
651.5,267.812,40.47,40.34,111.34,105.65,101.11,40.369,40.14,110.591,105.023,100.946
652,265.333,40.46,40.35,111.57,105.74,101.12,40.364,40.144,110.907,105.18,100.959
652.5,262.859,40.48,40.37,112,105.82,101.14,40.373,40.159,111.257,105.326,100.972
653,260.39,40.45,40.39,112.22,105.91,101.18,40.359,40.164,111.55,105.447,100.983
653.5,257.928,40.46,40.41,112.42,106.01,101.17,40.367,40.179,111.837,105.555,100.999
654,255.471,40.46,40.43,112.67,106.05,101.2,40.357,40.193,112.094,105.652,101.014
654.5,253.02,40.48,40.46,112.82,106.07,101.2,40.364,40.213,112.319,105.741,101.029
655,250.575,40.47,40.47,113,106.14,101.22,40.36,40.22,112.554,105.836,101.039
655.5,248.137,40.48,40.5,113.15,106.23,101.24,40.364,40.239,112.749,105.906,101.058
656,245.706,40.45,40.5,113.07,106.27,101.24,40.356,40.247,112.819,105.97,101.081
656.5,243.282,40.46,40.54,113.19,106.28,101.26,40.357,40.263,112.942,106.016,101.111
657,240.866,40.45,40.56,113.24,106.26,101.3,40.354,40.272,113.119,106.055,101.139
657.5,238.456,40.47,40.57,113.21,106.23,101.36,40.36,40.296,113.181,106.076,101.164
658,236.055,40.46,40.58,113.16,106.2,101.38,40.349,40.299,113.178,106.066,101.188
658.5,233.661,40.47,40.59,113.14,106.14,101.41,40.359,40.325,113.327,106.043,101.224
659,231.276,40.45,40.6,113.03,106.08,101.44,40.349,40.334,113.272,105.991,101.244
659.5,228.899,40.46,40.63,113.19,105.98,101.45,40.361,40.352,113.459,105.921,101.275
660,226.53,40.47,40.64,112.91,105.9,101.47,40.357,40.364,113.28,105.845,101.299
660.5,224.171,40.46,40.64,112.9,105.8,101.46,40.358,40.379,113.359,105.753,101.322
661,221.82,40.46,40.66,112.73,105.64,101.48,40.356,40.386,113.266,105.646,101.351
661.5,219.479,40.49,40.67,112.34,105.44,101.51,40.359,40.398,112.901,105.53,101.378
662,217.147,40.47,40.66,112.4,105.24,101.56,40.355,40.4,112.975,105.403,101.406
662.5,214.826,40.5,40.67,112,105.07,101.58,40.368,40.42,112.733,105.268,101.441
663,212.514,40.49,40.65,111.87,104.86,101.6,40.359,40.416,112.603,105.111,101.461
663.5,210.212,40.49,40.7,111.36,104.64,101.62,40.368,40.428,112.24,104.939,101.494
664,207.921,40.48,40.67,111.33,104.37,101.69,40.367,40.425,112.143,104.761,101.521
664.5,205.64,40.5,40.67,111,104.13,101.73,40.378,40.439,111.921,104.576,101.539
665,203.371,40.48,40.66,110.5,103.88,101.75,40.377,40.433,111.526,104.388,101.566
665.5,201.112,40.5,40.65,110.45,103.66,101.77,40.382,40.436,111.294,104.187,101.596
666,198.865,40.46,40.65,110.05,103.39,101.82,40.375,40.431,111.181,103.973,101.621
666.5,196.629,40.5,40.62,109.85,103.11,101.84,40.383,40.431,110.672,103.755,101.64
667,194.406,40.51,40.63,109.54,102.83,101.85,40.378,40.421,110.529,103.526,101.667
667.5,192.194,40.51,40.6,108.79,102.63,101.89,40.392,40.423,109.862,103.32,101.709
668,189.994,40.48,40.56,108.48,102.4,101.93,40.382,40.404,109.814,103.081,101.725
668.5,187.807,40.5,40.58,108.09,102.17,101.96,40.396,40.399,109.106,102.855,101.748
669,185.632,40.48,40.53,107.52,101.9,101.99,40.388,40.385,108.757,102.608,101.783
669.5,183.471,40.53,40.53,107.4,101.67,102.03,40.397,40.381,108.511,102.372,101.82
670,181.322,40.49,40.51,106.43,101.49,102.1,40.392,40.366,107.659,102.126,101.861
670.5,179.187,40.51,40.5,106.35,101.28,102.13,40.396,40.352,107.566,101.888,101.881
671,177.065,40.49,40.47,105.58,101.07,102.17,40.396,40.336,106.764,101.654,101.918
671.5,174.958,40.52,40.46,105.22,100.8,102.2,40.404,40.327,106.614,101.401,101.962
672,172.864,40.49,40.44,105.03,100.53,102.25,40.399,40.301,106.156,101.146,101.999
672.5,170.784,40.51,40.42,104.69,100.3,102.23,40.402,40.294,105.909,100.896,102.026
673,168.718,40.49,40.4,104.19,100.04,102.25,40.396,40.272,104.949,100.621,102.049
673.5,166.668,40.52,40.39,103.55,99.82,102.28,40.402,40.263,104.593,100.37,102.088
674,164.632,40.51,40.35,102.76,99.56,102.32,40.398,40.236,104.211,100.084,102.121
674.5,162.611,40.52,40.35,103.15,99.32,102.39,40.409,40.232,103.851,99.829,102.149
675,160.605,40.49,40.33,102.08,99.05,102.4,40.403,40.214,103.362,99.572,102.179
675.5,158.615,40.51,40.35,101.7,98.83,102.44,40.408,40.208,102.728,99.321,102.211
676,156.64,40.51,40.31,101.6,98.57,102.44,40.401,40.183,102.35,99.058,102.241
676.5,154.681,40.51,40.29,100.64,98.33,102.47,40.408,40.177,101.917,98.823,102.271
677,152.738,40.49,40.32,100.19,98.11,102.5,40.399,40.166,101.336,98.593,102.296
677.5,150.812,40.51,40.31,100.52,97.92,102.53,40.411,40.162,101.221,98.364,102.325
678,148.901,40.51,40.3,100.05,97.74,102.55,40.4,40.144,100.717,98.144,102.339
678.5,147.008,40.52,40.31,99.29,97.57,102.57,40.405,40.146,100.199,97.939,102.371
679,145.131,40.52,40.28,99.23,97.42,102.58,40.404,40.133,100.087,97.741,102.391
679.5,143.272,40.51,40.32,99.29,97.31,102.6,40.407,40.137,99.815,97.576,102.414
680,141.429,40.49,40.29,98.93,97.19,102.62,40.406,40.129,99.277,97.42,102.439
680.5,139.604,40.51,40.3,98.79,97.11,102.67,40.41,40.134,99.358,97.282,102.453
681,137.797,40.5,40.3,98.92,97.08,102.69,40.403,40.132,99.301,97.179,102.474
681.5,136.007,40.51,40.33,98.41,97.06,102.69,40.41,40.14,98.564,97.074,102.499
682,134.236,40.5,40.34,98.05,97.08,102.7,40.397,40.142,98.565,96.989,102.519
682.5,132.482,40.53,40.38,98.29,97.11,102.74,40.404,40.153,98.406,96.935,102.544
683,130.747,40.51,40.39,97.99,97.13,102.73,40.402,40.156,98.166,96.9,102.559
683.5,129.031,40.52,40.42,97.89,97.21,102.75,40.407,40.176,98.156,96.89,102.576
684,127.333,40.51,40.41,97.96,97.31,102.77,40.399,40.177,97.981,96.889,102.599
684.5,125.654,40.54,40.45,98.34,97.41,102.78,40.408,40.2,97.97,96.916,102.61
685,123.994,40.51,40.46,98.19,97.55,102.78,40.404,40.206,97.853,96.975,102.636
685.5,122.354,40.51,40.49,98.66,97.67,102.8,40.406,40.228,98.09,97.028,102.649
686,120.733,40.52,40.51,98.21,97.77,102.81,40.397,40.241,97.687,97.115,102.664
686.5,119.131,40.51,40.53,98.74,97.89,102.8,40.406,40.264,98.258,97.222,102.671
687,117.549,40.52,40.55,99.24,98.03,102.83,40.404,40.274,98.394,97.327,102.679
687.5,115.988,40.53,40.58,98.9,98.17,102.8,40.415,40.296,98.076,97.466,102.692
688,114.446,40.51,40.57,99.28,98.36,102.81,40.4,40.306,98.579,97.615,102.698
688.5,112.925,40.52,40.61,99.75,98.55,102.82,40.411,40.327,98.486,97.777,102.704
689,111.424,40.52,40.61,99.83,98.75,102.83,40.408,40.339,98.854,97.956,102.708
689.5,109.943,40.54,40.65,100.03,98.96,102.8,40.416,40.369,99.004,98.158,102.711
690,108.484,40.53,40.65,100.49,99.16,102.8,40.411,40.377,99.429,98.378,102.716
690.5,107.045,40.53,40.67,100.85,99.35,102.81,40.42,40.399,99.638,98.586,102.714
691,105.627,40.52,40.68,101.33,99.55,102.81,40.413,40.406,99.95,98.816,102.709
691.5,104.231,40.55,40.69,101.72,99.81,102.79,40.422,40.427,100.523,99.049,102.705
692,102.856,40.55,40.7,102.11,100.12,102.79,40.416,40.437,100.588,99.306,102.701
692.5,101.502,40.54,40.71,102.96,100.41,102.83,40.429,40.454,101.389,99.564,102.699
693,100.17,40.55,40.69,102.98,100.66,102.83,40.419,40.461,101.396,99.817,102.687
693.5,98.86,40.56,40.72,103.66,100.94,102.8,40.436,40.474,102.132,100.089,102.668
694,97.572,40.55,40.72,104.58,101.23,102.8,40.423,40.476,102.724,100.356,102.668
694.5,96.306,40.54,40.72,104.72,101.51,102.77,40.434,40.49,102.848,100.624,102.669
695,95.062,40.55,40.71,105.3,101.82,102.79,40.429,40.487,103.553,100.911,102.661
695.5,93.841,40.55,40.7,105.74,102.08,102.77,40.439,40.491,103.935,101.174,102.646
696,92.642,40.55,40.69,106.22,102.37,102.78,40.431,40.484,104.508,101.461,102.646
696.5,91.466,40.55,40.69,106.75,102.64,102.77,40.442,40.493,105.04,101.735,102.65
697,90.312,40.53,40.7,107.17,102.88,102.77,40.431,40.484,105.469,102.004,102.639
697.5,89.182,40.58,40.68,107.8,103.11,102.83,40.44,40.49,106.031,102.266,102.641
698,88.074,40.55,40.67,108.36,103.33,102.8,40.436,40.476,106.464,102.521,102.634
698.5,86.989,40.55,40.66,108.7,103.55,102.82,40.443,40.476,106.891,102.773,102.635
699,85.928,40.55,40.63,109.3,103.72,102.8,40.439,40.459,107.476,103.006,102.629
699.5,84.89,40.57,40.62,109.73,103.86,102.79,40.439,40.455,107.896,103.222,102.626
700,83.876,40.52,40.57,110.1,103.95,102.76,40.436,40.44,108.286,103.432,102.628
700.5,82.885,40.56,40.58,110.6,104.05,102.79,40.442,40.431,108.712,103.595,102.627
701,81.918,40.53,40.57,110.83,104.11,102.78,40.434,40.415,109.024,103.755,102.619
701.5,80.974,40.54,40.54,111.3,104.14,102.75,40.447,40.403,109.539,103.877,102.611
702,80.055,40.54,40.52,111.59,104.16,102.77,40.434,40.381,109.831,103.984,102.611
702.5,79.159,40.56,40.49,111.99,104.17,102.77,40.444,40.368,110.154,104.065,102.619
703,78.288,40.53,40.48,112.44,104.12,102.77,40.436,40.346,110.58,104.115,102.617
703.5,77.44,40.55,40.47,112.55,104.09,102.79,40.44,40.336,110.701,104.134,102.616
704,76.617,40.54,40.46,113.05,104.04,102.8,40.436,40.316,111.104,104.139,102.616
704.5,75.819,40.55,40.45,113.21,103.91,102.78,40.443,40.309,111.331,104.11,102.613
705,75.045,40.54,40.42,113.47,103.75,102.81,40.442,40.283,111.636,104.041,102.619
705.5,74.295,40.56,40.42,113.81,103.56,102.81,40.446,40.276,111.839,103.946,102.61
706,73.57,40.56,40.39,114.09,103.38,102.79,40.439,40.253,112.006,103.827,102.614
706.5,72.87,40.56,40.4,114.13,103.17,102.79,40.443,40.243,112.147,103.671,102.607
707,72.195,40.54,40.39,114.46,102.94,102.78,40.439,40.231,112.334,103.494,102.615
707.5,71.544,40.55,40.39,114.67,102.69,102.81,40.446,40.229,112.421,103.301,102.624
708,70.919,40.54,40.37,114.74,102.42,102.82,40.434,40.209,112.448,103.066,102.625
708.5,70.318,40.54,40.36,114.91,102.15,102.83,40.449,40.209,112.604,102.839,102.633
709,69.742,40.54,40.35,115.12,101.86,102.85,40.441,40.194,112.636,102.579,102.648
709.5,69.192,40.55,40.37,115.18,101.59,102.87,40.442,40.196,112.666,102.317,102.661
710,68.667,40.54,40.36,115.16,101.29,102.89,40.442,40.188,112.664,102.034,102.674
710.5,68.167,40.56,40.39,115.16,100.99,102.91,40.449,40.191,112.637,101.748,102.687
711,67.692,40.54,40.43,115.08,100.7,102.92,40.439,40.181,112.573,101.445,102.699
711.5,67.243,40.56,40.49,114.98,100.44,102.92,40.451,40.193,112.483,101.154,102.713
712,66.819,40.57,40.55,114.75,100.13,102.92,40.444,40.197,112.342,100.847,102.724
712.5,66.42,40.58,40.61,114.76,99.89,102.93,40.454,40.236,112.163,100.569,102.746
713,66.047,40.56,40.71,114.58,99.63,102.93,40.442,40.271,111.857,100.264,102.747
713.5,65.7,40.59,40.81,114.31,99.41,102.94,40.456,40.341,111.575,99.996,102.764
714,65.378,40.54,40.87,114.1,99.2,102.95,40.446,40.396,111.268,99.72,102.781
714.5,65.082,40.58,41,113.81,99.05,102.96,40.454,40.479,110.959,99.482,102.795
715,64.811,40.58,41.09,113.38,98.93,102.98,40.45,40.552,110.565,99.255,102.811
715.5,64.567,40.58,41.22,112.9,98.81,103,40.46,40.66,110.193,99.054,102.826
716,64.347,40.58,41.35,112.45,98.71,103.04,40.451,40.749,109.78,98.873,102.84
716.5,64.154,40.58,41.49,111.92,98.69,103.05,40.459,40.863,109.325,98.727,102.85
717,63.986,40.57,41.64,111.34,98.68,103.04,40.457,40.971,108.784,98.598,102.861
717.5,63.844,40.59,41.78,110.82,98.71,103.05,40.46,41.098,108.263,98.508,102.872
718,63.728,40.59,41.94,110.07,98.78,103.08,40.461,41.223,107.603,98.45,102.88
718.5,63.638,40.59,42.11,109.37,98.84,103.04,40.469,41.357,106.956,98.426,102.887
719,63.573,40.58,42.28,108.66,98.96,103.04,40.465,41.489,106.238,98.439,102.884
719.5,63.535,40.59,42.44,107.86,99.12,103.06,40.477,41.644,105.494,98.489,102.886
