CA_aTDCe,cyl_volume_cm3,P_Intk_Plen_In_kPa_S_2014_05_20_02,P_Intk_Port_kPa_S_2014_05_20_02,P_Cyl_kPa_S_2014_05_20_02,P_Exh_Port_kPa_S_2014_05_20_02,P_Exh_Plen_Out_kPa_S_2014_05_20_02,P_Intk_Plen_In_kPa_mean_all_tests,P_Intk_Port_kPa_mean_all_tests,P_Cyl_kPa_mean_all_tests,P_Exh_Port_kPa_mean_all_tests,P_Exh_Plen_Out_kPa_mean_all_tests
0,63.522,96.09,96.48,102.43,102.3,103.47,95.973,96.493,102.373,102.423,103.53
0.5,63.535,96.1,96.47,101.96,102.32,103.49,95.98,96.477,101.88,102.453,103.533
1,63.573,96.09,96.47,101.44,102.35,103.48,95.973,96.457,101.343,102.493,103.527
1.5,63.638,96.09,96.43,100.92,102.35,103.47,95.973,96.413,100.823,102.517,103.517
2,63.728,96.09,96.42,100.4,102.41,103.46,95.98,96.38,100.287,102.563,103.513
2.5,63.844,96.11,96.41,99.92,102.43,103.45,95.99,96.333,99.753,102.597,103.5
3,63.986,96.1,96.32,99.31,102.45,103.44,95.983,96.257,99.14,102.613,103.493
3.5,64.154,96.09,96.26,98.78,102.44,103.43,95.977,96.17,98.577,102.617,103.487
4,64.347,96.11,96.19,98.24,102.44,103.44,95.99,96.087,97.98,102.657,103.493
4.5,64.567,96.11,96.11,97.66,102.54,103.43,95.993,96.0,97.373,102.773,103.48
5,64.811,96.12,96.01,97.02,102.7,103.41,96.0,95.893,96.73,102.937,103.467
5.5,65.082,96.13,95.9,96.37,102.85,103.43,96.003,95.77,96.073,103.083,103.463
6,65.378,96.12,95.74,95.75,103.02,103.41,96.007,95.61,95.437,103.257,103.46
6.5,65.7,96.14,95.59,95.15,103.19,103.41,96.017,95.46,94.813,103.417,103.453
7,66.047,96.15,95.43,94.54,103.36,103.42,96.023,95.293,94.193,103.59,103.45
7.5,66.42,96.13,95.22,93.94,103.54,103.37,96.02,95.087,93.617,103.757,103.423
8,66.819,96.13,95,93.41,103.72,103.39,96.027,94.863,93.077,103.943,103.423
8.5,67.243,96.15,94.74,92.98,103.92,103.36,96.037,94.613,92.607,104.13,103.413
9,67.692,96.18,94.48,92.53,104.12,103.37,96.05,94.337,92.173,104.31,103.417
9.5,68.167,96.17,94.18,92.13,104.28,103.36,96.053,94.05,91.79,104.433,103.407
10,68.667,96.19,93.83,91.72,104.33,103.36,96.063,93.7,91.433,104.473,103.397
10.5,69.192,96.2,93.5,91.33,104.37,103.33,96.07,93.37,91.043,104.507,103.38
11,69.742,96.2,93.26,90.95,104.39,103.35,96.08,93.113,90.677,104.527,103.383
11.5,70.318,96.2,93.11,90.56,104.42,103.35,96.087,92.967,90.323,104.537,103.377
12,70.919,96.22,92.98,90.28,104.43,103.34,96.1,92.843,90.0,104.55,103.377
12.5,71.544,96.22,92.89,89.93,104.46,103.33,96.09,92.757,89.69,104.547,103.363
13,72.195,96.22,92.82,89.6,104.44,103.31,96.097,92.717,89.383,104.513,103.353
13.5,72.87,96.22,92.78,89.36,104.36,103.31,96.097,92.7,89.167,104.417,103.353
14,73.57,96.22,92.78,89.09,104.24,103.31,96.097,92.703,88.933,104.277,103.347
14.5,74.295,96.23,92.84,88.91,104.09,103.29,96.107,92.767,88.757,104.137,103.343
15,75.045,96.23,92.96,88.66,103.94,103.3,96.103,92.903,88.58,103.97,103.35
15.5,75.819,96.22,93.11,88.47,103.78,103.29,96.097,93.043,88.433,103.797,103.34
16,76.617,96.22,93.25,88.31,103.61,103.28,96.093,93.207,88.327,103.62,103.337
16.5,77.44,96.2,93.42,88.28,103.41,103.31,96.083,93.39,88.293,103.437,103.34
17,78.288,96.2,93.54,88.24,103.25,103.29,96.08,93.543,88.297,103.253,103.34
17.5,79.159,96.2,93.62,88.24,103.07,103.28,96.077,93.65,88.343,103.083,103.337
18,80.055,96.2,93.71,88.29,102.87,103.27,96.077,93.74,88.43,102.897,103.327
18.5,80.974,96.19,93.82,88.42,102.72,103.29,96.067,93.85,88.56,102.763,103.337
19,81.918,96.17,93.94,88.56,102.63,103.28,96.053,93.973,88.717,102.69,103.34
19.5,82.885,96.17,94.09,88.75,102.55,103.27,96.047,94.113,88.93,102.623,103.337
20,83.876,96.16,94.22,88.92,102.5,103.3,96.03,94.263,89.15,102.563,103.347
20.5,84.89,96.14,94.32,89.09,102.45,103.29,96.01,94.38,89.337,102.52,103.343
21,85.928,96.11,94.44,89.29,102.37,103.29,95.99,94.493,89.553,102.48,103.347
21.5,86.989,96.11,94.55,89.49,102.33,103.31,95.977,94.61,89.76,102.453,103.357
22,88.074,96.1,94.66,89.68,102.31,103.29,95.963,94.74,89.97,102.473,103.35
22.5,89.182,96.07,94.78,89.82,102.36,103.3,95.95,94.853,90.13,102.547,103.353
23,90.312,96.05,94.89,89.93,102.44,103.31,95.937,94.977,90.303,102.647,103.363
23.5,91.466,96.06,94.98,90.14,102.58,103.33,95.923,95.06,90.483,102.777,103.36
24,92.642,96.02,95.04,90.34,102.67,103.3,95.9,95.123,90.677,102.893,103.353
24.5,93.841,96.02,95.1,90.46,102.81,103.3,95.893,95.183,90.84,103.04,103.353
25,95.062,96.01,95.14,90.69,102.94,103.29,95.883,95.243,91.05,103.177,103.35
25.5,96.306,96.01,95.18,90.86,103.1,103.3,95.883,95.283,91.19,103.343,103.347
26,97.572,95.99,95.18,91.03,103.24,103.29,95.87,95.287,91.343,103.483,103.337
26.5,98.86,95.98,95.21,91.11,103.4,103.29,95.86,95.303,91.44,103.643,103.33
27,100.17,95.98,95.24,91.21,103.57,103.28,95.863,95.327,91.55,103.79,103.313
27.5,101.502,95.97,95.22,91.29,103.67,103.26,95.85,95.317,91.643,103.893,103.303
28,102.856,95.96,95.2,91.41,103.78,103.26,95.843,95.29,91.733,103.973,103.303
28.5,104.231,95.97,95.16,91.59,103.84,103.26,95.843,95.243,91.813,104.037,103.3
29,105.627,95.96,95.15,91.63,103.91,103.25,95.837,95.2,91.837,104.1,103.287
29.5,107.045,95.96,95.09,91.67,103.97,103.23,95.837,95.147,91.887,104.15,103.273
30,108.484,95.95,95.05,91.7,104.02,103.21,95.823,95.1,91.907,104.177,103.257
30.5,109.943,95.95,94.98,91.75,104.06,103.22,95.823,95.027,91.93,104.2,103.253
31,111.424,95.94,94.92,91.68,104.07,103.19,95.817,94.963,91.903,104.173,103.233
31.5,112.925,95.94,94.88,91.75,104.04,103.19,95.813,94.903,91.91,104.113,103.23
32,114.446,95.93,94.78,91.67,103.92,103.16,95.81,94.81,91.81,104.013,103.217
32.5,115.988,95.92,94.72,91.68,103.85,103.17,95.81,94.743,91.787,103.913,103.22
33,117.549,95.93,94.66,91.66,103.73,103.16,95.797,94.657,91.72,103.787,103.21
33.5,119.131,95.94,94.6,91.65,103.63,103.16,95.807,94.583,91.707,103.68,103.203
34,120.733,95.91,94.53,91.54,103.53,103.14,95.787,94.507,91.573,103.553,103.19
34.5,122.354,95.9,94.47,91.45,103.38,103.14,95.77,94.437,91.517,103.407,103.187
35,123.994,95.88,94.4,91.55,103.23,103.14,95.77,94.373,91.517,103.263,103.19
35.5,125.654,95.88,94.33,91.5,103.08,103.13,95.76,94.297,91.49,103.107,103.19
36,127.333,95.88,94.26,91.59,102.94,103.14,95.753,94.223,91.443,102.973,103.2
36.5,129.031,95.86,94.18,91.46,102.81,103.13,95.74,94.15,91.383,102.867,103.2
37,130.747,95.84,94.15,91.33,102.73,103.14,95.723,94.087,91.233,102.78,103.2
37.5,132.482,95.83,94.08,91.14,102.67,103.13,95.71,94.033,91.103,102.713,103.19
38,134.236,95.81,94.03,91.14,102.58,103.14,95.683,93.967,91.1,102.64,103.197
38.5,136.007,95.79,93.96,91.17,102.52,103.14,95.667,93.897,91.027,102.59,103.203
39,137.797,95.79,93.93,91.23,102.46,103.16,95.663,93.843,91.063,102.537,103.217
39.5,139.604,95.76,93.88,91.15,102.41,103.16,95.647,93.793,90.983,102.513,103.223
40,141.429,95.75,93.83,91.14,102.4,103.19,95.637,93.747,91.04,102.533,103.243
40.5,143.272,95.75,93.81,90.97,102.43,103.19,95.627,93.723,90.887,102.573,103.247
41,145.131,95.72,93.76,90.95,102.48,103.2,95.597,93.677,90.857,102.63,103.247
41.5,147.008,95.72,93.74,90.92,102.55,103.2,95.59,93.653,90.81,102.71,103.24
42,148.901,95.7,93.71,90.79,102.62,103.18,95.58,93.627,90.763,102.8,103.23
42.5,150.812,95.7,93.7,90.94,102.69,103.21,95.573,93.603,90.793,102.88,103.243
43,152.738,95.68,93.67,91.05,102.79,103.19,95.567,93.58,90.853,102.987,103.24
43.5,154.681,95.68,93.65,91.13,102.89,103.21,95.553,93.56,90.963,103.097,103.25
44,156.64,95.66,93.63,91.21,103.01,103.22,95.547,93.55,90.917,103.223,103.253
44.5,158.615,95.67,93.6,91.03,103.12,103.2,95.54,93.52,90.907,103.33,103.233
45,160.605,95.65,93.59,91.12,103.26,103.18,95.523,93.517,90.913,103.463,103.207
45.5,162.611,95.63,93.59,91,103.33,103.16,95.51,93.517,90.843,103.53,103.2
46,164.632,95.63,93.57,91.06,103.42,103.16,95.513,93.503,90.913,103.617,103.193
46.5,166.668,95.62,93.54,91.12,103.48,103.14,95.503,93.487,90.95,103.687,103.183
47,168.718,95.59,93.57,91.25,103.55,103.17,95.483,93.497,91.067,103.753,103.187
47.5,170.784,95.58,93.56,91.19,103.63,103.14,95.477,93.493,91.057,103.813,103.163
48,172.864,95.58,93.56,91.21,103.68,103.13,95.46,93.487,91.07,103.86,103.153
48.5,174.958,95.58,93.53,91.36,103.73,103.11,95.45,93.47,91.147,103.877,103.13
49,177.065,95.56,93.51,91.29,103.74,103.09,95.443,93.46,91.12,103.87,103.117
49.5,179.187,95.55,93.53,91.44,103.71,103.06,95.43,93.46,91.28,103.83,103.1
50,181.322,95.53,93.5,91.42,103.67,103.03,95.413,93.447,91.243,103.79,103.083
50.5,183.471,95.52,93.53,91.38,103.62,103.05,95.4,93.463,91.317,103.73,103.087
51,185.632,95.52,93.55,91.47,103.58,103.05,95.39,93.48,91.337,103.677,103.08
51.5,187.807,95.5,93.55,91.48,103.54,103.06,95.383,93.5,91.37,103.61,103.083
52,189.994,95.49,93.56,91.48,103.45,103.01,95.357,93.497,91.39,103.513,103.053
52.5,192.194,95.48,93.57,91.63,103.36,103.01,95.343,93.497,91.473,103.403,103.05
53,194.406,95.45,93.55,91.69,103.25,102.99,95.323,93.497,91.583,103.293,103.047
53.5,196.629,95.42,93.55,91.61,103.11,103.01,95.313,93.51,91.543,103.18,103.063
54,198.865,95.41,93.55,91.84,103.04,103.03,95.287,93.497,91.69,103.09,103.07
54.5,201.112,95.36,93.55,91.81,102.96,103.04,95.247,93.483,91.64,103.003,103.077
55,203.371,95.35,93.52,91.9,102.9,103.03,95.233,93.457,91.79,102.943,103.08
55.5,205.64,95.31,93.5,91.78,102.82,103.02,95.207,93.45,91.673,102.857,103.07
56,207.921,95.31,93.48,91.83,102.74,103.01,95.193,93.45,91.787,102.773,103.077
56.5,210.212,95.28,93.48,91.94,102.66,103.02,95.173,93.443,91.78,102.71,103.08
57,212.514,95.27,93.49,91.92,102.58,103.06,95.153,93.443,91.833,102.643,103.1
57.5,214.826,95.24,93.47,92.01,102.53,103.04,95.137,93.44,91.873,102.61,103.107
58,217.147,95.24,93.49,91.99,102.51,103.08,95.123,93.447,91.917,102.603,103.123
58.5,219.479,95.21,93.48,91.98,102.49,103.07,95.11,93.457,91.947,102.607,103.133
59,221.82,95.22,93.46,91.98,102.51,103.09,95.09,93.43,91.917,102.613,103.133
59.5,224.171,95.18,93.44,91.98,102.5,103.08,95.073,93.42,91.95,102.613,103.123
60,226.53,95.18,93.45,92.07,102.52,103.08,95.067,93.427,91.967,102.65,103.127
60.5,228.899,95.18,93.44,92.15,102.53,103.08,95.053,93.413,92.037,102.683,103.133
61,231.276,95.15,93.42,92.09,102.58,103.11,95.033,93.41,92.013,102.75,103.14
61.5,233.661,95.16,93.41,92.2,102.67,103.1,95.03,93.407,92.033,102.847,103.14
62,236.055,95.13,93.4,92.2,102.77,103.1,95.017,93.403,92.103,102.943,103.133
62.5,238.456,95.11,93.38,92.23,102.82,103.07,95.0,93.383,92.133,103.01,103.11
63,240.866,95.11,93.39,92.24,102.91,103.08,94.993,93.373,92.143,103.09,103.107
63.5,243.282,95.1,93.37,92.32,102.95,103.05,94.99,93.38,92.167,103.153,103.097
64,245.706,95.11,93.36,92.21,103.01,103.05,94.977,93.357,92.113,103.21,103.083
64.5,248.137,95.07,93.33,92.2,103.07,103.04,94.957,93.33,92.15,103.283,103.077
65,250.575,95.08,93.32,92.26,103.15,103.03,94.953,93.31,92.147,103.367,103.063
65.5,253.02,95.07,93.31,92.16,103.24,103.02,94.947,93.293,92.14,103.447,103.047
66,255.471,95.06,93.29,92.24,103.33,102.98,94.93,93.267,92.123,103.51,103.013
66.5,257.928,95.04,93.27,92.06,103.36,102.98,94.917,93.25,92.01,103.54,103.003
67,260.39,95.03,93.29,92.15,103.4,102.95,94.903,93.253,92.093,103.573,102.983
67.5,262.859,95.01,93.26,92.19,103.43,102.94,94.893,93.233,92.063,103.583,102.967
68,265.333,95,93.27,92.26,103.44,102.94,94.887,93.227,92.113,103.59,102.97
68.5,267.812,94.99,93.28,92.18,103.48,102.93,94.873,93.24,92.067,103.617,102.97
69,270.296,94.97,93.26,92.15,103.47,102.92,94.847,93.213,92.023,103.587,102.953
69.5,272.785,94.95,93.24,92.25,103.46,102.9,94.82,93.19,92.093,103.563,102.937
70,275.278,94.93,93.24,92.22,103.44,102.9,94.807,93.183,92.09,103.517,102.937
70.5,277.776,94.9,93.23,92.26,103.36,102.86,94.78,93.177,92.117,103.433,102.913
71,280.278,94.89,93.19,92.17,103.27,102.87,94.767,93.143,92.043,103.347,102.92
71.5,282.784,94.85,93.18,92.14,103.22,102.88,94.737,93.123,92.003,103.287,102.927
72,285.293,94.84,93.16,92.14,103.15,102.89,94.72,93.113,91.97,103.22,102.943
72.5,287.806,94.8,93.1,92.13,103.1,102.91,94.693,93.063,91.987,103.16,102.95
73,290.322,94.81,93.13,92.19,103.06,102.91,94.683,93.06,92.023,103.097,102.957
73.5,292.841,94.77,93.09,92.12,102.96,102.89,94.663,93.04,91.983,103.01,102.953
74,295.362,94.75,93.05,92.05,102.88,102.89,94.637,93.007,91.923,102.907,102.953
74.5,297.886,94.75,93.06,92.04,102.76,102.9,94.623,92.997,91.873,102.807,102.963
75,300.413,94.71,93.03,91.99,102.68,102.93,94.597,92.97,91.873,102.73,102.98
75.5,302.941,94.71,93.01,92.1,102.62,102.95,94.593,92.95,91.92,102.673,102.99
76,305.472,94.69,93,92.06,102.55,102.94,94.573,92.927,91.907,102.61,103.0
76.5,308.004,94.69,92.98,92.07,102.5,102.96,94.57,92.913,91.907,102.573,103.013
77,310.537,94.66,92.97,92.08,102.47,102.95,94.553,92.9,91.887,102.537,103.003
77.5,313.072,94.65,92.96,92.03,102.41,102.97,94.533,92.89,91.84,102.5,103.013
78,315.607,94.65,92.97,92.05,102.36,102.98,94.52,92.887,91.813,102.48,103.01
78.5,318.144,94.62,92.96,92.01,102.35,102.96,94.52,92.89,91.853,102.497,103.01
79,320.68,94.62,92.94,92.04,102.38,102.96,94.497,92.863,91.84,102.53,103.01
79.5,323.218,94.61,92.92,92.05,102.42,102.96,94.487,92.84,91.84,102.573,103.007
80,325.755,94.6,92.91,92.03,102.47,102.95,94.473,92.827,91.83,102.627,103.003
80.5,328.292,94.58,92.87,92.01,102.51,102.96,94.463,92.8,91.803,102.673,102.997
81,330.829,94.57,92.87,91.97,102.54,102.96,94.45,92.78,91.767,102.71,102.987
81.5,333.366,94.57,92.85,91.98,102.58,102.96,94.437,92.76,91.777,102.767,102.98
82,335.902,94.56,92.84,91.97,102.63,102.92,94.437,92.753,91.777,102.837,102.96
82.5,338.436,94.53,92.81,91.97,102.69,102.91,94.417,92.727,91.8,102.91,102.95
83,340.97,94.5,92.79,91.96,102.81,102.9,94.39,92.7,91.783,103.017,102.93
83.5,343.502,94.5,92.8,91.97,102.91,102.9,94.403,92.703,91.797,103.127,102.93
84,346.033,94.48,92.78,91.92,103,102.89,94.373,92.687,91.737,103.207,102.907
84.5,348.562,94.47,92.77,91.95,103.08,102.88,94.353,92.683,91.733,103.27,102.9
85,351.089,94.45,92.76,91.96,103.15,102.86,94.337,92.68,91.76,103.337,102.887
85.5,353.614,94.43,92.75,91.93,103.22,102.83,94.317,92.673,91.733,103.397,102.863
86,356.137,94.43,92.75,91.93,103.29,102.82,94.303,92.667,91.727,103.453,102.85
86.5,358.657,94.37,92.77,91.91,103.33,102.81,94.27,92.68,91.723,103.487,102.847
87,361.174,94.37,92.76,91.98,103.39,102.8,94.26,92.687,91.747,103.523,102.837
87.5,363.688,94.35,92.75,91.93,103.39,102.78,94.24,92.687,91.733,103.51,102.827
88,366.199,94.33,92.74,91.95,103.39,102.78,94.223,92.673,91.733,103.497,102.83
88.5,368.707,94.32,92.77,91.96,103.35,102.79,94.21,92.697,91.777,103.46,102.84
89,371.211,94.29,92.75,91.94,103.33,102.79,94.173,92.673,91.74,103.413,102.833
89.5,373.712,94.28,92.75,91.9,103.3,102.78,94.163,92.673,91.74,103.377,102.837
90,376.208,94.25,92.74,91.91,103.26,102.76,94.14,92.663,91.74,103.327,102.827
90.5,378.701,94.24,92.73,91.91,103.21,102.78,94.13,92.65,91.737,103.27,102.827
91,381.189,94.22,92.73,91.92,103.16,102.79,94.11,92.643,91.753,103.197,102.837
91.5,383.672,94.19,92.71,91.92,103.08,102.79,94.083,92.633,91.75,103.103,102.84
92,386.151,94.19,92.71,91.94,102.94,102.81,94.077,92.64,91.78,102.977,102.857
92.5,388.625,94.17,92.7,91.96,102.84,102.81,94.07,92.637,91.797,102.873,102.867
93,391.094,94.17,92.69,91.97,102.73,102.82,94.05,92.62,91.81,102.767,102.867
93.5,393.558,94.15,92.69,91.99,102.63,102.83,94.047,92.627,91.837,102.68,102.88
94,396.016,94.14,92.7,91.99,102.53,102.82,94.03,92.627,91.82,102.59,102.873
94.5,398.469,94.13,92.71,91.98,102.45,102.83,94.017,92.63,91.827,102.513,102.88
95,400.916,94.12,92.7,91.98,102.36,102.83,94.007,92.637,91.833,102.43,102.88
95.5,403.357,94.11,92.69,92,102.29,102.84,93.997,92.63,91.847,102.373,102.887
96,405.792,94.09,92.68,92,102.24,102.83,93.977,92.627,91.84,102.337,102.89
96.5,408.22,94.09,92.68,92,102.2,102.85,93.967,92.623,91.84,102.31,102.897
97,410.642,94.08,92.7,92.02,102.18,102.86,93.96,92.637,91.837,102.307,102.897
97.5,413.058,94.08,92.69,92,102.2,102.83,93.947,92.637,91.84,102.327,102.873
98,415.466,94.04,92.66,91.99,102.2,102.82,93.933,92.627,91.847,102.347,102.87
98.5,417.868,94.03,92.66,92.02,102.22,102.83,93.923,92.623,91.893,102.377,102.867
99,420.262,94.01,92.67,92.04,102.24,102.83,93.907,92.613,91.903,102.41,102.863
99.5,422.649,94.03,92.69,92.08,102.29,102.81,93.903,92.62,91.927,102.47,102.853
100,425.029,94.02,92.67,92.07,102.32,102.8,93.897,92.607,91.943,102.533,102.847
100.5,427.401,93.98,92.68,92.1,102.44,102.81,93.873,92.613,91.953,102.637,102.84
101,429.765,93.96,92.68,92.09,102.53,102.77,93.857,92.62,91.953,102.747,102.82
101.5,432.121,93.97,92.69,92.15,102.65,102.76,93.85,92.62,91.977,102.86,102.8
102,434.469,93.94,92.69,92.11,102.76,102.75,93.827,92.623,91.973,102.963,102.793
102.5,436.809,93.92,92.72,92.15,102.86,102.75,93.81,92.657,91.993,103.057,102.783
103,439.14,93.9,92.72,92.15,102.94,102.74,93.793,92.66,92.003,103.137,102.777
103.5,441.463,93.89,92.73,92.17,103.04,102.74,93.787,92.673,92.033,103.23,102.78
104,443.777,93.88,92.72,92.16,103.13,102.73,93.76,92.657,92.017,103.307,102.76
104.5,446.082,93.85,92.73,92.17,103.21,102.72,93.74,92.67,92.037,103.367,102.753
105,448.378,93.84,92.73,92.16,103.25,102.71,93.727,92.673,92.037,103.403,102.74
105.5,450.665,93.82,92.74,92.2,103.3,102.7,93.703,92.683,92.05,103.44,102.733
106,452.943,93.8,92.74,92.22,103.33,102.71,93.683,92.683,92.073,103.453,102.73
106.5,455.211,93.8,92.76,92.24,103.35,102.7,93.68,92.69,92.09,103.457,102.73
107,457.469,93.76,92.75,92.24,103.33,102.69,93.653,92.693,92.1,103.43,102.733
107.5,459.718,93.74,92.76,92.24,103.31,102.67,93.637,92.703,92.12,103.4,102.72
108,461.956,93.73,92.74,92.27,103.27,102.68,93.623,92.707,92.147,103.347,102.727
108.5,464.185,93.72,92.75,92.31,103.22,102.7,93.623,92.713,92.187,103.287,102.743
109,466.404,93.71,92.76,92.29,103.16,102.68,93.6,92.713,92.163,103.2,102.733
109.5,468.612,93.7,92.76,92.33,103.05,102.69,93.593,92.703,92.187,103.09,102.727
110,470.81,93.68,92.77,92.34,102.94,102.7,93.577,92.717,92.22,102.977,102.74
110.5,472.997,93.68,92.78,92.33,102.83,102.7,93.57,92.717,92.21,102.863,102.737
111,475.173,93.67,92.77,92.38,102.72,102.71,93.557,92.72,92.243,102.753,102.747
111.5,477.339,93.66,92.77,92.38,102.58,102.7,93.547,92.72,92.253,102.64,102.75
112,479.493,93.65,92.79,92.39,102.51,102.71,93.54,92.733,92.263,102.547,102.747
112.5,481.637,93.66,92.79,92.41,102.38,102.69,93.533,92.74,92.26,102.437,102.743
113,483.769,93.63,92.77,92.38,102.29,102.69,93.52,92.74,92.257,102.343,102.74
113.5,485.89,93.63,92.78,92.38,102.19,102.7,93.53,92.753,92.3,102.28,102.757
114,488,93.63,92.78,92.41,102.15,102.72,93.51,92.737,92.29,102.23,102.757
114.5,490.098,93.6,92.78,92.39,102.08,102.72,93.49,92.73,92.297,102.173,102.757
115,492.184,93.62,92.79,92.45,102.04,102.72,93.503,92.747,92.347,102.153,102.757
115.5,494.258,93.6,92.78,92.46,102.02,102.69,93.487,92.743,92.347,102.14,102.74
116,496.321,93.59,92.78,92.5,101.99,102.69,93.473,92.733,92.37,102.133,102.733
116.5,498.371,93.58,92.77,92.52,101.99,102.69,93.473,92.74,92.4,102.153,102.737
117,500.409,93.56,92.79,92.54,102.03,102.69,93.453,92.75,92.407,102.197,102.727
117.5,502.435,93.55,92.81,92.51,102.09,102.68,93.447,92.763,92.41,102.267,102.723
118,504.449,93.56,92.85,92.57,102.18,102.7,93.44,92.78,92.43,102.35,102.727
118.5,506.45,93.55,92.83,92.57,102.27,102.7,93.44,92.797,92.46,102.46,102.727
119,508.439,93.52,92.84,92.56,102.34,102.67,93.413,92.797,92.44,102.543,102.707
119.5,510.414,93.51,92.86,92.58,102.48,102.66,93.403,92.803,92.447,102.663,102.693
120,512.377,93.49,92.86,92.54,102.56,102.64,93.38,92.813,92.447,102.757,102.68
120.5,514.327,93.49,92.87,92.56,102.66,102.64,93.367,92.823,92.44,102.857,102.673
121,516.265,93.46,92.88,92.58,102.78,102.64,93.353,92.827,92.46,102.963,102.673
121.5,518.189,93.45,92.87,92.6,102.86,102.63,93.337,92.833,92.47,103.057,102.667
122,520.099,93.42,92.87,92.59,102.95,102.62,93.323,92.827,92.483,103.143,102.657
122.5,521.997,93.43,92.9,92.64,103.05,102.62,93.32,92.837,92.517,103.22,102.657
123,523.881,93.42,92.9,92.64,103.11,102.6,93.303,92.843,92.517,103.273,102.637
123.5,525.751,93.41,92.91,92.67,103.18,102.6,93.303,92.86,92.577,103.323,102.64
124,527.608,93.39,92.92,92.7,103.21,102.6,93.273,92.853,92.577,103.34,102.633
124.5,529.452,93.39,92.92,92.72,103.23,102.6,93.27,92.857,92.593,103.347,102.63
125,531.281,93.39,92.93,92.73,103.23,102.59,93.263,92.867,92.62,103.337,102.63
125.5,533.097,93.36,92.93,92.75,103.21,102.6,93.253,92.87,92.617,103.313,102.623
126,534.899,93.35,92.92,92.74,103.2,102.6,93.243,92.877,92.627,103.273,102.63
126.5,536.686,93.36,92.93,92.76,103.13,102.58,93.237,92.883,92.64,103.2,102.617
127,538.46,93.33,92.94,92.77,103.07,102.59,93.227,92.89,92.647,103.12,102.613
127.5,540.219,93.35,92.95,92.77,102.98,102.58,93.23,92.903,92.66,103.017,102.613
128,541.964,93.32,92.96,92.8,102.85,102.58,93.21,92.917,92.667,102.907,102.613
128.5,543.695,93.31,92.95,92.79,102.75,102.57,93.217,92.92,92.717,102.813,102.627
129,545.411,93.31,92.96,92.82,102.66,102.57,93.203,92.927,92.703,102.707,102.617
129.5,547.113,93.32,92.97,92.85,102.55,102.57,93.203,92.93,92.72,102.603,102.617
130,548.8,93.32,92.95,92.85,102.45,102.58,93.2,92.93,92.747,102.5,102.617
130.5,550.473,93.32,92.97,92.85,102.34,102.58,93.197,92.937,92.743,102.393,102.61
131,552.131,93.3,92.97,92.87,102.24,102.58,93.183,92.933,92.75,102.293,102.61
131.5,553.774,93.3,92.98,92.89,102.15,102.57,93.177,92.933,92.773,102.213,102.607
132,555.402,93.29,92.95,92.88,102.06,102.56,93.173,92.92,92.77,102.147,102.61
132.5,557.015,93.29,92.97,92.91,102.01,102.58,93.173,92.93,92.803,102.097,102.62
133,558.613,93.27,92.97,92.96,102,102.59,93.163,92.927,92.837,102.077,102.62
133.5,560.196,93.26,92.97,92.95,101.94,102.56,93.16,92.94,92.867,102.057,102.62
134,561.764,93.26,93,92.95,101.93,102.56,93.147,92.96,92.847,102.053,102.6
134.5,563.317,93.27,93.02,92.97,101.93,102.54,93.15,92.97,92.863,102.063,102.59
135,564.854,93.27,93.02,93,101.96,102.57,93.147,92.98,92.88,102.097,102.607
135.5,566.376,93.24,93.05,93.04,102.01,102.58,93.133,92.997,92.903,102.157,102.613
136,567.882,93.24,93.05,93.03,102.07,102.58,93.123,93.01,92.903,102.227,102.61
136.5,569.373,93.22,93.05,93.02,102.14,102.56,93.107,93.02,92.917,102.31,102.597
137,570.849,93.2,93.08,93.07,102.24,102.58,93.1,93.04,92.95,102.403,102.607
137.5,572.309,93.2,93.1,93.06,102.34,102.57,93.09,93.057,92.957,102.497,102.603
138,573.753,93.18,93.08,93.04,102.4,102.55,93.077,93.057,92.95,102.573,102.583
138.5,575.182,93.19,93.1,93.09,102.49,102.54,93.083,93.07,93.003,102.673,102.587
139,576.595,93.2,93.1,93.1,102.57,102.54,93.07,93.07,92.997,102.76,102.57
139.5,577.992,93.16,93.12,93.1,102.69,102.55,93.053,93.083,92.997,102.857,102.577
140,579.373,93.15,93.11,93.13,102.77,102.56,93.043,93.077,93.04,102.94,102.583
140.5,580.738,93.17,93.11,93.16,102.86,102.54,93.05,93.087,93.05,103.023,102.563
141,582.087,93.15,93.14,93.18,102.91,102.53,93.037,93.093,93.057,103.067,102.553
141.5,583.42,93.14,93.13,93.17,102.95,102.5,93.027,93.097,93.053,103.11,102.537
142,584.737,93.14,93.15,93.22,103,102.5,93.027,93.103,93.083,103.143,102.533
142.5,586.038,93.15,93.16,93.23,103.04,102.49,93.03,93.113,93.093,103.163,102.527
143,587.323,93.13,93.15,93.23,103.03,102.5,93.02,93.117,93.103,103.157,102.53
143.5,588.591,93.13,93.17,93.26,103.04,102.49,93.027,93.137,93.163,103.153,102.533
144,589.844,93.14,93.2,93.27,103.01,102.48,93.027,93.147,93.15,103.113,102.52
144.5,591.079,93.13,93.2,93.29,102.96,102.48,93.017,93.147,93.163,103.05,102.503
145,592.299,93.11,93.2,93.29,102.9,102.47,93.01,93.16,93.187,102.98,102.497
145.5,593.502,93.13,93.2,93.31,102.81,102.46,93.013,93.163,93.187,102.897,102.493
146,594.689,93.13,93.22,93.32,102.73,102.44,93.017,93.177,93.213,102.823,102.49
146.5,595.859,93.11,93.23,93.34,102.67,102.45,93.0,93.19,93.23,102.74,102.483
147,597.013,93.13,93.24,93.41,102.59,102.45,93.013,93.2,93.283,102.657,102.49
147.5,598.15,93.13,93.24,93.42,102.53,102.45,93.013,93.203,93.29,102.577,102.487
148,599.27,93.13,93.28,93.45,102.42,102.46,93.01,93.22,93.303,102.47,102.487
148.5,600.374,93.13,93.26,93.41,102.32,102.45,93.02,93.223,93.34,102.383,102.493
149,601.461,93.12,93.25,93.46,102.2,102.44,93.007,93.213,93.333,102.277,102.483
149.5,602.532,93.12,93.27,93.49,102.15,102.46,93.007,93.217,93.34,102.22,102.483
150,603.586,93.11,93.28,93.51,102.06,102.44,93.007,93.23,93.373,102.147,102.487
150.5,604.622,93.13,93.3,93.51,102.04,102.45,93.007,93.243,93.37,102.11,102.49
151,605.642,93.11,93.31,93.53,102.01,102.45,92.993,93.25,93.387,102.09,102.487
151.5,606.646,93.13,93.33,93.56,101.99,102.45,92.997,93.27,93.41,102.06,102.487
152,607.632,93.13,93.36,93.57,101.93,102.43,93.0,93.287,93.427,102.04,102.483
152.5,608.601,93.09,93.35,93.54,101.92,102.44,92.983,93.3,93.437,102.037,102.483
153,609.554,93.1,93.39,93.65,101.94,102.47,92.983,93.32,93.48,102.053,102.5
153.5,610.489,93.11,93.4,93.62,101.96,102.46,92.987,93.34,93.513,102.11,102.507
154,611.408,93.09,93.4,93.67,102.02,102.48,92.973,93.34,93.507,102.15,102.503
154.5,612.309,93.09,93.4,93.65,102.08,102.46,92.967,93.353,93.517,102.21,102.5
155,613.194,93.08,93.41,93.66,102.14,102.46,92.967,93.363,93.537,102.27,102.497
155.5,614.061,93.08,93.42,93.69,102.18,102.46,92.96,93.367,93.547,102.33,102.497
156,614.911,93.07,93.42,93.67,102.25,102.44,92.953,93.373,93.553,102.4,102.49
156.5,615.744,93.08,93.45,93.69,102.29,102.46,92.96,93.393,93.577,102.463,102.49
157,616.56,93.07,93.44,93.71,102.38,102.44,92.953,93.4,93.583,102.547,102.48
157.5,617.358,93.07,93.45,93.73,102.47,102.43,92.95,93.41,93.607,102.627,102.47
158,618.14,93.07,93.45,93.75,102.54,102.44,92.953,93.42,93.63,102.703,102.47
158.5,618.904,93.07,93.46,93.75,102.6,102.44,92.967,93.433,93.67,102.767,102.473
159,619.651,93.07,93.47,93.74,102.67,102.44,92.953,93.433,93.65,102.81,102.453
159.5,620.38,93.07,93.47,93.79,102.69,102.41,92.953,93.43,93.673,102.847,102.443
160,621.093,93.06,93.48,93.81,102.72,102.41,92.957,93.443,93.697,102.877,102.437
160.5,621.788,93.06,93.48,93.82,102.76,102.4,92.957,93.453,93.713,102.897,102.427
161,622.465,93.08,93.49,93.85,102.78,102.4,92.967,93.46,93.733,102.913,102.423
161.5,623.126,93.09,93.51,93.85,102.79,102.38,92.96,93.473,93.733,102.913,102.403
162,623.768,93.08,93.53,93.85,102.77,102.38,92.97,93.487,93.753,102.9,102.4
162.5,624.394,93.08,93.54,93.87,102.79,102.38,92.97,93.497,93.77,102.883,102.39
163,625.002,93.09,93.54,93.89,102.73,102.36,92.973,93.503,93.79,102.833,102.387
163.5,625.592,93.1,93.53,93.89,102.69,102.36,92.99,93.51,93.833,102.8,102.39
164,626.165,93.12,93.55,93.95,102.64,102.35,92.993,93.513,93.84,102.73,102.373
164.5,626.721,93.1,93.54,93.89,102.59,102.33,92.977,93.513,93.827,102.677,102.367
165,627.259,93.11,93.53,93.92,102.52,102.31,92.987,93.513,93.86,102.61,102.357
165.5,627.78,93.12,93.52,93.94,102.46,102.32,92.993,93.513,93.867,102.54,102.36
166,628.283,93.12,93.54,93.96,102.39,102.31,93.003,93.523,93.88,102.47,102.35
166.5,628.769,93.12,93.54,93.95,102.32,102.32,93.0,93.527,93.887,102.397,102.357
167,629.237,93.13,93.57,94.02,102.26,102.32,93.007,93.543,93.91,102.333,102.357
167.5,629.687,93.15,93.57,93.97,102.2,102.33,93.02,93.557,93.91,102.27,102.363
168,630.12,93.13,93.6,93.98,102.13,102.3,93.01,93.577,93.923,102.207,102.353
168.5,630.535,93.15,93.6,94.01,102.09,102.31,93.03,93.6,93.973,102.183,102.37
169,630.933,93.14,93.6,93.99,102.05,102.31,93.017,93.59,93.947,102.127,102.357
169.5,631.313,93.11,93.61,94.02,102.02,102.31,93.003,93.603,93.973,102.1,102.357
170,631.676,93.15,93.63,94.02,101.99,102.31,93.017,93.623,93.993,102.073,102.36
170.5,632.021,93.14,93.66,94.1,101.97,102.32,93.017,93.64,94.03,102.057,102.363
171,632.348,93.14,93.64,94.07,101.96,102.36,93.01,93.637,94.023,102.047,102.38
171.5,632.658,93.14,93.64,94.08,101.97,102.35,93.017,93.65,94.037,102.063,102.383
172,632.95,93.13,93.65,94.08,101.96,102.34,93.01,93.647,94.043,102.07,102.373
172.5,633.224,93.14,93.67,94.11,101.97,102.35,93.017,93.663,94.063,102.097,102.383
173,633.481,93.15,93.69,94.16,102.02,102.35,93.02,93.67,94.073,102.13,102.377
173.5,633.72,93.14,93.69,94.09,102.04,102.35,93.03,93.68,94.083,102.177,102.393
174,633.941,93.15,93.69,94.09,102.08,102.34,93.03,93.677,94.07,102.213,102.383
174.5,634.145,93.14,93.69,94.12,102.12,102.35,93.027,93.687,94.077,102.267,102.387
175,634.33,93.17,93.7,94.13,102.17,102.35,93.04,93.697,94.1,102.317,102.377
175.5,634.499,93.18,93.69,94.17,102.22,102.34,93.05,93.7,94.127,102.37,102.377
176,634.649,93.18,93.68,94.15,102.26,102.32,93.057,93.693,94.133,102.42,102.363
176.5,634.782,93.19,93.69,94.17,102.3,102.31,93.063,93.7,94.15,102.467,102.36
177,634.897,93.2,93.71,94.2,102.36,102.34,93.07,93.717,94.173,102.513,102.36
177.5,634.995,93.2,93.73,94.19,102.4,102.31,93.073,93.73,94.17,102.553,102.343
178,635.074,93.22,93.72,94.2,102.42,102.31,93.087,93.733,94.18,102.583,102.327
178.5,635.136,93.22,93.73,94.2,102.47,102.3,93.1,93.747,94.22,102.637,102.33
179,635.181,93.21,93.71,94.2,102.5,102.28,93.087,93.743,94.203,102.653,102.313
179.5,635.207,93.22,93.73,94.25,102.53,102.28,93.103,93.75,94.22,102.677,102.303
180,635.216,93.23,93.73,94.23,102.53,102.25,93.107,93.747,94.227,102.68,102.283
180.5,635.207,93.25,93.75,94.25,102.55,102.24,93.12,93.763,94.227,102.69,102.28
181,635.181,93.26,93.75,94.21,102.55,102.23,93.127,93.767,94.213,102.673,102.267
181.5,635.136,93.27,93.74,94.23,102.54,102.22,93.14,93.76,94.237,102.66,102.263
182,635.074,93.27,93.75,94.26,102.52,102.24,93.143,93.77,94.27,102.637,102.267
182.5,634.995,93.29,93.74,94.29,102.48,102.21,93.157,93.767,94.297,102.6,102.247
183,634.897,93.3,93.75,94.31,102.47,102.21,93.163,93.77,94.32,102.57,102.233
183.5,634.782,93.31,93.77,94.35,102.45,102.2,93.18,93.793,94.367,102.55,102.243
184,634.649,93.32,93.77,94.36,102.42,102.19,93.177,93.78,94.337,102.49,102.23
184.5,634.499,93.3,93.79,94.33,102.34,102.17,93.183,93.797,94.337,102.433,102.223
185,634.33,93.33,93.82,94.33,102.32,102.22,93.203,93.823,94.353,102.403,102.247
185.5,634.145,93.33,93.81,94.32,102.28,102.21,93.193,93.827,94.343,102.347,102.24
186,633.941,93.31,93.82,94.32,102.23,102.2,93.197,93.84,94.34,102.293,102.24
186.5,633.72,93.33,93.82,94.33,102.18,102.2,93.207,93.85,94.357,102.247,102.243
187,633.481,93.33,93.82,94.32,102.14,102.2,93.21,93.857,94.357,102.2,102.243
187.5,633.224,93.33,93.83,94.31,102.1,102.21,93.213,93.867,94.363,102.157,102.247
188,632.95,93.35,93.84,94.37,102.04,102.23,93.223,93.873,94.393,102.107,102.263
188.5,632.658,93.37,93.82,94.35,102.01,102.23,93.24,93.877,94.42,102.083,102.28
189,632.348,93.36,93.84,94.35,101.96,102.23,93.23,93.873,94.393,102.037,102.27
189.5,632.021,93.37,93.83,94.4,101.93,102.24,93.243,93.877,94.423,102.013,102.277
190,631.676,93.37,93.84,94.4,101.92,102.23,93.247,93.883,94.457,102.003,102.273
190.5,631.313,93.39,93.84,94.46,101.91,102.24,93.263,93.887,94.473,101.997,102.27
191,630.933,93.41,93.87,94.48,101.9,102.24,93.273,93.893,94.49,101.997,102.273
191.5,630.535,93.4,93.85,94.47,101.88,102.25,93.273,93.883,94.483,101.993,102.28
192,630.12,93.43,93.86,94.49,101.92,102.25,93.3,93.887,94.497,102.023,102.277
192.5,629.687,93.43,93.84,94.46,101.92,102.24,93.303,93.88,94.49,102.04,102.273
193,629.237,93.45,93.86,94.48,101.95,102.23,93.313,93.877,94.507,102.073,102.267
193.5,628.769,93.47,93.85,94.47,101.96,102.25,93.343,93.887,94.537,102.107,102.283
194,628.283,93.46,93.86,94.48,101.99,102.24,93.34,93.883,94.517,102.133,102.263
194.5,627.78,93.48,93.85,94.51,102.03,102.22,93.353,93.873,94.537,102.177,102.247
195,627.259,93.49,93.82,94.51,102.07,102.2,93.367,93.857,94.557,102.22,102.233
195.5,626.721,93.5,93.85,94.52,102.11,102.2,93.377,93.86,94.557,102.263,102.227
196,626.165,93.52,93.86,94.53,102.16,102.21,93.39,93.87,94.563,102.313,102.237
196.5,625.592,93.53,93.84,94.55,102.2,102.18,93.4,93.857,94.577,102.357,102.217
197,625.002,93.53,93.83,94.57,102.24,102.18,93.407,93.843,94.59,102.403,102.207
197.5,624.394,93.56,93.83,94.6,102.29,102.16,93.433,93.833,94.617,102.447,102.19
198,623.768,93.57,93.82,94.61,102.34,102.15,93.443,93.827,94.65,102.483,102.18
198.5,623.126,93.58,93.8,94.68,102.37,102.13,93.46,93.82,94.717,102.523,102.173
199,622.465,93.59,93.82,94.71,102.39,102.13,93.467,93.81,94.717,102.533,102.157
199.5,621.788,93.58,93.79,94.73,102.4,102.13,93.463,93.787,94.727,102.54,102.15
200,621.093,93.62,93.79,94.78,102.45,102.13,93.49,93.773,94.773,102.56,102.153
200.5,620.38,93.62,93.78,94.8,102.43,102.13,93.5,93.76,94.787,102.55,102.15
201,619.651,93.64,93.79,94.81,102.44,102.13,93.517,93.753,94.783,102.55,102.143
201.5,618.904,93.64,93.75,94.86,102.43,102.11,93.52,93.723,94.817,102.527,102.133
202,618.14,93.65,93.73,94.97,102.4,102.09,93.53,93.7,94.803,102.5,102.127
202.5,617.358,93.66,93.71,95.05,102.37,102.08,93.54,93.677,94.877,102.47,102.12
203,616.56,93.67,93.7,94.9,102.36,102.09,93.553,93.65,94.9,102.437,102.127
203.5,615.744,93.69,93.7,94.89,102.32,102.12,93.573,93.633,94.95,102.407,102.143
204,614.911,93.7,93.65,94.91,102.28,102.12,93.58,93.593,94.98,102.357,102.14
204.5,614.061,93.7,93.63,95.1,102.22,102.11,93.58,93.557,95.083,102.287,102.143
205,613.194,93.71,93.59,95.16,102.17,102.12,93.593,93.517,95.16,102.233,102.14
205.5,612.309,93.74,93.55,95.2,102.1,102.11,93.607,93.487,95.187,102.163,102.143
206,611.408,93.74,93.52,95.21,102.06,102.12,93.617,93.46,95.213,102.123,102.153
206.5,610.489,93.76,93.49,95.26,102,102.13,93.623,93.423,95.25,102.063,102.157
207,609.554,93.75,93.45,95.37,101.94,102.1,93.623,93.393,95.357,102.013,102.147
207.5,608.601,93.77,93.43,95.47,101.9,102.13,93.647,93.37,95.443,101.967,102.157
208,607.632,93.8,93.41,95.59,101.85,102.13,93.667,93.35,95.527,101.927,102.16
208.5,606.646,93.8,93.38,95.64,101.83,102.13,93.683,93.33,95.597,101.91,102.163
209,605.642,93.81,93.35,95.68,101.78,102.13,93.687,93.293,95.633,101.867,102.153
209.5,604.622,93.84,93.32,95.75,101.74,102.14,93.713,93.273,95.717,101.847,102.163
210,603.586,93.84,93.31,95.82,101.71,102.12,93.72,93.26,95.823,101.833,102.157
210.5,602.532,93.85,93.28,95.97,101.72,102.12,93.733,93.24,95.933,101.84,102.153
211,601.461,93.87,93.25,96.11,101.74,102.12,93.74,93.217,96.047,101.857,102.15
211.5,600.374,93.88,93.24,96.2,101.74,102.11,93.76,93.2,96.137,101.867,102.15
212,599.27,93.9,93.23,96.28,101.75,102.12,93.777,93.187,96.237,101.89,102.147
212.5,598.15,93.92,93.23,96.4,101.79,102.12,93.793,93.17,96.36,101.93,102.14
213,597.013,93.94,93.21,96.51,101.81,102.12,93.807,93.15,96.467,101.967,102.137
213.5,595.859,93.96,93.2,96.65,101.88,102.11,93.83,93.153,96.657,102.043,102.137
214,594.689,93.96,93.16,96.76,101.91,102.09,93.83,93.13,96.767,102.077,102.11
214.5,593.502,93.96,93.16,96.96,102,102.1,93.837,93.13,96.93,102.14,102.11
215,592.299,93.98,93.14,97.11,102.06,102.08,93.853,93.11,97.093,102.2,102.093
215.5,591.079,93.97,93.11,97.25,102.09,102.06,93.86,93.1,97.233,102.25,102.083
216,589.844,93.99,93.12,97.42,102.15,102.05,93.873,93.097,97.407,102.297,102.073
216.5,588.591,94.02,93.14,97.62,102.2,102.05,93.893,93.103,97.593,102.347,102.07
217,587.323,94.03,93.14,97.81,102.25,102.04,93.9,93.1,97.777,102.383,102.057
217.5,586.038,94.04,93.12,98,102.29,102.02,93.913,93.103,97.97,102.427,102.053
218,584.737,94.06,93.16,98.23,102.32,102.01,93.923,93.123,98.17,102.457,102.04
218.5,583.42,94.05,93.16,98.43,102.36,102.03,93.937,93.143,98.41,102.497,102.063
219,582.087,94.05,93.16,98.62,102.39,102.01,93.933,93.143,98.563,102.497,102.037
219.5,580.738,94.06,93.17,98.8,102.38,102.02,93.94,93.153,98.777,102.49,102.043
220,579.373,94.07,93.18,98.97,102.37,102.01,93.947,93.16,98.977,102.47,102.033
220.5,577.992,94.07,93.2,99.19,102.37,101.99,93.947,93.173,99.2,102.457,102.02
221,576.595,94.09,93.21,99.44,102.35,102,93.963,93.19,99.46,102.43,102.033
221.5,575.182,94.09,93.21,99.69,102.3,102.01,93.97,93.2,99.713,102.383,102.033
222,573.753,94.08,93.23,99.95,102.27,101.99,93.963,93.223,99.967,102.343,102.023
222.5,572.309,94.1,93.25,100.24,102.22,102.03,93.977,93.243,100.25,102.283,102.047
223,570.849,94.12,93.27,100.48,102.16,102.02,93.983,93.26,100.51,102.22,102.043
223.5,569.373,94.12,93.29,100.76,102.08,102.01,94.007,93.283,100.823,102.153,102.05
224,567.882,94.14,93.32,101.1,102.02,102.02,94.007,93.293,101.103,102.08,102.047
224.5,566.376,94.14,93.33,101.37,101.96,102.01,94.01,93.32,101.407,102.017,102.04
225,564.854,94.16,93.36,101.72,101.91,102.04,94.023,93.347,101.747,101.963,102.06
225.5,563.317,94.15,93.37,101.98,101.82,102.01,94.033,93.363,102.033,101.897,102.047
226,561.764,94.17,93.4,102.35,101.77,102.01,94.04,93.39,102.367,101.843,102.047
226.5,560.196,94.2,93.42,102.68,101.73,102.01,94.057,93.413,102.693,101.797,102.04
227,558.613,94.2,93.43,103.01,101.68,102.01,94.067,93.427,103.02,101.753,102.033
227.5,557.015,94.18,93.44,103.32,101.62,102.01,94.063,93.443,103.36,101.707,102.037
228,555.402,94.19,93.46,103.68,101.57,101.99,94.067,93.463,103.733,101.68,102.03
228.5,553.774,94.23,93.51,104.07,101.57,102,94.097,93.5,104.13,101.673,102.037
229,552.131,94.23,93.52,104.46,101.58,102,94.097,93.517,104.483,101.683,102.033
229.5,550.473,94.24,93.54,104.83,101.58,101.99,94.1,93.543,104.86,101.693,102.03
230,548.8,94.22,93.54,105.17,101.6,101.97,94.103,93.56,105.247,101.723,102.02
230.5,547.113,94.23,93.54,105.56,101.61,101.98,94.107,93.577,105.643,101.747,102.017
231,545.411,94.25,93.57,105.98,101.63,102,94.127,93.597,106.067,101.787,102.02
231.5,543.695,94.26,93.59,106.43,101.69,101.98,94.13,93.607,106.5,101.843,102.007
232,541.964,94.27,93.6,106.85,101.75,101.98,94.14,93.617,106.94,101.897,102.007
232.5,540.219,94.29,93.61,107.31,101.81,102,94.157,93.633,107.38,101.953,102.01
233,538.46,94.29,93.66,107.76,101.87,101.98,94.16,93.667,107.827,102.017,101.99
233.5,536.686,94.27,93.66,108.21,101.94,101.98,94.167,93.69,108.303,102.09,102.0
234,534.899,94.31,93.68,108.7,101.99,101.96,94.17,93.7,108.753,102.143,101.983
234.5,533.097,94.31,93.68,109.14,102.05,101.95,94.17,93.71,109.217,102.2,101.973
235,531.281,94.29,93.7,109.66,102.12,101.95,94.173,93.723,109.73,102.26,101.967
235.5,529.452,94.3,93.73,110.14,102.17,101.93,94.173,93.75,110.207,102.3,101.95
236,527.608,94.29,93.73,110.62,102.23,101.93,94.173,93.753,110.713,102.357,101.953
236.5,525.751,94.32,93.78,111.17,102.25,101.92,94.187,93.793,111.233,102.38,101.947
237,523.881,94.32,93.82,111.68,102.28,101.91,94.183,93.82,111.753,102.407,101.937
237.5,521.997,94.32,93.83,112.2,102.3,101.91,94.19,93.843,112.287,102.407,101.937
238,520.099,94.34,93.87,112.77,102.31,101.92,94.193,93.873,112.837,102.403,101.937
238.5,518.189,94.32,93.88,113.29,102.3,101.92,94.203,93.897,113.413,102.407,101.95
239,516.265,94.32,93.89,113.9,102.28,101.93,94.197,93.897,113.963,102.367,101.943
239.5,514.327,94.33,93.93,114.43,102.24,101.9,94.2,93.92,114.52,102.327,101.93
240,512.377,94.33,93.95,115.02,102.19,101.9,94.21,93.943,115.12,102.28,101.93
240.5,510.414,94.34,94,115.64,102.15,101.9,94.21,93.98,115.707,102.223,101.927
241,508.439,94.34,94.02,116.22,102.09,101.9,94.213,94.017,116.3,102.16,101.93
241.5,506.45,94.35,94.05,116.85,102.01,101.9,94.227,94.04,116.92,102.09,101.927
242,504.449,94.35,94.07,117.45,101.96,101.88,94.23,94.057,117.55,102.03,101.92
242.5,502.435,94.37,94.07,118.11,101.89,101.89,94.24,94.07,118.197,101.957,101.923
243,500.409,94.37,94.11,118.74,101.82,101.89,94.24,94.083,118.833,101.89,101.92
243.5,498.371,94.38,94.15,119.44,101.76,101.89,94.263,94.123,119.543,101.84,101.93
244,496.321,94.36,94.13,120.05,101.68,101.89,94.25,94.113,120.163,101.76,101.92
244.5,494.258,94.39,94.16,120.77,101.63,101.9,94.263,94.137,120.87,101.71,101.93
245,492.184,94.38,94.18,121.45,101.58,101.87,94.263,94.147,121.577,101.663,101.923
245.5,490.098,94.39,94.18,122.18,101.52,101.9,94.26,94.147,122.26,101.613,101.923
246,488,94.41,94.21,122.89,101.5,101.89,94.283,94.167,122.987,101.597,101.927
246.5,485.89,94.41,94.21,123.59,101.47,101.89,94.283,94.163,123.7,101.573,101.92
247,483.769,94.42,94.22,124.34,101.46,101.87,94.297,94.157,124.437,101.573,101.91
247.5,481.637,94.41,94.21,125.07,101.46,101.88,94.297,94.15,125.197,101.58,101.91
248,479.493,94.44,94.2,125.86,101.49,101.88,94.303,94.14,125.97,101.6,101.913
248.5,477.339,94.44,94.2,126.62,101.49,101.88,94.323,94.153,126.767,101.63,101.917
249,475.173,94.44,94.19,127.38,101.53,101.88,94.313,94.137,127.523,101.66,101.903
249.5,472.997,94.44,94.19,128.19,101.58,101.87,94.313,94.13,128.327,101.703,101.9
250,470.81,94.44,94.18,129.03,101.61,101.87,94.317,94.127,129.167,101.75,101.9
250.5,468.612,94.47,94.2,129.9,101.68,101.87,94.333,94.127,130.013,101.817,101.897
251,466.404,94.48,94.2,130.73,101.73,101.86,94.34,94.127,130.867,101.87,101.883
251.5,464.185,94.47,94.17,131.53,101.79,101.86,94.343,94.123,131.697,101.933,101.883
252,461.956,94.46,94.19,132.4,101.85,101.85,94.34,94.14,132.55,101.993,101.887
252.5,459.718,94.46,94.2,133.29,101.92,101.85,94.34,94.153,133.45,102.057,101.88
253,457.469,94.49,94.2,134.21,101.98,101.85,94.35,94.16,134.367,102.107,101.877
253.5,455.211,94.47,94.23,135.13,102.01,101.84,94.357,94.187,135.317,102.157,101.873
254,452.943,94.48,94.22,136.08,102.07,101.84,94.35,94.183,136.233,102.197,101.87
254.5,450.665,94.48,94.21,136.99,102.12,101.82,94.35,94.197,137.163,102.233,101.853
255,448.378,94.48,94.23,137.94,102.13,101.83,94.347,94.217,138.11,102.25,101.85
255.5,446.082,94.49,94.24,138.95,102.15,101.83,94.353,94.233,139.087,102.267,101.85
256,443.777,94.5,94.26,139.92,102.16,101.81,94.357,94.26,140.073,102.267,101.843
256.5,441.463,94.48,94.27,140.87,102.15,101.83,94.36,94.277,141.077,102.25,101.843
257,439.14,94.49,94.28,141.88,102.12,101.8,94.36,94.297,142.097,102.23,101.837
257.5,436.809,94.49,94.32,142.95,102.1,101.8,94.373,94.333,143.147,102.203,101.837
258,434.469,94.5,94.33,144.03,102.07,101.79,94.38,94.347,144.2,102.167,101.82
258.5,432.121,94.52,94.35,145.09,102.03,101.79,94.393,94.377,145.293,102.13,101.827
259,429.765,94.52,94.36,146.12,101.98,101.77,94.393,94.373,146.34,102.07,101.813
259.5,427.401,94.51,94.37,147.21,101.92,101.79,94.393,94.39,147.453,102.01,101.817
260,425.029,94.54,94.4,148.33,101.87,101.79,94.407,94.423,148.583,101.957,101.817
260.5,422.649,94.53,94.39,149.47,101.81,101.78,94.407,94.423,149.72,101.883,101.81
261,420.262,94.54,94.39,150.62,101.74,101.79,94.41,94.43,150.87,101.823,101.813
261.5,417.868,94.53,94.42,151.83,101.66,101.77,94.413,94.433,152.063,101.76,101.803
262,415.466,94.55,94.43,153.03,101.61,101.75,94.423,94.437,153.273,101.7,101.8
262.5,413.058,94.55,94.42,154.21,101.58,101.77,94.427,94.43,154.493,101.663,101.8
263,410.642,94.57,94.41,155.46,101.55,101.77,94.44,94.433,155.743,101.617,101.8
263.5,408.22,94.56,94.42,156.71,101.49,101.77,94.447,94.44,157.01,101.587,101.807
264,405.792,94.57,94.43,158.03,101.47,101.76,94.443,94.417,158.287,101.557,101.797
264.5,403.357,94.57,94.39,159.32,101.45,101.75,94.443,94.397,159.58,101.537,101.797
265,400.916,94.58,94.41,160.64,101.43,101.76,94.453,94.393,160.94,101.53,101.797
265.5,398.469,94.6,94.39,162,101.41,101.78,94.463,94.37,162.277,101.523,101.803
266,396.016,94.59,94.39,163.34,101.42,101.75,94.47,94.36,163.633,101.53,101.797
266.5,393.558,94.6,94.38,164.76,101.43,101.77,94.477,94.34,165.03,101.55,101.803
267,391.094,94.61,94.36,166.16,101.47,101.79,94.473,94.323,166.44,101.58,101.807
267.5,388.625,94.61,94.35,167.58,101.5,101.76,94.483,94.313,167.883,101.61,101.8
268,386.151,94.6,94.33,169.04,101.53,101.75,94.48,94.3,169.35,101.643,101.787
268.5,383.672,94.61,94.36,170.5,101.57,101.78,94.493,94.313,170.857,101.7,101.81
269,381.189,94.61,94.32,171.99,101.62,101.76,94.487,94.273,172.34,101.743,101.793
269.5,378.701,94.62,94.32,173.54,101.67,101.77,94.493,94.27,173.887,101.797,101.793
270,376.208,94.63,94.33,175.1,101.7,101.76,94.497,94.267,175.47,101.84,101.79
270.5,373.712,94.61,94.31,176.66,101.77,101.75,94.493,94.263,177.043,101.893,101.78
271,371.211,94.6,94.29,178.27,101.8,101.77,94.493,94.263,178.69,101.937,101.783
271.5,368.707,94.63,94.32,179.94,101.85,101.77,94.5,94.273,180.333,101.973,101.78
272,366.199,94.62,94.33,181.62,101.89,101.75,94.503,94.29,182.037,102.013,101.77
272.5,363.688,94.63,94.34,183.36,101.92,101.74,94.503,94.303,183.757,102.037,101.763
273,361.174,94.64,94.36,185.1,101.94,101.73,94.517,94.32,185.52,102.063,101.757
273.5,358.657,94.63,94.39,186.88,101.94,101.72,94.523,94.353,187.303,102.073,101.757
274,356.137,94.65,94.4,188.67,101.96,101.72,94.523,94.367,189.09,102.077,101.747
274.5,353.614,94.66,94.41,190.45,101.98,101.72,94.527,94.383,190.903,102.083,101.74
275,351.089,94.66,94.42,192.37,101.96,101.71,94.53,94.41,192.81,102.077,101.733
275.5,348.562,94.68,94.46,194.19,101.95,101.72,94.543,94.44,194.67,102.053,101.73
276,346.033,94.68,94.49,196.19,101.92,101.71,94.547,94.473,196.643,102.027,101.72
276.5,343.502,94.66,94.5,198.1,101.9,101.71,94.543,94.49,198.59,101.99,101.72
277,340.97,94.68,94.51,200.12,101.85,101.68,94.553,94.51,200.623,101.953,101.707
277.5,338.436,94.66,94.53,202.12,101.8,101.66,94.547,94.533,202.65,101.907,101.697
278,335.902,94.69,94.54,204.2,101.76,101.67,94.56,94.543,204.753,101.857,101.693
278.5,333.366,94.7,94.56,206.32,101.73,101.66,94.577,94.577,206.88,101.827,101.703
279,330.829,94.69,94.56,208.45,101.68,101.65,94.563,94.58,209.023,101.773,101.687
279.5,328.292,94.69,94.57,210.61,101.64,101.66,94.57,94.597,211.2,101.727,101.69
280,325.755,94.7,94.57,212.88,101.59,101.65,94.573,94.6,213.48,101.683,101.687
280.5,323.218,94.71,94.58,215.16,101.55,101.65,94.577,94.603,215.743,101.64,101.683
281,320.68,94.71,94.58,217.53,101.53,101.67,94.58,94.59,218.11,101.603,101.693
281.5,318.144,94.71,94.58,219.84,101.47,101.65,94.587,94.597,220.457,101.563,101.687
282,315.607,94.71,94.57,222.27,101.48,101.68,94.58,94.583,222.9,101.553,101.7
282.5,313.072,94.72,94.57,224.68,101.46,101.66,94.587,94.577,225.337,101.527,101.697
283,310.537,94.71,94.55,227.17,101.43,101.66,94.593,94.57,227.857,101.51,101.69
283.5,308.004,94.74,94.55,229.71,101.41,101.67,94.617,94.563,230.403,101.507,101.707
284,305.472,94.74,94.54,232.33,101.4,101.66,94.603,94.533,232.993,101.493,101.69
284.5,302.941,94.73,94.53,234.95,101.4,101.67,94.6,94.52,235.617,101.493,101.693
285,300.413,94.74,94.51,237.67,101.43,101.68,94.603,94.493,238.367,101.517,101.697
285.5,297.886,94.73,94.5,240.36,101.44,101.69,94.603,94.483,241.077,101.537,101.703
286,295.362,94.73,94.49,243.14,101.44,101.67,94.6,94.467,243.9,101.547,101.697
286.5,292.841,94.75,94.48,245.94,101.46,101.67,94.607,94.45,246.723,101.577,101.693
287,290.322,94.72,94.46,248.87,101.5,101.67,94.607,94.44,249.687,101.613,101.7
287.5,287.806,94.76,94.48,251.8,101.52,101.68,94.627,94.443,252.64,101.637,101.693
288,285.293,94.73,94.47,254.82,101.53,101.67,94.617,94.43,255.687,101.663,101.69
288.5,282.784,94.76,94.45,257.86,101.57,101.68,94.643,94.427,258.76,101.703,101.707
289,280.278,94.75,94.46,261.04,101.62,101.67,94.63,94.41,261.937,101.743,101.693
289.5,277.776,94.74,94.45,264.2,101.64,101.66,94.627,94.41,265.107,101.77,101.683
290,275.278,94.75,94.48,267.54,101.68,101.67,94.63,94.43,268.45,101.8,101.68
290.5,272.785,94.77,94.5,270.79,101.7,101.64,94.65,94.44,271.72,101.823,101.667
291,270.296,94.78,94.51,274.27,101.71,101.65,94.647,94.45,275.183,101.84,101.663
291.5,267.812,94.79,94.51,277.63,101.73,101.64,94.66,94.467,278.573,101.86,101.66
292,265.333,94.78,94.52,281.17,101.74,101.62,94.653,94.47,282.16,101.873,101.64
292.5,262.859,94.79,94.52,284.71,101.76,101.62,94.667,94.49,285.723,101.88,101.633
293,260.39,94.79,94.56,288.37,101.76,101.61,94.67,94.517,289.447,101.887,101.633
293.5,257.928,94.8,94.57,292.11,101.78,101.61,94.687,94.537,293.207,101.897,101.633
294,255.471,94.79,94.59,295.96,101.77,101.6,94.673,94.553,297.06,101.877,101.62
294.5,253.02,94.8,94.61,299.76,101.73,101.58,94.683,94.583,300.9,101.85,101.603
295,250.575,94.81,94.63,303.81,101.74,101.59,94.687,94.607,304.97,101.847,101.61
295.5,248.137,94.83,94.64,307.81,101.72,101.57,94.693,94.62,308.983,101.827,101.6
296,245.706,94.83,94.66,311.99,101.71,101.58,94.697,94.643,313.213,101.803,101.59
296.5,243.282,94.83,94.67,316.15,101.68,101.57,94.697,94.657,317.393,101.77,101.593
297,240.866,94.83,94.67,320.49,101.65,101.56,94.693,94.67,321.793,101.733,101.587
297.5,238.456,94.83,94.68,324.8,101.62,101.56,94.703,94.68,326.127,101.71,101.583
298,236.055,94.83,94.68,329.39,101.58,101.55,94.7,94.693,330.72,101.67,101.573
298.5,233.661,94.85,94.67,333.9,101.57,101.55,94.72,94.703,335.257,101.647,101.587
299,231.276,94.84,94.69,338.66,101.51,101.58,94.713,94.703,340.017,101.6,101.593
299.5,228.899,94.83,94.68,343.37,101.49,101.57,94.7,94.7,344.727,101.577,101.587
300,226.53,94.84,94.69,348.31,101.48,101.59,94.713,94.697,349.703,101.55,101.597
300.5,224.171,94.84,94.67,353.18,101.43,101.56,94.71,94.69,354.63,101.517,101.59
301,221.82,94.84,94.65,358.33,101.41,101.57,94.713,94.68,359.817,101.497,101.6
301.5,219.479,94.84,94.66,363.42,101.39,101.58,94.71,94.687,364.947,101.47,101.597
302,217.147,94.83,94.65,368.76,101.37,101.56,94.707,94.673,370.32,101.457,101.593
302.5,214.826,94.84,94.65,374.04,101.38,101.57,94.713,94.663,375.653,101.453,101.6
303,212.514,94.84,94.63,379.62,101.37,101.56,94.717,94.657,381.287,101.45,101.597
303.5,210.212,94.86,94.65,385.2,101.36,101.56,94.72,94.65,386.86,101.45,101.593
304,207.921,94.84,94.62,390.96,101.36,101.57,94.713,94.62,392.69,101.457,101.6
304.5,205.64,94.85,94.62,396.77,101.36,101.56,94.723,94.613,398.547,101.453,101.597
305,203.371,94.87,94.61,402.84,101.38,101.59,94.73,94.6,404.657,101.47,101.603
305.5,201.112,94.86,94.62,408.95,101.37,101.57,94.73,94.603,410.763,101.473,101.593
306,198.865,94.87,94.61,415.28,101.37,101.57,94.733,94.593,417.12,101.487,101.597
306.5,196.629,94.86,94.62,421.55,101.4,101.58,94.733,94.59,423.457,101.517,101.6
307,194.406,94.86,94.62,428.16,101.42,101.56,94.737,94.583,430.11,101.54,101.583
307.5,192.194,94.87,94.62,434.76,101.44,101.55,94.747,94.583,436.737,101.563,101.577
308,189.994,94.87,94.63,441.68,101.46,101.54,94.747,94.587,443.7,101.593,101.573
308.5,187.807,94.87,94.61,448.43,101.48,101.54,94.757,94.58,450.54,101.613,101.563
309,185.632,94.89,94.63,455.64,101.51,101.56,94.763,94.583,457.777,101.64,101.563
309.5,183.471,94.89,94.65,462.8,101.52,101.53,94.77,94.597,464.97,101.66,101.553
310,181.322,94.88,94.65,470.3,101.57,101.51,94.773,94.597,472.527,101.693,101.543
310.5,179.187,94.9,94.65,477.81,101.6,101.52,94.78,94.61,480.073,101.717,101.537
311,177.065,94.91,94.67,485.7,101.6,101.51,94.783,94.617,487.943,101.727,101.527
311.5,174.958,94.91,94.67,493.38,101.61,101.51,94.787,94.62,495.767,101.733,101.527
312,172.864,94.93,94.69,501.72,101.63,101.49,94.79,94.637,504.093,101.743,101.517
312.5,170.784,94.93,94.71,509.73,101.64,101.49,94.803,94.66,512.19,101.75,101.517
313,168.718,94.91,94.69,518.27,101.64,101.48,94.797,94.66,520.797,101.753,101.507
313.5,166.668,94.91,94.69,526.75,101.62,101.47,94.79,94.673,529.29,101.737,101.49
314,164.632,94.93,94.71,535.81,101.63,101.46,94.8,94.687,538.347,101.737,101.487
314.5,162.611,94.92,94.72,544.45,101.63,101.45,94.797,94.7,547.167,101.727,101.49
315,160.605,94.93,94.69,553.68,101.62,101.46,94.8,94.697,556.483,101.713,101.487
315.5,158.615,94.94,94.72,563.3,101.59,101.45,94.807,94.707,565.917,101.683,101.48
316,156.64,94.94,94.73,572.75,101.58,101.48,94.807,94.723,575.55,101.663,101.493
316.5,154.681,94.93,94.74,582.49,101.57,101.47,94.8,94.733,585.33,101.64,101.487
317,152.738,94.94,94.73,592.62,101.52,101.46,94.807,94.747,595.443,101.6,101.48
317.5,150.812,94.93,94.74,602.71,101.48,101.45,94.807,94.75,605.627,101.557,101.477
318,148.901,94.92,94.73,613.32,101.46,101.46,94.803,94.753,616.24,101.533,101.487
318.5,147.008,94.91,94.73,623.74,101.41,101.44,94.8,94.76,626.773,101.503,101.48
319,145.131,94.92,94.73,634.67,101.4,101.46,94.803,94.76,637.767,101.47,101.487
319.5,143.272,94.93,94.75,645.52,101.37,101.49,94.803,94.767,648.657,101.443,101.503
320,141.429,94.92,94.74,657.02,101.33,101.47,94.803,94.767,660.233,101.407,101.5
320.5,139.604,94.94,94.73,668.48,101.3,101.48,94.813,94.767,671.707,101.387,101.5
321,137.797,94.95,94.75,680.43,101.28,101.47,94.82,94.77,683.71,101.36,101.497
321.5,136.007,94.94,94.72,692.16,101.26,101.47,94.82,94.76,695.537,101.347,101.497
322,134.236,94.95,94.74,704.7,101.24,101.48,94.823,94.767,708.09,101.33,101.507
322.5,132.482,94.96,94.77,716.96,101.24,101.48,94.827,94.77,720.423,101.323,101.5
323,130.747,94.96,94.75,730.04,101.22,101.49,94.827,94.76,733.457,101.32,101.507
323.5,129.031,94.95,94.76,742.7,101.21,101.48,94.83,94.76,746.263,101.317,101.5
324,127.333,94.98,94.75,756.11,101.22,101.47,94.847,94.753,759.797,101.323,101.497
324.5,125.654,94.97,94.76,769.31,101.21,101.45,94.847,94.75,772.987,101.34,101.487
325,123.994,94.98,94.75,783.32,101.24,101.46,94.857,94.75,787.117,101.36,101.483
325.5,122.354,94.98,94.75,797.07,101.28,101.46,94.853,94.737,800.863,101.39,101.48
326,120.733,94.97,94.76,811.53,101.28,101.44,94.857,94.737,815.423,101.41,101.473
326.5,119.131,94.98,94.75,825.79,101.32,101.44,94.86,94.723,829.763,101.44,101.467
327,117.549,94.98,94.75,840.86,101.32,101.45,94.867,94.72,844.893,101.463,101.467
327.5,115.988,94.99,94.78,855.63,101.38,101.42,94.953,94.81,860.223,101.59,101.54
328,114.446,94.99,94.77,871.16,101.39,101.43,94.867,94.717,875.31,101.513,101.447
328.5,112.925,95.01,94.76,886.34,101.43,101.42,94.887,94.717,890.637,101.563,101.443
329,111.424,95.02,94.75,902.35,101.47,101.41,94.89,94.713,906.75,101.587,101.43
329.5,109.943,95,94.78,918.23,101.48,101.41,94.887,94.727,922.643,101.61,101.43
330,108.484,95,94.75,934.77,101.52,101.39,94.883,94.71,939.297,101.64,101.417
330.5,107.045,95.01,94.77,950.96,101.56,101.4,94.893,94.72,955.587,101.667,101.423
331,105.627,95.02,94.75,968.06,101.56,101.39,94.893,94.71,972.75,101.68,101.41
331.5,104.231,95.01,94.75,984.8,101.57,101.4,94.89,94.713,989.56,101.677,101.407
332,102.856,95.01,94.73,1002.51,101.56,101.37,94.89,94.707,1007.313,101.677,101.4
332.5,101.502,95.02,94.77,1019.64,101.58,101.37,94.9,94.733,1024.53,101.677,101.39
333,100.17,95.02,94.76,1037.74,101.57,101.36,94.877,94.713,1042.637,101.647,101.373
333.5,98.86,95.01,94.76,1055.35,101.56,101.37,94.893,94.74,1060.43,101.647,101.4
334,97.572,95,94.76,1073.87,101.53,101.36,94.887,94.75,1079.037,101.623,101.397
334.5,96.306,95.03,94.77,1091.69,101.5,101.37,94.9,94.757,1097.02,101.593,101.393
335,95.062,95,94.78,1110.7,101.48,101.34,94.89,94.773,1116.08,101.567,101.383
335.5,93.841,95.02,94.79,1129.14,101.45,101.36,94.903,94.783,1134.563,101.533,101.393
336,92.642,95.01,94.8,1148.44,101.41,101.35,94.887,94.8,1153.943,101.49,101.383
336.5,91.466,95.01,94.8,1167.12,101.37,101.37,94.89,94.807,1172.73,101.457,101.393
337,90.312,95.01,94.79,1186.73,101.33,101.37,94.89,94.817,1192.43,101.41,101.393
337.5,89.182,95.02,94.82,1205.71,101.31,101.38,94.897,94.827,1211.49,101.373,101.397
338,88.074,95,94.82,1225.55,101.25,101.36,94.87,94.813,1231.283,101.31,101.367
338.5,86.989,95.03,94.84,1244.78,101.22,101.35,94.903,94.857,1250.727,101.3,101.39
339,85.928,95.03,94.86,1264.83,101.18,101.38,94.91,94.87,1270.887,101.273,101.403
339.5,84.89,95.04,94.86,1284.17,101.14,101.36,94.917,94.873,1290.333,101.227,101.397
340,83.876,95.03,94.86,1304.29,101.11,101.36,94.91,94.883,1310.583,101.207,101.393
340.5,82.885,95.05,94.86,1323.72,101.1,101.37,94.917,94.883,1330.063,101.193,101.397
341,81.918,95.05,94.87,1343.86,101.05,101.36,94.923,94.89,1350.283,101.18,101.393
341.5,80.974,95.05,94.89,1363.2,101.07,101.37,94.93,94.893,1369.733,101.183,101.397
342,80.055,95.08,94.9,1383.37,101.08,101.36,94.837,94.793,1389.327,101.077,101.277
342.5,79.159,95.08,94.88,1402.59,101.07,101.36,94.943,94.883,1409.277,101.19,101.383
343,78.288,95.06,94.89,1422.53,101.1,101.35,94.91,94.85,1429.137,101.19,101.35
343.5,77.44,95.07,94.86,1441.52,101.11,101.36,94.95,94.87,1448.373,101.233,101.38
344,76.617,95.08,94.86,1461.1,101.15,101.34,94.953,94.863,1468.053,101.263,101.37
344.5,75.819,95.08,94.87,1479.79,101.17,101.34,94.953,94.857,1486.8,101.297,101.367
345,75.045,95.09,94.87,1498.99,101.21,101.34,94.957,94.847,1506.123,101.327,101.357
345.5,74.295,95.08,94.84,1517.14,101.23,101.32,94.95,94.83,1524.367,101.36,101.347
346,73.57,95.08,94.85,1535.88,101.29,101.35,94.96,94.82,1543.143,101.403,101.36
346.5,72.87,95.08,94.83,1553.33,101.31,101.32,94.96,94.81,1560.727,101.44,101.347
347,72.195,95.07,94.83,1571.32,101.35,101.3,94.96,94.8,1578.77,101.477,101.33
347.5,71.544,95.08,94.83,1588.19,101.4,101.31,94.963,94.793,1595.69,101.513,101.333
348,70.919,95.09,94.82,1605.37,101.42,101.32,94.94,94.753,1612.81,101.53,101.323
348.5,70.318,95.09,94.81,1621.33,101.45,101.32,94.967,94.77,1628.95,101.563,101.327
349,69.742,95.07,94.79,1637.47,101.47,101.29,94.96,94.76,1645.187,101.59,101.317
349.5,69.192,95.08,94.8,1652.41,101.47,101.29,94.963,94.757,1660.197,101.59,101.317
350,68.667,95.08,94.82,1667.46,101.5,101.3,94.967,94.77,1675.287,101.603,101.323
350.5,68.167,95.08,94.8,1681.27,101.5,101.29,94.967,94.763,1689.16,101.597,101.307
351,67.692,95.1,94.8,1695.06,101.5,101.28,94.973,94.77,1702.997,101.593,101.303
351.5,67.243,95.09,94.8,1707.61,101.5,101.29,94.963,94.773,1715.597,101.58,101.3
352,66.819,95.07,94.8,1719.99,101.45,101.29,94.963,94.777,1728.027,101.543,101.3
352.5,66.42,95.11,94.83,1731.16,101.44,101.3,94.97,94.797,1739.2,101.527,101.307
353,66.047,95.1,94.82,1741.98,101.4,101.28,94.953,94.78,1749.997,101.477,101.29
353.5,65.7,95.08,94.82,1751.55,101.35,101.28,94.967,94.817,1759.72,101.447,101.3
354,65.378,95.09,94.84,1760.82,101.32,101.27,94.97,94.833,1768.987,101.407,101.293
354.5,65.082,95.1,94.85,1768.86,101.28,101.27,94.973,94.843,1777.05,101.367,101.297
355,64.811,95.11,94.89,1776.32,101.24,101.28,94.98,94.88,1784.567,101.32,101.3
355.5,64.567,95.12,94.9,1782.58,101.2,101.29,94.983,94.887,1790.843,101.28,101.3
356,64.347,95.1,94.9,1788.21,101.14,101.26,94.98,94.907,1796.487,101.227,101.293
356.5,64.154,95.12,94.93,1792.72,101.13,101.27,94.987,94.923,1800.997,101.203,101.297
357,63.986,95.12,94.93,1796.48,101.08,101.28,94.997,94.937,1804.76,101.16,101.297
357.5,63.844,95.13,94.95,1799.14,101.03,101.28,95.003,94.95,1807.433,101.127,101.3
358,63.728,95.14,94.96,1800.96,101.02,101.26,94.99,94.95,1809.183,101.103,101.287
358.5,63.638,95.14,94.97,1801.72,101,101.26,95.007,94.977,1810.003,101.093,101.287
359,63.573,95.13,94.98,1801.54,101,101.25,95.0,94.987,1809.82,101.093,101.287
359.5,63.535,95.12,94.97,1800.46,101,101.27,95.007,94.983,1808.697,101.087,101.287
360,63.522,95.13,94.99,1798.41,100.99,101.27,95.037,95.013,1806.737,101.113,101.31
360.5,63.535,95.13,94.97,1795.62,101,101.27,95.013,94.99,1803.837,101.103,101.29
361,63.573,95.15,94.97,1791.64,101.01,101.26,95.027,94.98,1799.867,101.12,101.283
361.5,63.638,95.15,94.96,1786.74,101.02,101.25,95.02,94.97,1794.997,101.137,101.27
362,63.728,95.16,94.96,1780.65,101.04,101.24,95.027,94.97,1788.83,101.163,101.27
362.5,63.844,95.15,94.94,1773.88,101.08,101.25,95.023,94.953,1781.993,101.197,101.267
363,63.986,95.16,94.95,1766.03,101.12,101.23,95.023,94.93,1774.017,101.23,101.257
363.5,64.154,95.15,94.92,1757.64,101.15,101.24,95.027,94.927,1765.657,101.263,101.26
364,64.347,95.15,94.91,1748.07,101.19,101.23,95.03,94.91,1756.037,101.31,101.257
364.5,64.567,95.16,94.9,1737.99,101.23,101.22,95.037,94.89,1745.953,101.347,101.247
365,64.811,95.16,94.9,1726.64,101.25,101.24,95.037,94.883,1734.553,101.383,101.25
365.5,65.082,95.17,94.89,1714.96,101.3,101.23,95.037,94.867,1722.79,101.413,101.247
366,65.378,95.17,94.88,1702.02,101.33,101.22,95.033,94.857,1709.787,101.443,101.243
366.5,65.7,95.16,94.86,1688.97,101.35,101.21,95.03,94.84,1696.687,101.46,101.237
367,66.047,95.17,94.86,1674.69,101.38,101.21,95.04,94.837,1682.343,101.48,101.227
367.5,66.42,95.15,94.85,1660.41,101.37,101.2,95.033,94.82,1667.993,101.48,101.227
368,66.819,95.17,94.87,1644.75,101.4,101.21,95.023,94.807,1652.217,101.49,101.223
368.5,67.243,95.16,94.86,1629.12,101.39,101.2,95.033,94.817,1636.6,101.483,101.213
369,67.692,95.18,94.85,1612.23,101.38,101.18,95.04,94.817,1619.64,101.473,101.21
369.5,68.167,95.16,94.87,1595.54,101.35,101.2,95.04,94.833,1602.903,101.457,101.21
370,68.667,95.17,94.87,1577.68,101.34,101.17,95.037,94.83,1584.967,101.433,101.2
370.5,69.192,95.18,94.9,1560.21,101.33,101.19,95.047,94.85,1567.393,101.413,101.207
371,69.742,95.17,94.89,1541.48,101.29,101.18,95.043,94.857,1548.583,101.377,101.2
371.5,70.318,95.16,94.91,1523.17,101.24,101.16,95.047,94.877,1530.207,101.337,101.193
372,70.919,95.17,94.92,1503.68,101.2,101.19,95.047,94.887,1510.623,101.297,101.203
372.5,71.544,95.18,94.94,1484.82,101.18,101.17,95.057,94.907,1491.653,101.26,101.193
373,72.195,95.19,94.95,1464.71,101.13,101.19,95.04,94.903,1471.443,101.21,101.19
373.5,72.87,95.19,94.96,1445.35,101.09,101.17,95.063,94.94,1452.037,101.183,101.2
374,73.57,95.19,94.98,1425.19,101.08,101.15,95.063,94.957,1431.677,101.157,101.183
374.5,74.295,95.18,94.99,1405.76,101.03,101.18,95.07,94.977,1412.297,101.123,101.19
375,75.045,95.19,94.99,1385.15,100.99,101.16,95.073,94.983,1391.557,101.087,101.187
375.5,75.819,95.2,95,1365.43,100.94,101.16,95.08,94.997,1371.68,101.043,101.183
376,76.617,95.22,95.02,1344.71,100.93,101.15,95.083,95.017,1350.923,101.02,101.187
376.5,77.44,95.21,95.02,1324.74,100.92,101.15,95.083,95.02,1330.817,101.007,101.18
377,78.288,95.22,95.03,1304.02,100.91,101.16,95.087,95.033,1309.997,101.003,101.183
377.5,79.159,95.21,95.05,1283.94,100.92,101.16,95.083,95.05,1289.943,101.017,101.187
378,80.055,95.22,95.04,1263.02,100.94,101.16,95.053,95.013,1268.67,100.997,101.16
378.5,80.974,95.22,95.04,1243.05,100.94,101.16,95.093,95.053,1248.83,101.033,101.187
379,81.918,95.21,95.03,1222.24,100.95,101.16,95.087,95.043,1227.99,101.047,101.183
379.5,82.885,95.22,95.02,1202.55,100.96,101.17,95.09,95.037,1208.097,101.067,101.19
380,83.876,95.22,95,1182.07,100.96,101.14,95.093,95.03,1187.683,101.077,101.177
380.5,84.89,95.22,95,1162.4,101.02,101.16,95.083,95.013,1167.977,101.123,101.177
381,85.928,95.22,94.99,1142.09,101.03,101.14,95.09,95.007,1147.51,101.137,101.17
381.5,86.989,95.21,94.98,1122.84,101.05,101.12,95.087,94.993,1128.17,101.173,101.16
382,88.074,95.21,94.98,1103.06,101.1,101.15,95.087,94.987,1108.28,101.21,101.163
382.5,89.182,95.2,94.96,1084.27,101.13,101.14,95.083,94.973,1089.42,101.24,101.16
383,90.312,95.23,94.97,1064.96,101.16,101.14,95.063,94.933,1069.863,101.243,101.133
383.5,91.466,95.21,94.96,1046.6,101.17,101.14,95.09,94.95,1051.603,101.287,101.153
384,92.642,95.19,94.93,1027.52,101.19,101.13,95.08,94.94,1032.44,101.307,101.147
384.5,93.841,95.22,94.96,1009.63,101.22,101.12,95.09,94.94,1014.41,101.33,101.143
385,95.062,95.22,94.93,991.1,101.23,101.12,95.097,94.923,995.933,101.337,101.137
385.5,96.306,95.22,94.94,973.57,101.25,101.13,95.097,94.92,978.317,101.347,101.137
386,97.572,95.21,94.95,955.71,101.24,101.12,95.09,94.92,960.337,101.357,101.14
386.5,98.86,95.22,94.95,938.54,101.25,101.1,95.1,94.917,943.233,101.36,101.123
387,100.17,95.23,94.97,921,101.25,101.12,95.107,94.923,925.533,101.347,101.133
387.5,101.502,95.24,94.97,904.53,101.24,101.1,95.107,94.92,908.9,101.337,101.127
388,102.856,95.22,94.94,887.57,101.21,101.09,95.08,94.893,891.823,101.293,101.09
388.5,104.231,95.23,94.98,871.69,101.19,101.07,95.11,94.93,875.887,101.29,101.1
389,105.627,95.25,94.97,855.46,101.15,101.09,95.12,94.933,859.58,101.257,101.107
389.5,107.045,95.24,94.97,840.02,101.13,101.08,95.12,94.937,844.157,101.24,101.1
390,108.484,95.28,95.01,824.18,101.11,101.1,95.133,94.96,828.207,101.21,101.11
390.5,109.943,95.25,95,809.24,101.08,101.08,95.133,94.96,813.127,101.18,101.107
391,111.424,95.26,95,794,101.06,101.07,95.137,94.967,797.863,101.15,101.097
391.5,112.925,95.26,95.02,779.67,101.02,101.06,95.137,94.99,783.43,101.117,101.093
392,114.446,95.26,95.02,765.19,100.98,101.08,95.133,94.99,768.823,101.07,101.097
392.5,115.988,95.27,95.03,751.37,100.96,101.06,95.14,95.007,755.017,101.047,101.087
393,117.549,95.28,95.05,737.2,100.95,101.09,95.14,95.01,740.783,101.02,101.087
393.5,119.131,95.27,95.05,723.85,100.93,101.07,95.143,95.03,727.377,101.01,101.093
394,120.733,95.27,95.04,710.16,100.92,101.07,95.133,95.037,713.647,100.997,101.09
394.5,122.354,95.27,95.07,697.5,100.89,101.09,95.14,95.047,700.903,100.977,101.093
395,123.994,95.27,95.07,684.44,100.86,101.06,95.143,95.06,687.73,100.97,101.087
395.5,125.654,95.26,95.06,672.39,100.88,101.07,95.137,95.067,675.633,100.973,101.087
396,127.333,95.26,95.06,659.9,100.86,101.07,95.137,95.067,663.077,100.96,101.083
396.5,129.031,95.28,95.06,647.98,100.88,101.06,95.143,95.07,651.16,100.98,101.09
397,130.747,95.28,95.05,636,100.88,101.06,95.15,95.067,639.037,100.98,101.093
397.5,132.482,95.28,95.05,624.61,100.89,101.07,95.153,95.063,627.62,100.99,101.087
398,134.236,95.27,95.06,613.28,100.89,101.06,95.14,95.067,616.23,100.993,101.08
398.5,136.007,95.28,95.06,602.41,100.91,101.06,95.15,95.07,605.28,101.017,101.083
399,137.797,95.26,95.04,591.42,100.94,101.05,95.14,95.06,594.31,101.043,101.083
399.5,139.604,95.28,95.05,580.97,100.95,101.06,95.153,95.063,583.76,101.06,101.083
400,141.429,95.27,95.04,570.42,100.98,101.06,95.15,95.063,573.157,101.083,101.087
400.5,143.272,95.27,95.04,560.61,101,101.07,95.143,95.06,563.287,101.1,101.087
401,145.131,95.28,95.02,550.37,101.02,101.04,95.15,95.043,553.037,101.127,101.07
401.5,147.008,95.28,95.04,540.86,101.04,101.04,95.15,95.05,543.553,101.153,101.07
402,148.901,95.28,95.04,531.24,101.04,101.04,95.157,95.05,533.747,101.163,101.07
402.5,150.812,95.27,95.05,522.2,101.06,101.03,95.153,95.04,524.637,101.177,101.057
403,152.738,95.27,95.05,512.8,101.08,101.02,95.147,95.037,515.207,101.19,101.047
403.5,154.681,95.28,95.02,504.23,101.08,101.02,95.16,95.027,506.687,101.203,101.053
404,156.64,95.3,95.05,495.45,101.09,101.05,95.16,95.033,497.78,101.197,101.05
404.5,158.615,95.29,95.05,486.95,101.08,101.03,95.167,95.03,489.397,101.197,101.05
405,160.605,95.29,95.04,478.61,101.09,101.04,95.173,95.02,480.893,101.207,101.043
405.5,162.611,95.3,95.06,470.58,101.07,101.02,95.177,95.027,472.843,101.187,101.03
406,164.632,95.28,95.04,462.57,101.07,101,95.167,95.013,464.76,101.177,101.023
406.5,166.668,95.31,95.06,454.69,101.06,100.99,95.18,95.023,456.853,101.173,101.01
407,168.718,95.32,95.07,447.09,101.07,101.01,95.187,95.02,449.147,101.163,101.017
407.5,170.784,95.31,95.06,439.7,101.04,100.99,95.19,95.023,441.747,101.14,101.007
408,172.864,95.3,95.05,432.41,101.04,101.01,95.187,95.02,434.44,101.133,101.02
408.5,174.958,95.31,95.05,425.13,101.02,100.97,95.19,95.02,427.167,101.107,101.003
409,177.065,95.32,95.07,418.16,100.99,100.98,95.2,95.027,420.097,101.087,101.003
409.5,179.187,95.33,95.08,411.46,100.97,100.98,95.2,95.033,413.38,101.07,101.003
410,181.322,95.32,95.07,404.6,100.95,100.97,95.193,95.03,406.467,101.043,100.993
410.5,183.471,95.31,95.07,398.32,100.93,100.95,95.193,95.037,400.14,101.023,100.99
411,185.632,95.35,95.08,391.73,100.92,100.98,95.21,95.047,393.583,101.003,101.0
411.5,187.807,95.31,95.06,385.78,100.89,100.97,95.2,95.05,387.69,100.987,100.993
412,189.994,95.3,95.05,379.55,100.87,100.96,95.193,95.05,381.353,100.963,100.997
412.5,192.194,95.31,95.05,373.51,100.86,100.96,95.197,95.05,375.313,100.957,101.0
413,194.406,95.33,95.08,367.75,100.87,100.97,95.203,95.063,369.563,100.953,101.0
413.5,196.629,95.33,95.07,361.96,100.85,100.95,95.197,95.067,363.567,100.937,100.99
414,198.865,95.32,95.07,356.39,100.85,100.98,95.197,95.07,358.117,100.937,100.997
414.5,201.112,95.33,95.08,350.97,100.81,100.96,95.2,95.077,352.52,100.917,100.993
415,203.371,95.32,95.09,345.47,100.84,100.98,95.2,95.093,347.13,100.92,101.003
415.5,205.64,95.33,95.09,340.26,100.83,100.97,95.21,95.097,341.83,100.913,101.0
416,207.921,95.32,95.1,334.96,100.83,100.97,95.203,95.103,336.54,100.92,100.993
416.5,210.212,95.33,95.1,330.1,100.82,100.97,95.203,95.113,331.683,100.923,100.997
417,212.514,95.33,95.1,324.98,100.8,100.96,95.21,95.117,326.6,100.92,100.99
417.5,214.826,95.32,95.1,320.36,100.84,100.98,95.2,95.12,321.91,100.937,100.993
418,217.147,95.32,95.12,315.52,100.85,100.96,95.2,95.13,317.09,100.953,100.99
418.5,219.479,95.35,95.12,311,100.86,100.97,95.21,95.133,312.493,100.967,100.99
419,221.82,95.34,95.13,306.4,100.85,100.97,95.213,95.137,307.803,100.973,100.993
419.5,224.171,95.33,95.13,302.09,100.88,100.95,95.21,95.143,303.533,100.993,100.983
420,226.53,95.35,95.13,297.73,100.88,100.94,95.217,95.137,299.063,100.997,100.973
420.5,228.899,95.35,95.15,293.51,100.91,100.93,95.22,95.147,294.983,101.023,100.967
421,231.276,95.35,95.15,289.3,100.92,100.93,95.22,95.147,290.603,101.037,100.963
421.5,233.661,95.36,95.13,285.21,100.93,100.94,95.23,95.14,286.58,101.043,100.957
422,236.055,95.37,95.17,281.22,100.94,100.94,95.24,95.153,282.587,101.053,100.96
422.5,238.456,95.36,95.14,277.41,100.94,100.92,95.24,95.143,278.693,101.057,100.943
423,240.866,95.38,95.15,273.46,100.96,100.93,95.243,95.133,274.747,101.073,100.943
423.5,243.282,95.37,95.14,269.74,100.96,100.92,95.243,95.123,270.983,101.07,100.94
424,245.706,95.37,95.14,266.07,100.97,100.91,95.25,95.123,267.33,101.08,100.937
424.5,248.137,95.38,95.14,262.54,100.96,100.89,95.25,95.12,263.79,101.073,100.923
425,250.575,95.38,95.13,258.89,100.96,100.89,95.257,95.107,260.12,101.07,100.917
425.5,253.02,95.39,95.13,255.56,100.97,100.92,95.257,95.107,256.737,101.067,100.927
426,255.471,95.37,95.11,252.08,100.94,100.89,95.253,95.097,253.28,101.06,100.913
426.5,257.928,95.37,95.13,248.87,100.95,100.9,95.25,95.093,250.07,101.053,100.913
427,260.39,95.38,95.12,245.5,100.95,100.88,95.257,95.087,246.673,101.043,100.907
427.5,262.859,95.38,95.12,242.43,100.93,100.9,95.257,95.083,243.58,101.023,100.91
428,265.333,95.38,95.12,239.3,100.93,100.88,95.26,95.08,240.44,101.013,100.903
428.5,267.812,95.39,95.11,236.26,100.89,100.89,95.263,95.077,237.347,100.99,100.903
429,270.296,95.37,95.09,233.22,100.88,100.87,95.253,95.067,234.337,100.977,100.903
429.5,272.785,95.37,95.1,230.34,100.85,100.88,95.26,95.07,231.427,100.953,100.903
430,275.278,95.39,95.12,227.47,100.88,100.89,95.26,95.08,228.573,100.943,100.907
430.5,277.776,95.37,95.09,224.64,100.83,100.89,95.253,95.063,225.717,100.91,100.907
431,280.278,95.38,95.11,221.81,100.82,100.88,95.263,95.087,222.84,100.907,100.903
431.5,282.784,95.4,95.13,219.17,100.79,100.88,95.267,95.097,220.217,100.88,100.907
432,285.293,95.39,95.12,216.46,100.78,100.9,95.267,95.1,217.49,100.867,100.913
432.5,287.806,95.38,95.12,213.89,100.75,100.86,95.263,95.11,214.953,100.847,100.9
433,290.322,95.41,95.13,211.29,100.72,100.88,95.27,95.12,212.31,100.83,100.9
433.5,292.841,95.38,95.13,208.77,100.73,100.9,95.267,95.13,209.807,100.823,100.917
434,295.362,95.4,95.17,206.3,100.74,100.9,95.267,95.15,207.26,100.823,100.913
434.5,297.886,95.38,95.16,203.88,100.72,100.89,95.257,95.153,204.873,100.81,100.907
435,300.413,95.4,95.16,201.58,100.72,100.89,95.277,95.167,202.537,100.813,100.913
435.5,302.941,95.4,95.18,199.33,100.72,100.87,95.27,95.18,200.277,100.813,100.9
436,305.472,95.39,95.19,196.97,100.71,100.87,95.273,95.19,197.923,100.817,100.897
436.5,308.004,95.41,95.19,194.72,100.71,100.88,95.277,95.193,195.66,100.813,100.9
437,310.537,95.39,95.22,192.53,100.72,100.86,95.273,95.213,193.437,100.83,100.89
437.5,313.072,95.42,95.21,190.35,100.73,100.85,95.287,95.217,191.287,100.84,100.883
438,315.607,95.41,95.23,188.24,100.74,100.85,95.283,95.233,189.15,100.857,100.877
438.5,318.144,95.42,95.23,186.22,100.76,100.85,95.287,95.237,187.147,100.867,100.877
439,320.68,95.43,95.23,184.2,100.77,100.86,95.3,95.237,185.09,100.883,100.877
439.5,323.218,95.42,95.24,182.19,100.8,100.85,95.293,95.24,183.087,100.91,100.877
440,325.755,95.42,95.21,180.18,100.8,100.85,95.293,95.227,181.07,100.917,100.867
440.5,328.292,95.45,95.26,178.28,100.82,100.85,95.31,95.247,179.127,100.937,100.87
441,330.829,95.43,95.24,176.39,100.86,100.84,95.3,95.233,177.25,100.963,100.86
441.5,333.366,95.42,95.23,174.54,100.85,100.83,95.303,95.227,175.413,100.963,100.85
442,335.902,95.43,95.23,172.7,100.88,100.83,95.3,95.223,173.573,100.99,100.847
442.5,338.436,95.43,95.21,170.89,100.89,100.83,95.303,95.207,171.763,100.993,100.843
443,340.97,95.43,95.22,169.14,100.88,100.82,95.31,95.2,169.98,100.997,100.837
443.5,343.502,95.42,95.2,167.43,100.89,100.82,95.307,95.19,168.263,100.997,100.84
444,346.033,95.44,95.19,165.7,100.89,100.8,95.307,95.17,166.537,101.0,100.823
444.5,348.562,95.45,95.2,164.05,100.91,100.81,95.32,95.173,164.887,101.007,100.83
445,351.089,95.43,95.17,162.41,100.89,100.82,95.303,95.16,163.253,100.997,100.827
445.5,353.614,95.44,95.17,160.81,100.89,100.8,95.317,95.143,161.65,100.983,100.823
446,356.137,95.43,95.15,159.23,100.89,100.79,95.313,95.13,160.06,100.97,100.817
446.5,358.657,95.43,95.15,157.71,100.85,100.77,95.307,95.127,158.52,100.943,100.807
447,361.174,95.43,95.15,156.19,100.84,100.78,95.31,95.123,156.997,100.933,100.813
447.5,363.688,95.41,95.16,154.69,100.82,100.79,95.31,95.13,155.52,100.913,100.813
448,366.199,95.44,95.15,153.21,100.81,100.79,95.32,95.123,154.04,100.897,100.813
448.5,368.707,95.44,95.16,151.81,100.77,100.79,95.32,95.127,152.593,100.863,100.813
449,371.211,95.44,95.16,150.35,100.76,100.8,95.317,95.13,151.157,100.85,100.823
449.5,373.712,95.44,95.17,148.95,100.74,100.79,95.32,95.143,149.747,100.823,100.82
450,376.208,95.43,95.17,147.57,100.7,100.79,95.317,95.143,148.373,100.793,100.82
450.5,378.701,95.44,95.18,146.21,100.69,100.8,95.317,95.147,146.993,100.77,100.817
451,381.189,95.44,95.19,144.89,100.66,100.79,95.317,95.16,145.66,100.75,100.823
451.5,383.672,95.46,95.2,143.62,100.64,100.81,95.327,95.173,144.37,100.73,100.827
452,386.151,95.45,95.2,142.3,100.62,100.79,95.327,95.183,143.073,100.713,100.817
452.5,388.625,95.46,95.23,141.07,100.61,100.79,95.333,95.203,141.827,100.71,100.813
453,391.094,95.48,95.23,139.84,100.62,100.8,95.343,95.217,140.59,100.707,100.817
453.5,393.558,95.46,95.22,138.59,100.6,100.79,95.337,95.227,139.38,100.693,100.81
454,396.016,95.46,95.27,137.43,100.6,100.8,95.33,95.247,138.197,100.693,100.813
454.5,398.469,95.48,95.26,136.26,100.6,100.79,95.343,95.257,137.03,100.693,100.81
455,400.916,95.5,95.29,135.14,100.6,100.8,95.353,95.277,135.9,100.707,100.81
455.5,403.357,95.48,95.29,133.98,100.6,100.78,95.35,95.28,134.74,100.71,100.797
456,405.792,95.48,95.3,132.83,100.61,100.77,95.357,95.29,133.607,100.723,100.793
456.5,408.22,95.48,95.29,131.78,100.64,100.78,95.357,95.29,132.527,100.743,100.8
457,410.642,95.47,95.29,130.66,100.67,100.78,95.35,95.297,131.417,100.77,100.793
457.5,413.058,95.48,95.3,129.59,100.67,100.75,95.357,95.307,130.363,100.777,100.78
458,415.466,95.49,95.29,128.57,100.69,100.75,95.36,95.307,129.31,100.8,100.777
458.5,417.868,95.49,95.3,127.53,100.73,100.75,95.357,95.303,128.277,100.83,100.773
459,420.262,95.49,95.3,126.52,100.73,100.75,95.36,95.303,127.27,100.847,100.767
459.5,422.649,95.49,95.28,125.52,100.75,100.75,95.36,95.29,126.267,100.86,100.77
460,425.029,95.5,95.29,124.56,100.78,100.74,95.367,95.287,125.297,100.887,100.757
460.5,427.401,95.49,95.27,123.61,100.79,100.75,95.357,95.283,124.327,100.9,100.76
461,429.765,95.49,95.28,122.68,100.81,100.74,95.363,95.28,123.383,100.913,100.753
461.5,432.121,95.49,95.25,121.75,100.83,100.73,95.367,95.26,122.457,100.923,100.75
462,434.469,95.49,95.25,120.84,100.82,100.73,95.36,95.253,121.543,100.92,100.743
462.5,436.809,95.47,95.24,119.91,100.82,100.73,95.357,95.243,120.64,100.923,100.747
463,439.14,95.49,95.24,119.07,100.8,100.72,95.37,95.23,119.78,100.907,100.743
463.5,441.463,95.48,95.25,118.24,100.83,100.72,95.363,95.227,118.933,100.917,100.743
464,443.777,95.49,95.22,117.37,100.81,100.72,95.367,95.213,118.067,100.907,100.74
464.5,446.082,95.49,95.23,116.55,100.8,100.72,95.37,95.217,117.237,100.897,100.74
465,448.378,95.5,95.23,115.73,100.77,100.72,95.373,95.21,116.417,100.863,100.74
465.5,450.665,95.5,95.23,114.92,100.76,100.72,95.377,95.203,115.593,100.857,100.74
466,452.943,95.49,95.23,114.13,100.74,100.7,95.377,95.2,114.787,100.83,100.727
466.5,455.211,95.5,95.22,113.32,100.71,100.71,95.377,95.193,114.0,100.8,100.73
467,457.469,95.51,95.22,112.51,100.68,100.71,95.387,95.193,113.2,100.767,100.733
467.5,459.718,95.51,95.24,111.82,100.66,100.73,95.383,95.203,112.45,100.743,100.74
468,461.956,95.5,95.23,111.05,100.64,100.71,95.383,95.2,111.693,100.723,100.73
468.5,464.185,95.51,95.24,110.32,100.6,100.73,95.387,95.21,110.953,100.69,100.737
469,466.404,95.52,95.25,109.62,100.58,100.7,95.39,95.22,110.233,100.67,100.723
469.5,468.612,95.5,95.26,108.9,100.55,100.7,95.383,95.23,109.523,100.647,100.727
470,470.81,95.53,95.28,108.18,100.54,100.7,95.4,95.243,108.83,100.633,100.733
470.5,472.997,95.53,95.29,107.52,100.53,100.71,95.403,95.253,108.14,100.62,100.73
471,475.173,95.51,95.29,106.82,100.52,100.7,95.4,95.26,107.453,100.613,100.733
471.5,477.339,95.53,95.3,106.19,100.5,100.7,95.403,95.277,106.797,100.603,100.72
472,479.493,95.52,95.31,105.54,100.5,100.7,95.4,95.277,106.137,100.597,100.72
472.5,481.637,95.54,95.31,104.89,100.49,100.69,95.417,95.3,105.5,100.597,100.713
473,483.769,95.55,95.32,104.25,100.5,100.68,95.417,95.307,104.847,100.6,100.71
473.5,485.89,95.53,95.31,103.6,100.48,100.67,95.41,95.307,104.213,100.603,100.707
474,488,95.54,95.32,103,100.52,100.69,95.413,95.317,103.603,100.623,100.707
474.5,490.098,95.53,95.33,102.41,100.52,100.7,95.413,95.323,103.017,100.63,100.71
475,492.184,95.54,95.33,101.84,100.54,100.69,95.413,95.333,102.44,100.66,100.703
475.5,494.258,95.53,95.33,101.3,100.57,100.67,95.413,95.333,101.86,100.687,100.69
476,496.321,95.54,95.33,100.71,100.6,100.68,95.413,95.34,101.267,100.707,100.7
476.5,498.371,95.54,95.34,100.13,100.62,100.67,95.413,95.34,100.693,100.723,100.69
477,500.409,95.53,95.33,99.56,100.62,100.68,95.407,95.34,100.127,100.737,100.69
477.5,502.435,95.55,95.33,99.06,100.67,100.66,95.417,95.337,99.59,100.77,100.683
478,504.449,95.55,95.34,98.54,100.68,100.67,95.42,95.333,99.057,100.78,100.68
478.5,506.45,95.52,95.31,97.98,100.69,100.66,95.4,95.327,98.513,100.797,100.673
479,508.439,95.54,95.33,97.48,100.71,100.66,95.42,95.33,98.023,100.82,100.677
479.5,510.414,95.54,95.32,96.97,100.73,100.64,95.417,95.33,97.503,100.823,100.67
480,512.377,95.53,95.31,96.44,100.72,100.65,95.417,95.32,97.007,100.833,100.677
480.5,514.327,95.53,95.3,95.95,100.75,100.64,95.417,95.307,96.517,100.837,100.663
481,516.265,95.54,95.31,95.49,100.74,100.64,95.417,95.313,96.047,100.833,100.66
481.5,518.189,95.54,95.32,95.05,100.72,100.63,95.427,95.313,95.59,100.83,100.663
482,520.099,95.55,95.32,94.66,100.73,100.66,95.427,95.307,95.14,100.823,100.667
482.5,521.997,95.54,95.29,94.11,100.72,100.64,95.423,95.29,94.647,100.803,100.653
483,523.881,95.56,95.3,93.68,100.69,100.64,95.433,95.293,94.21,100.787,100.657
483.5,525.751,95.55,95.3,93.24,100.67,100.62,95.43,95.287,93.783,100.763,100.653
484,527.608,95.56,95.31,92.84,100.64,100.62,95.43,95.293,93.343,100.73,100.643
484.5,529.452,95.56,95.31,92.48,100.62,100.62,95.433,95.29,92.917,100.707,100.647
485,531.281,95.57,95.31,92.02,100.57,100.64,95.44,95.29,92.463,100.663,100.657
485.5,533.097,95.56,95.34,91.57,100.55,100.62,95.437,95.297,91.993,100.63,100.64
486,534.899,95.58,95.33,91.07,100.52,100.61,95.447,95.293,91.56,100.593,100.637
486.5,536.686,95.57,95.33,90.63,100.47,100.62,95.45,95.297,91.167,100.54,100.647
487,538.46,95.57,95.32,90.26,100.4,100.63,95.447,95.29,90.813,100.48,100.65
487.5,540.219,95.57,95.34,89.99,100.38,100.63,95.45,95.3,90.483,100.437,100.64
488,541.964,95.56,95.33,89.6,100.31,100.61,95.447,95.297,90.097,100.367,100.63
488.5,543.695,95.59,95.35,89.29,100.24,100.6,95.463,95.31,89.743,100.3,100.637
489,545.411,95.59,95.34,88.87,100.18,100.6,95.46,95.303,89.357,100.23,100.637
489.5,547.113,95.59,95.35,88.5,100.1,100.61,95.46,95.317,89.033,100.157,100.637
490,548.8,95.6,95.35,88.24,100.05,100.61,95.467,95.323,88.763,100.1,100.633
490.5,550.473,95.58,95.35,87.93,99.99,100.59,95.467,95.327,88.46,100.04,100.633
491,552.131,95.59,95.35,87.65,99.9,100.59,95.467,95.333,88.137,99.963,100.62
491.5,553.774,95.59,95.36,87.32,99.85,100.6,95.47,95.333,87.77,99.907,100.623
492,555.402,95.58,95.35,87,99.82,100.59,95.457,95.33,87.42,99.86,100.62
492.5,557.015,95.59,95.36,86.64,99.75,100.59,95.467,95.343,87.107,99.803,100.613
493,558.613,95.57,95.36,86.3,99.73,100.58,95.463,95.343,86.823,99.763,100.61
493.5,560.196,95.58,95.35,86.03,99.66,100.59,95.457,95.35,86.573,99.717,100.613
494,561.764,95.59,95.36,85.81,99.65,100.58,95.47,95.36,86.347,99.693,100.61
494.5,563.317,95.61,95.37,85.61,99.61,100.58,95.47,95.357,86.113,99.647,100.607
495,564.854,95.6,95.37,85.42,99.56,100.58,95.473,95.37,85.907,99.603,100.61
495.5,566.376,95.58,95.35,85.16,99.53,100.58,95.46,95.367,85.657,99.57,100.6
496,567.882,95.6,95.37,84.99,99.49,100.58,95.467,95.37,85.463,99.537,100.6
496.5,569.373,95.59,95.35,84.72,99.44,100.54,95.467,95.36,85.263,99.503,100.59
497,570.849,95.59,95.36,84.58,99.39,100.57,95.467,95.37,85.107,99.46,100.59
497.5,572.309,95.59,95.37,84.45,99.37,100.57,95.467,95.38,84.963,99.447,100.59
498,573.753,95.59,95.38,84.27,99.35,100.55,95.473,95.387,84.79,99.417,100.577
498.5,575.182,95.59,95.37,84.15,99.32,100.55,95.473,95.383,84.63,99.383,100.577
499,576.595,95.58,95.38,83.99,99.27,100.54,95.47,95.387,84.487,99.337,100.567
499.5,577.992,95.59,95.38,83.89,99.23,100.53,95.473,95.383,84.367,99.303,100.56
500,579.373,95.61,95.39,83.74,99.2,100.53,95.48,95.39,84.257,99.27,100.56
500.5,580.738,95.62,95.39,83.6,99.18,100.54,95.49,95.383,84.107,99.24,100.553
501,582.087,95.61,95.4,83.52,99.11,100.54,95.487,95.39,84.003,99.19,100.55
501.5,583.42,95.6,95.4,83.45,99.06,100.53,95.48,95.39,83.913,99.137,100.54
502,584.737,95.61,95.39,83.4,99,100.49,95.487,95.387,83.833,99.08,100.523
502.5,586.038,95.61,95.4,83.25,98.93,100.49,95.487,95.39,83.723,99.007,100.517
503,587.323,95.62,95.4,83.17,98.87,100.48,95.493,95.383,83.67,98.943,100.507
503.5,588.591,95.62,95.39,83.08,98.79,100.47,95.497,95.383,83.627,98.883,100.503
504,589.844,95.61,95.4,83.06,98.73,100.46,95.49,95.377,83.593,98.827,100.49
504.5,591.079,95.65,95.4,83.11,98.66,100.47,95.507,95.377,83.607,98.747,100.487
505,592.299,95.62,95.39,83.1,98.56,100.44,95.503,95.373,83.607,98.67,100.473
505.5,593.502,95.64,95.41,83.13,98.5,100.46,95.52,95.383,83.637,98.597,100.473
506,594.689,95.64,95.39,83.11,98.39,100.44,95.513,95.37,83.617,98.513,100.46
506.5,595.859,95.63,95.39,83.09,98.28,100.42,95.513,95.363,83.65,98.427,100.44
507,597.013,95.64,95.39,83.2,98.18,100.41,95.517,95.36,83.707,98.343,100.433
507.5,598.15,95.64,95.41,83.26,98.11,100.41,95.52,95.37,83.78,98.277,100.42
508,599.27,95.65,95.39,83.35,98.09,100.4,95.523,95.357,83.847,98.227,100.41
508.5,600.374,95.64,95.39,83.4,98,100.39,95.513,95.357,83.913,98.157,100.4
509,601.461,95.64,95.39,83.5,97.93,100.37,95.52,95.357,84.003,98.073,100.387
509.5,602.532,95.63,95.38,83.59,97.89,100.37,95.513,95.36,84.103,98.017,100.387
510,603.586,95.65,95.4,83.75,97.85,100.36,95.523,95.367,84.247,97.963,100.377
510.5,604.622,95.65,95.38,83.8,97.81,100.33,95.517,95.36,84.363,97.917,100.353
511,605.642,95.65,95.38,83.95,97.82,100.33,95.52,95.363,84.51,97.887,100.35
511.5,606.646,95.64,95.39,84.11,97.77,100.31,95.517,95.373,84.647,97.827,100.33
512,607.632,95.65,95.38,84.35,97.75,100.31,95.523,95.37,84.843,97.78,100.317
512.5,608.601,95.63,95.37,84.43,97.72,100.28,95.513,95.363,85.03,97.72,100.297
513,609.554,95.64,95.38,84.68,97.69,100.3,95.517,95.377,85.28,97.673,100.293
513.5,610.489,95.65,95.39,84.89,97.63,100.27,95.52,95.393,85.477,97.627,100.283
514,611.408,95.64,95.41,85.1,97.62,100.25,95.517,95.403,85.657,97.59,100.263
514.5,612.309,95.67,95.42,85.36,97.59,100.23,95.53,95.41,85.94,97.56,100.253
515,613.194,95.66,95.42,85.66,97.54,100.23,95.53,95.423,86.213,97.53,100.233
515.5,614.061,95.65,95.41,85.79,97.51,100.21,95.523,95.417,86.397,97.503,100.21
516,614.911,95.66,95.43,86.06,97.47,100.18,95.527,95.437,86.637,97.48,100.197
516.5,615.744,95.65,95.43,86.42,97.42,100.17,95.53,95.443,86.977,97.46,100.177
517,616.56,95.66,95.44,86.65,97.39,100.14,95.533,95.447,87.237,97.447,100.157
517.5,617.358,95.67,95.47,86.97,97.36,100.12,95.54,95.467,87.527,97.447,100.133
518,618.14,95.67,95.47,87.25,97.4,100.1,95.54,95.467,87.85,97.477,100.107
518.5,618.904,95.65,95.47,87.54,97.39,100.09,95.537,95.47,88.133,97.497,100.1
519,619.651,95.68,95.47,87.87,97.37,100.06,95.547,95.473,88.46,97.507,100.077
519.5,620.38,95.68,95.5,88.25,97.4,100.02,95.547,95.48,88.813,97.533,100.047
520,621.093,95.67,95.48,88.56,97.42,100.01,95.547,95.48,89.153,97.577,100.027
520.5,621.788,95.69,95.48,88.88,97.44,99.98,95.56,95.48,89.503,97.62,100.0
521,622.465,95.69,95.48,89.27,97.45,99.96,95.557,95.477,89.867,97.657,99.983
521.5,623.126,95.69,95.49,89.66,97.49,99.95,95.56,95.473,90.237,97.71,99.963
522,623.768,95.69,95.46,90.08,97.55,99.93,95.563,95.463,90.627,97.767,99.94
522.5,624.394,95.69,95.46,90.46,97.59,99.89,95.567,95.46,91.023,97.827,99.907
523,625.002,95.69,95.48,90.86,97.64,99.88,95.563,95.46,91.437,97.897,99.887
523.5,625.592,95.7,95.47,91.3,97.65,99.84,95.563,95.447,91.827,97.923,99.86
524,626.165,95.69,95.44,91.67,97.72,99.81,95.56,95.43,92.19,97.98,99.833
524.5,626.721,95.68,95.43,92.14,97.76,99.81,95.557,95.423,92.597,98.037,99.82
525,627.259,95.7,95.44,92.58,97.78,99.79,95.567,95.423,93.013,98.097,99.8
525.5,627.78,95.69,95.44,93.03,97.84,99.76,95.567,95.42,93.393,98.163,99.773
526,628.283,95.69,95.42,93.48,97.88,99.72,95.563,95.407,93.82,98.227,99.747
526.5,628.769,95.68,95.43,93.91,97.93,99.7,95.557,95.403,94.227,98.28,99.72
527,629.237,95.69,95.42,94.34,98.04,99.71,95.563,95.403,94.64,98.363,99.713
527.5,629.687,95.68,95.42,94.72,98.12,99.69,95.56,95.397,95.023,98.433,99.697
528,630.12,95.68,95.41,95.01,98.18,99.67,95.56,95.393,95.38,98.493,99.67
528.5,630.535,95.67,95.39,95.37,98.29,99.62,95.553,95.387,95.77,98.587,99.64
529,630.933,95.7,95.42,95.75,98.39,99.6,95.563,95.393,96.14,98.673,99.613
529.5,631.313,95.71,95.42,96.12,98.51,99.6,95.57,95.393,96.513,98.773,99.603
530,631.676,95.69,95.44,96.5,98.56,99.57,95.567,95.407,96.913,98.853,99.58
530.5,632.021,95.7,95.45,96.87,98.67,99.54,95.573,95.417,97.27,98.953,99.557
531,632.348,95.71,95.45,97.25,98.81,99.54,95.573,95.423,97.653,99.077,99.54
531.5,632.658,95.7,95.45,97.62,98.94,99.52,95.573,95.43,98.04,99.203,99.52
532,632.95,95.69,95.44,97.99,99.06,99.49,95.573,95.437,98.42,99.33,99.493
532.5,633.224,95.7,95.46,98.36,99.15,99.45,95.58,95.45,98.797,99.44,99.47
533,633.481,95.72,95.47,98.78,99.3,99.44,95.583,95.46,99.19,99.58,99.44
533.5,633.72,95.69,95.49,99.16,99.45,99.42,95.577,95.473,99.58,99.72,99.423
534,633.941,95.71,95.5,99.55,99.55,99.41,95.58,95.487,99.96,99.847,99.417
534.5,634.145,95.72,95.52,99.98,99.71,99.37,95.583,95.493,100.34,100.0,99.387
535,634.33,95.7,95.5,100.34,99.84,99.33,95.583,95.497,100.71,100.137,99.357
535.5,634.499,95.72,95.51,100.75,100.02,99.33,95.593,95.507,101.083,100.303,99.35
536,634.649,95.72,95.53,101.1,100.17,99.3,95.59,95.523,101.43,100.46,99.327
536.5,634.782,95.71,95.52,101.49,100.33,99.29,95.593,95.523,101.783,100.607,99.307
537,634.897,95.72,95.54,101.88,100.48,99.25,95.597,95.533,102.14,100.76,99.277
537.5,634.995,95.73,95.55,102.23,100.64,99.22,95.607,95.543,102.493,100.913,99.253
538,635.074,95.72,95.52,102.58,100.81,99.21,95.6,95.533,102.817,101.073,99.24
538.5,635.136,95.72,95.53,102.95,100.95,99.18,95.603,95.533,103.15,101.213,99.213
539,635.181,95.73,95.53,103.27,101.14,99.16,95.603,95.533,103.467,101.377,99.203
539.5,635.207,95.74,95.53,103.62,101.3,99.16,95.61,95.537,103.77,101.523,99.19
540,635.216,95.72,95.52,103.93,101.44,99.12,95.61,95.523,104.067,101.667,99.16
540.5,635.207,95.72,95.51,104.24,101.61,99.12,95.603,95.517,104.33,101.82,99.147
541,635.181,95.75,95.52,104.53,101.74,99.1,95.61,95.513,104.58,101.94,99.133
541.5,635.136,95.72,95.49,104.78,101.89,99.09,95.6,95.49,104.813,102.083,99.11
542,635.074,95.72,95.51,105.07,102.04,99.08,95.603,95.5,105.057,102.213,99.107
542.5,634.995,95.74,95.49,105.28,102.14,99.07,95.613,95.497,105.28,102.323,99.097
543,634.897,95.72,95.48,105.52,102.3,99.05,95.603,95.483,105.48,102.447,99.087
543.5,634.782,95.73,95.48,105.73,102.4,99.04,95.607,95.473,105.673,102.553,99.07
544,634.649,95.72,95.47,105.9,102.51,99.03,95.6,95.47,105.84,102.65,99.063
544.5,634.499,95.73,95.47,106.11,102.61,99.02,95.607,95.457,106.01,102.737,99.053
545,634.33,95.72,95.47,106.29,102.69,98.99,95.61,95.457,106.177,102.823,99.04
545.5,634.145,95.73,95.47,106.44,102.79,99,95.61,95.45,106.29,102.903,99.04
546,633.941,95.73,95.47,106.58,102.86,98.98,95.607,95.443,106.403,102.98,99.03
546.5,633.72,95.73,95.46,106.71,102.94,98.99,95.61,95.443,106.527,103.04,99.037
547,633.481,95.74,95.49,106.83,103.01,98.98,95.61,95.453,106.607,103.1,99.03
547.5,633.224,95.74,95.49,106.93,103.06,98.98,95.617,95.457,106.677,103.147,99.027
548,632.95,95.76,95.5,107.02,103.13,99,95.623,95.46,106.737,103.187,99.033
548.5,632.658,95.76,95.48,107.06,103.17,98.97,95.633,95.46,106.787,103.22,99.023
549,632.348,95.75,95.51,107.07,103.17,98.98,95.62,95.473,106.803,103.227,99.027
549.5,632.021,95.75,95.48,107.06,103.22,98.97,95.623,95.467,106.797,103.237,99.027
550,631.676,95.74,95.5,107.11,103.21,98.97,95.63,95.477,106.813,103.227,99.033
550.5,631.313,95.76,95.53,107.12,103.23,98.99,95.63,95.497,106.787,103.21,99.043
551,630.933,95.74,95.52,107.05,103.19,98.97,95.627,95.497,106.737,103.167,99.03
551.5,630.535,95.75,95.53,107.02,103.16,98.99,95.63,95.51,106.68,103.13,99.037
552,630.12,95.75,95.53,106.94,103.11,98.97,95.63,95.52,106.61,103.073,99.033
552.5,629.687,95.76,95.54,106.89,103.08,98.99,95.637,95.53,106.54,103.02,99.047
553,629.237,95.77,95.55,106.82,103.01,98.99,95.64,95.54,106.447,102.95,99.047
553.5,628.769,95.76,95.54,106.71,102.91,98.99,95.64,95.543,106.32,102.863,99.057
554,628.283,95.76,95.57,106.63,102.84,99,95.64,95.557,106.207,102.777,99.067
554.5,627.78,95.77,95.56,106.48,102.76,99.02,95.64,95.56,106.073,102.69,99.077
555,627.259,95.77,95.57,106.38,102.63,99.04,95.65,95.567,105.953,102.58,99.093
555.5,626.721,95.76,95.55,106.22,102.53,99.03,95.643,95.563,105.793,102.467,99.093
556,626.165,95.76,95.56,106.02,102.42,99.05,95.643,95.57,105.607,102.35,99.1
556.5,625.592,95.78,95.57,105.9,102.28,99.06,95.65,95.577,105.45,102.22,99.12
557,625.002,95.77,95.57,105.71,102.16,99.05,95.65,95.577,105.267,102.08,99.13
557.5,624.394,95.76,95.56,105.48,102.02,99.08,95.643,95.573,105.063,101.927,99.147
558,623.768,95.77,95.56,105.29,101.84,99.11,95.647,95.567,104.86,101.76,99.167
558.5,623.126,95.75,95.55,105.06,101.66,99.1,95.64,95.56,104.63,101.57,99.173
559,622.465,95.75,95.54,104.84,101.5,99.13,95.643,95.55,104.4,101.41,99.197
559.5,621.788,95.76,95.55,104.65,101.32,99.15,95.643,95.553,104.203,101.237,99.2
560,621.093,95.75,95.54,104.37,101.13,99.17,95.633,95.55,103.967,101.05,99.23
560.5,620.38,95.75,95.53,104.11,100.97,99.18,95.637,95.54,103.7,100.877,99.243
561,619.651,95.77,95.54,103.96,100.79,99.22,95.643,95.537,103.48,100.707,99.27
561.5,618.904,95.77,95.54,103.71,100.62,99.24,95.647,95.533,103.243,100.553,99.29
562,618.14,95.77,95.51,103.42,100.44,99.25,95.643,95.517,102.963,100.39,99.307
562.5,617.358,95.79,95.52,103.17,100.27,99.28,95.66,95.52,102.717,100.247,99.33
563,616.56,95.76,95.52,102.94,100.13,99.28,95.64,95.513,102.477,100.107,99.347
563.5,615.744,95.78,95.53,102.67,99.97,99.33,95.65,95.513,102.22,99.96,99.373
564,614.911,95.77,95.54,102.4,99.83,99.35,95.65,95.513,101.967,99.84,99.397
564.5,614.061,95.79,95.53,102.1,99.69,99.36,95.657,95.517,101.707,99.71,99.417
565,613.194,95.79,95.52,101.87,99.57,99.38,95.66,95.507,101.477,99.583,99.437
565.5,612.309,95.77,95.54,101.63,99.43,99.4,95.657,95.517,101.23,99.47,99.46
566,611.408,95.78,95.53,101.32,99.32,99.42,95.657,95.513,100.967,99.35,99.477
566.5,610.489,95.78,95.54,101.07,99.2,99.43,95.663,95.517,100.723,99.23,99.49
567,609.554,95.78,95.56,100.85,99.09,99.47,95.66,95.527,100.497,99.12,99.517
567.5,608.601,95.79,95.55,100.59,98.99,99.47,95.667,95.52,100.253,99.007,99.533
568,607.632,95.8,95.56,100.36,98.85,99.49,95.673,95.53,100.04,98.87,99.553
568.5,606.646,95.79,95.54,100.1,98.72,99.52,95.673,95.523,99.81,98.753,99.577
569,605.642,95.8,95.56,99.87,98.61,99.52,95.67,95.533,99.58,98.653,99.587
569.5,604.622,95.79,95.57,99.66,98.5,99.55,95.673,95.543,99.387,98.543,99.61
570,603.586,95.8,95.57,99.48,98.41,99.58,95.68,95.553,99.22,98.463,99.627
570.5,602.532,95.79,95.58,99.27,98.29,99.58,95.677,95.557,99.01,98.357,99.637
571,601.461,95.79,95.58,99.12,98.21,99.59,95.67,95.557,98.857,98.283,99.65
571.5,600.374,95.8,95.58,98.94,98.14,99.61,95.68,95.563,98.7,98.227,99.67
572,599.27,95.81,95.59,98.76,98.06,99.65,95.68,95.573,98.55,98.177,99.687
572.5,598.15,95.82,95.59,98.63,98.01,99.66,95.693,95.577,98.407,98.133,99.703
573,597.013,95.8,95.58,98.42,97.98,99.65,95.683,95.57,98.267,98.103,99.717
573.5,595.859,95.8,95.57,98.31,97.94,99.68,95.68,95.57,98.15,98.08,99.723
574,594.689,95.81,95.59,98.22,97.91,99.68,95.683,95.58,98.053,98.06,99.733
574.5,593.502,95.81,95.58,98.11,97.89,99.69,95.677,95.583,97.963,98.047,99.75
575,592.299,95.8,95.58,98.01,97.87,99.73,95.68,95.583,97.883,98.043,99.77
575.5,591.079,95.8,95.58,97.93,97.86,99.73,95.68,95.58,97.803,98.033,99.78
576,589.844,95.79,95.58,97.85,97.87,99.71,95.673,95.583,97.747,98.04,99.777
576.5,588.591,95.8,95.58,97.81,97.86,99.76,95.673,95.59,97.713,98.05,99.8
577,587.323,95.81,95.59,97.75,97.89,99.76,95.683,95.593,97.683,98.06,99.81
577.5,586.038,95.81,95.57,97.73,97.9,99.78,95.683,95.58,97.67,98.067,99.823
578,584.737,95.8,95.58,97.69,97.9,99.78,95.677,95.587,97.657,98.083,99.827
578.5,583.42,95.8,95.58,97.71,97.93,99.79,95.677,95.583,97.667,98.1,99.83
579,582.087,95.79,95.58,97.74,97.95,99.81,95.677,95.58,97.707,98.127,99.847
579.5,580.738,95.8,95.58,97.73,97.97,99.81,95.68,95.58,97.74,98.16,99.857
580,579.373,95.8,95.58,97.79,98.01,99.81,95.677,95.58,97.793,98.203,99.86
580.5,577.992,95.82,95.59,97.84,98.05,99.85,95.687,95.583,97.85,98.253,99.883
581,576.595,95.82,95.6,97.92,98.11,99.84,95.687,95.587,97.93,98.317,99.883
581.5,575.182,95.82,95.59,98.01,98.17,99.86,95.687,95.587,98.02,98.383,99.89
582,573.753,95.81,95.6,98.1,98.23,99.85,95.687,95.583,98.12,98.453,99.897
582.5,572.309,95.81,95.59,98.21,98.32,99.88,95.693,95.583,98.25,98.55,99.913
583,570.849,95.83,95.6,98.33,98.39,99.88,95.7,95.583,98.373,98.633,99.91
583.5,569.373,95.81,95.59,98.43,98.5,99.9,95.697,95.577,98.493,98.73,99.927
584,567.882,95.82,95.61,98.56,98.6,99.9,95.697,95.577,98.623,98.837,99.933
584.5,566.376,95.82,95.58,98.69,98.67,99.9,95.697,95.573,98.777,98.93,99.93
585,564.854,95.82,95.62,98.88,98.82,99.89,95.7,95.583,98.977,99.057,99.93
585.5,563.317,95.83,95.6,99.04,98.93,99.9,95.707,95.577,99.13,99.167,99.94
586,561.764,95.83,95.6,99.22,99.03,99.9,95.707,95.58,99.317,99.27,99.937
586.5,560.196,95.83,95.61,99.44,99.17,99.92,95.703,95.583,99.517,99.393,99.95
587,558.613,95.84,95.62,99.65,99.29,99.89,95.703,95.577,99.717,99.5,99.933
587.5,557.015,95.83,95.6,99.8,99.41,99.91,95.713,95.58,99.913,99.623,99.94
588,555.402,95.86,95.6,100,99.52,99.89,95.72,95.57,100.11,99.733,99.937
588.5,553.774,95.83,95.58,100.21,99.63,99.91,95.713,95.57,100.333,99.857,99.95
589,552.131,95.84,95.6,100.47,99.76,99.91,95.713,95.573,100.57,99.99,99.947
589.5,550.473,95.84,95.6,100.7,99.88,99.9,95.717,95.573,100.797,100.107,99.943
590,548.8,95.84,95.59,100.91,100.01,99.89,95.717,95.573,101.027,100.25,99.94
590.5,547.113,95.86,95.6,101.15,100.16,99.9,95.717,95.58,101.247,100.393,99.943
591,545.411,95.84,95.59,101.43,100.28,99.91,95.717,95.58,101.493,100.523,99.95
591.5,543.695,95.82,95.6,101.62,100.42,99.89,95.703,95.577,101.72,100.673,99.943
592,541.964,95.84,95.59,101.87,100.59,99.91,95.717,95.583,101.97,100.83,99.95
592.5,540.219,95.83,95.59,102.11,100.72,99.94,95.707,95.58,102.213,100.963,99.963
593,538.46,95.82,95.59,102.33,100.88,99.92,95.71,95.59,102.443,101.117,99.957
593.5,536.686,95.82,95.61,102.61,101.03,99.94,95.71,95.593,102.693,101.263,99.967
594,534.899,95.83,95.59,102.83,101.14,99.91,95.71,95.593,102.937,101.393,99.953
594.5,533.097,95.82,95.6,103.1,101.3,99.93,95.707,95.597,103.177,101.537,99.967
595,531.281,95.82,95.59,103.33,101.45,99.92,95.707,95.593,103.42,101.667,99.967
595.5,529.452,95.83,95.59,103.55,101.59,99.94,95.71,95.6,103.637,101.79,99.977
596,527.608,95.83,95.62,103.78,101.71,99.94,95.71,95.617,103.857,101.903,99.98
596.5,525.751,95.82,95.6,104,101.82,99.93,95.707,95.61,104.057,102.01,99.983
597,523.881,95.83,95.63,104.24,101.94,99.95,95.71,95.623,104.27,102.12,99.993
597.5,521.997,95.84,95.63,104.43,102.03,99.97,95.713,95.627,104.47,102.203,99.997
598,520.099,95.84,95.64,104.66,102.12,99.97,95.72,95.63,104.683,102.303,100.003
598.5,518.189,95.85,95.64,104.87,102.24,99.98,95.727,95.633,104.863,102.393,100.013
599,516.265,95.83,95.63,104.98,102.29,99.97,95.72,95.633,105.013,102.467,100.02
599.5,514.327,95.84,95.65,105.19,102.38,99.98,95.72,95.64,105.193,102.55,100.033
600,512.377,95.85,95.64,105.36,102.45,99.99,95.73,95.637,105.367,102.62,100.043
600.5,510.414,95.86,95.64,105.52,102.54,100.02,95.727,95.63,105.507,102.693,100.053
601,508.439,95.86,95.63,105.68,102.62,100.01,95.73,95.633,105.647,102.757,100.063
601.5,506.45,95.86,95.65,105.78,102.67,100.03,95.723,95.637,105.76,102.81,100.077
602,504.449,95.87,95.66,105.94,102.72,100.06,95.74,95.643,105.897,102.86,100.093
602.5,502.435,95.85,95.65,106.04,102.78,100.03,95.74,95.64,105.987,102.897,100.09
603,500.409,95.85,95.65,106.09,102.82,100.05,95.73,95.633,106.05,102.923,100.103
603.5,498.371,95.87,95.64,106.21,102.83,100.09,95.737,95.623,106.14,102.947,100.13
604,496.321,95.89,95.64,106.32,102.85,100.08,95.747,95.62,106.223,102.953,100.14
604.5,494.258,95.87,95.62,106.34,102.87,100.09,95.737,95.61,106.25,102.95,100.15
605,492.184,95.86,95.63,106.39,102.87,100.12,95.74,95.613,106.303,102.94,100.173
605.5,490.098,95.87,95.63,106.45,102.85,100.12,95.743,95.61,106.32,102.91,100.18
606,488,95.86,95.61,106.45,102.83,100.14,95.743,95.597,106.337,102.887,100.2
606.5,485.89,95.86,95.6,106.45,102.77,100.14,95.733,95.59,106.31,102.84,100.21
607,483.769,95.86,95.61,106.46,102.76,100.17,95.74,95.59,106.307,102.803,100.23
607.5,481.637,95.84,95.62,106.44,102.69,100.2,95.73,95.59,106.277,102.74,100.247
608,479.493,95.85,95.6,106.4,102.65,100.21,95.733,95.58,106.243,102.697,100.267
608.5,477.339,95.86,95.59,106.35,102.6,100.23,95.74,95.583,106.193,102.647,100.29
609,475.173,95.85,95.61,106.33,102.53,100.26,95.73,95.587,106.143,102.583,100.31
609.5,472.997,95.84,95.61,106.27,102.47,100.29,95.73,95.587,106.07,102.513,100.337
610,470.81,95.85,95.61,106.15,102.39,100.3,95.74,95.587,105.983,102.447,100.353
610.5,468.612,95.85,95.59,106.07,102.35,100.32,95.737,95.583,105.873,102.39,100.377
611,466.404,95.86,95.6,106.01,102.27,100.34,95.737,95.597,105.783,102.31,100.407
611.5,464.185,95.85,95.61,105.86,102.18,100.36,95.733,95.597,105.647,102.227,100.427
612,461.956,95.85,95.61,105.71,102.12,100.39,95.73,95.6,105.51,102.16,100.45
612.5,459.718,95.88,95.62,105.59,102.03,100.44,95.747,95.617,105.38,102.067,100.483
613,457.469,95.87,95.64,105.44,101.95,100.47,95.743,95.623,105.227,101.977,100.51
613.5,455.211,95.87,95.64,105.33,101.86,100.5,95.743,95.623,105.087,101.89,100.54
614,452.943,95.87,95.64,105.2,101.78,100.51,95.747,95.637,104.953,101.793,100.56
614.5,450.665,95.86,95.64,105,101.65,100.53,95.743,95.64,104.79,101.683,100.583
615,448.378,95.89,95.66,104.87,101.57,100.58,95.753,95.653,104.657,101.597,100.62
615.5,446.082,95.89,95.67,104.71,101.47,100.61,95.76,95.667,104.48,101.497,100.647
616,443.777,95.87,95.66,104.49,101.37,100.61,95.75,95.657,104.28,101.397,100.667
616.5,441.463,95.87,95.68,104.34,101.25,100.63,95.75,95.67,104.123,101.297,100.687
617,439.14,95.87,95.69,104.18,101.18,100.67,95.75,95.677,103.957,101.207,100.723
617.5,436.809,95.88,95.67,104.03,101.09,100.71,95.763,95.677,103.803,101.123,100.75
618,434.469,95.87,95.68,103.85,101,100.72,95.75,95.67,103.617,101.04,100.78
618.5,432.121,95.89,95.67,103.65,100.89,100.75,95.763,95.677,103.453,100.963,100.803
619,429.765,95.9,95.68,103.49,100.81,100.77,95.76,95.68,103.283,100.883,100.837
619.5,427.401,95.89,95.7,103.33,100.75,100.8,95.763,95.68,103.117,100.817,100.86
620,425.029,95.87,95.68,103.13,100.7,100.84,95.76,95.673,102.947,100.763,100.893
620.5,422.649,95.89,95.68,103.03,100.63,100.85,95.767,95.673,102.807,100.703,100.907
621,420.262,95.9,95.69,102.86,100.58,100.88,95.773,95.673,102.66,100.65,100.937
621.5,417.868,95.89,95.65,102.71,100.51,100.91,95.763,95.65,102.523,100.593,100.97
622,415.466,95.89,95.65,102.55,100.46,100.93,95.76,95.647,102.37,100.553,100.99
622.5,413.058,95.88,95.64,102.38,100.42,100.94,95.767,95.64,102.22,100.503,101.007
623,410.642,95.89,95.65,102.28,100.38,100.98,95.77,95.637,102.1,100.47,101.037
623.5,408.22,95.87,95.63,102.12,100.33,100.98,95.76,95.623,101.97,100.43,101.043
624,405.792,95.88,95.63,102.05,100.31,101,95.767,95.627,101.877,100.403,101.077
624.5,403.357,95.89,95.62,101.96,100.26,101.06,95.76,95.61,101.783,100.363,101.103
625,400.916,95.87,95.62,101.84,100.26,101.07,95.757,95.61,101.713,100.35,101.127
625.5,398.469,95.89,95.62,101.73,100.23,101.08,95.76,95.603,101.62,100.323,101.143
626,396.016,95.89,95.62,101.67,100.21,101.1,95.763,95.607,101.537,100.307,101.163
626.5,393.558,95.88,95.61,101.63,100.19,101.14,95.76,95.59,101.483,100.293,101.187
627,391.094,95.89,95.62,101.56,100.19,101.15,95.763,95.6,101.43,100.3,101.203
627.5,388.625,95.89,95.61,101.49,100.17,101.16,95.767,95.6,101.403,100.3,101.22
628,386.151,95.9,95.61,101.48,100.19,101.17,95.77,95.6,101.393,100.313,101.243
628.5,383.672,95.9,95.65,101.5,100.21,101.22,95.773,95.617,101.373,100.34,101.273
629,381.189,95.9,95.63,101.44,100.22,101.23,95.77,95.61,101.35,100.36,101.287
629.5,378.701,95.89,95.63,101.45,100.24,101.25,95.77,95.613,101.357,100.39,101.303
630,376.208,95.89,95.65,101.43,100.3,101.27,95.767,95.627,101.387,100.447,101.323
630.5,373.712,95.9,95.66,101.44,100.33,101.28,95.767,95.63,101.377,100.483,101.337
631,371.211,95.91,95.67,101.5,100.39,101.31,95.783,95.643,101.437,100.543,101.37
631.5,368.707,95.91,95.67,101.55,100.44,101.34,95.777,95.65,101.487,100.59,101.387
632,366.199,95.89,95.66,101.58,100.49,101.37,95.777,95.653,101.557,100.657,101.413
632.5,363.688,95.89,95.68,101.69,100.57,101.39,95.77,95.66,101.637,100.723,101.427
633,361.174,95.9,95.68,101.73,100.62,101.38,95.783,95.673,101.71,100.78,101.437
633.5,358.657,95.91,95.69,101.83,100.67,101.4,95.78,95.68,101.797,100.833,101.46
634,356.137,95.9,95.7,101.93,100.75,101.41,95.777,95.687,101.897,100.91,101.47
634.5,353.614,95.91,95.69,102.03,100.83,101.45,95.783,95.687,101.993,100.983,101.493
635,351.089,95.89,95.68,102.14,100.91,101.44,95.777,95.687,102.123,101.07,101.5
635.5,348.562,95.92,95.7,102.23,100.98,101.47,95.793,95.697,102.223,101.143,101.52
636,346.033,95.89,95.7,102.35,101.05,101.49,95.78,95.7,102.35,101.233,101.537
636.5,343.502,95.91,95.71,102.5,101.16,101.49,95.79,95.703,102.503,101.327,101.547
637,340.97,95.91,95.68,102.64,101.26,101.51,95.79,95.693,102.647,101.43,101.57
637.5,338.436,95.9,95.7,102.77,101.34,101.53,95.787,95.703,102.787,101.523,101.587
638,335.902,95.92,95.7,102.93,101.46,101.55,95.793,95.7,102.95,101.633,101.593
638.5,333.366,95.92,95.68,103.12,101.57,101.56,95.79,95.69,103.12,101.74,101.613
639,330.829,95.93,95.69,103.27,101.68,101.58,95.797,95.687,103.273,101.847,101.627
639.5,328.292,95.9,95.65,103.41,101.77,101.58,95.78,95.673,103.41,101.947,101.637
640,325.755,95.92,95.68,103.61,101.88,101.6,95.793,95.677,103.607,102.06,101.653
640.5,323.218,95.92,95.66,103.75,101.98,101.63,95.79,95.67,103.763,102.157,101.673
641,320.68,95.91,95.67,103.9,102.09,101.62,95.787,95.67,103.903,102.26,101.68
641.5,318.144,95.92,95.64,104.06,102.19,101.62,95.79,95.65,104.067,102.357,101.683
642,315.607,95.91,95.67,104.24,102.28,101.66,95.783,95.653,104.233,102.447,101.707
642.5,313.072,95.91,95.64,104.37,102.37,101.66,95.79,95.643,104.387,102.533,101.72
643,310.537,95.9,95.66,104.5,102.45,101.68,95.787,95.647,104.527,102.61,101.733
643.5,308.004,95.91,95.65,104.67,102.53,101.69,95.78,95.637,104.67,102.69,101.743
644,305.472,95.9,95.66,104.84,102.61,101.7,95.787,95.64,104.837,102.77,101.76
644.5,302.941,95.93,95.66,105,102.71,101.76,95.797,95.637,104.99,102.857,101.79
645,300.413,95.92,95.65,105.1,102.76,101.74,95.793,95.633,105.127,102.923,101.793
645.5,297.886,95.92,95.65,105.26,102.85,101.76,95.79,95.633,105.237,102.99,101.81
646,295.362,95.92,95.67,105.36,102.9,101.78,95.797,95.64,105.357,103.047,101.82
646.5,292.841,95.92,95.67,105.44,102.97,101.8,95.797,95.64,105.45,103.11,101.847
647,290.322,95.94,95.66,105.61,103.02,101.81,95.807,95.64,105.573,103.16,101.863
647.5,287.806,95.9,95.67,105.66,103.05,101.83,95.793,95.65,105.64,103.203,101.88
648,285.293,95.91,95.67,105.73,103.09,101.83,95.8,95.65,105.72,103.243,101.9
648.5,282.784,95.92,95.67,105.81,103.13,101.88,95.8,95.653,105.77,103.27,101.92
649,280.278,95.93,95.67,105.85,103.14,101.87,95.807,95.657,105.84,103.297,101.94
649.5,277.776,95.93,95.68,105.93,103.19,101.91,95.807,95.663,105.9,103.327,101.963
650,275.278,95.93,95.69,106,103.2,101.93,95.81,95.67,105.963,103.333,101.98
650.5,272.785,95.94,95.71,106.03,103.21,101.96,95.817,95.687,105.963,103.333,102.007
651,270.296,95.93,95.71,106.02,103.21,101.98,95.813,95.683,105.957,103.32,102.033
651.5,267.812,95.94,95.71,106.02,103.2,101.99,95.813,95.693,105.937,103.307,102.047
652,265.333,95.94,95.7,105.97,103.18,102,95.813,95.69,105.897,103.287,102.067
652.5,262.859,95.96,95.7,105.98,103.18,102.05,95.817,95.697,105.897,103.26,102.09
653,260.39,95.95,95.71,105.93,103.11,102.07,95.817,95.7,105.86,103.217,102.113
653.5,257.928,95.94,95.7,105.88,103.07,102.09,95.813,95.697,105.783,103.177,102.143
654,255.471,95.94,95.69,105.79,103.03,102.11,95.81,95.697,105.7,103.133,102.16
654.5,253.02,95.94,95.71,105.71,103,102.13,95.82,95.707,105.617,103.097,102.18
655,250.575,95.94,95.7,105.59,102.94,102.14,95.813,95.697,105.523,103.037,102.207
655.5,248.137,95.94,95.7,105.55,102.88,102.15,95.817,95.703,105.48,102.98,102.22
656,245.706,95.93,95.7,105.49,102.8,102.17,95.81,95.7,105.397,102.91,102.237
656.5,243.282,95.93,95.68,105.37,102.76,102.19,95.813,95.697,105.277,102.85,102.263
657,240.866,95.94,95.69,105.26,102.68,102.22,95.817,95.7,105.127,102.777,102.283
657.5,238.456,95.94,95.69,105.07,102.6,102.23,95.82,95.7,104.977,102.7,102.31
658,236.055,95.93,95.69,104.94,102.55,102.28,95.813,95.697,104.847,102.63,102.337
658.5,233.661,95.94,95.69,104.88,102.47,102.28,95.813,95.69,104.72,102.55,102.357
659,231.276,95.93,95.68,104.74,102.39,102.33,95.813,95.69,104.583,102.47,102.387
659.5,228.899,95.93,95.69,104.52,102.3,102.34,95.813,95.693,104.4,102.387,102.403
660,226.53,95.92,95.66,104.38,102.21,102.35,95.807,95.68,104.273,102.303,102.42
660.5,224.171,95.93,95.69,104.19,102.16,102.4,95.81,95.69,104.077,102.233,102.447
661,221.82,95.94,95.67,104.05,102.09,102.42,95.813,95.677,103.933,102.163,102.477
661.5,219.479,95.93,95.68,103.85,101.99,102.43,95.81,95.677,103.763,102.08,102.493
662,217.147,95.93,95.68,103.69,101.93,102.46,95.82,95.687,103.607,102.023,102.523
662.5,214.826,95.94,95.69,103.55,101.87,102.47,95.823,95.683,103.457,101.957,102.537
663,212.514,95.95,95.7,103.48,101.8,102.51,95.823,95.68,103.337,101.893,102.56
663.5,210.212,95.95,95.68,103.32,101.76,102.52,95.827,95.677,103.203,101.847,102.58
664,207.921,95.94,95.69,103.18,101.68,102.56,95.823,95.683,103.103,101.78,102.613
664.5,205.64,95.95,95.7,103.07,101.63,102.56,95.833,95.69,103.0,101.737,102.63
665,203.371,95.97,95.73,102.97,101.58,102.59,95.837,95.697,102.877,101.697,102.653
665.5,201.112,95.97,95.71,102.84,101.56,102.63,95.843,95.693,102.75,101.663,102.677
666,198.865,95.97,95.71,102.8,101.51,102.64,95.843,95.69,102.687,101.63,102.7
666.5,196.629,95.97,95.72,102.7,101.48,102.67,95.843,95.693,102.627,101.603,102.72
667,194.406,95.96,95.72,102.58,101.46,102.68,95.843,95.697,102.53,101.583,102.743
667.5,192.194,95.96,95.73,102.57,101.44,102.72,95.837,95.7,102.49,101.56,102.757
668,189.994,95.97,95.72,102.41,101.44,102.74,95.843,95.7,102.377,101.563,102.78
668.5,187.807,95.97,95.73,102.43,101.45,102.77,95.843,95.7,102.377,101.563,102.8
669,185.632,95.97,95.73,102.36,101.43,102.76,95.843,95.707,102.357,101.57,102.817
669.5,183.471,95.96,95.71,102.37,101.45,102.77,95.847,95.703,102.363,101.59,102.83
670,181.322,95.96,95.72,102.39,101.47,102.8,95.843,95.7,102.373,101.61,102.847
670.5,179.187,95.97,95.71,102.39,101.49,102.8,95.853,95.703,102.41,101.637,102.853
671,177.065,95.97,95.72,102.5,101.54,102.82,95.85,95.71,102.47,101.69,102.877
671.5,174.958,95.97,95.71,102.45,101.59,102.83,95.853,95.71,102.453,101.737,102.893
672,172.864,95.98,95.72,102.56,101.64,102.85,95.85,95.707,102.557,101.797,102.903
672.5,170.784,95.95,95.73,102.6,101.7,102.86,95.843,95.717,102.603,101.857,102.913
673,168.718,95.96,95.72,102.61,101.78,102.89,95.85,95.713,102.66,101.933,102.93
673.5,166.668,95.98,95.72,102.78,101.84,102.9,95.857,95.713,102.787,102.003,102.947
674,164.632,95.95,95.69,102.8,101.89,102.89,95.843,95.703,102.863,102.08,102.957
674.5,162.611,95.96,95.73,103.05,101.99,102.91,95.847,95.72,103.05,102.157,102.953
675,160.605,95.95,95.71,103.08,102.05,102.92,95.843,95.713,103.14,102.24,102.973
675.5,158.615,95.98,95.72,103.22,102.15,102.94,95.857,95.723,103.273,102.337,102.983
676,156.64,95.96,95.72,103.38,102.27,102.95,95.85,95.727,103.413,102.44,102.997
676.5,154.681,95.98,95.74,103.51,102.33,102.96,95.85,95.723,103.557,102.51,103.003
677,152.738,95.96,95.72,103.74,102.44,102.96,95.847,95.723,103.74,102.61,103.013
677.5,150.812,95.97,95.73,103.74,102.52,102.97,95.85,95.727,103.843,102.683,103.027
678,148.901,95.98,95.75,103.98,102.6,102.98,95.86,95.737,104.033,102.77,103.033
678.5,147.008,95.98,95.75,104.11,102.7,102.99,95.853,95.743,104.193,102.857,103.043
679,145.131,95.99,95.76,104.31,102.79,103,95.857,95.743,104.36,102.94,103.053
679.5,143.272,95.99,95.76,104.45,102.87,103.02,95.857,95.743,104.5,103.02,103.067
680,141.429,95.99,95.76,104.53,102.94,103.03,95.863,95.747,104.59,103.087,103.077
680.5,139.604,96,95.78,104.7,103.05,103.06,95.87,95.753,104.76,103.17,103.093
681,137.797,95.99,95.76,104.77,103.09,103.05,95.87,95.753,104.857,103.227,103.1
681.5,136.007,95.98,95.76,104.88,103.15,103.06,95.867,95.75,104.967,103.267,103.107
682,134.236,96,95.77,104.99,103.19,103.08,95.873,95.75,105.063,103.317,103.12
682.5,132.482,96.01,95.77,105.14,103.21,103.1,95.883,95.75,105.207,103.347,103.137
683,130.747,95.99,95.75,105.22,103.26,103.1,95.873,95.74,105.28,103.38,103.147
683.5,129.031,95.99,95.75,105.24,103.27,103.1,95.87,95.743,105.307,103.387,103.157
684,127.333,96.01,95.76,105.38,103.29,103.13,95.88,95.737,105.403,103.393,103.173
684.5,125.654,96,95.76,105.37,103.27,103.15,95.877,95.74,105.42,103.377,103.187
685,123.994,96.01,95.78,105.49,103.29,103.16,95.887,95.75,105.52,103.37,103.203
685.5,122.354,96,95.73,105.47,103.23,103.14,95.88,95.727,105.523,103.333,103.2
686,120.733,96.01,95.74,105.5,103.19,103.15,95.88,95.73,105.557,103.297,103.207
686.5,119.131,96.01,95.75,105.5,103.18,103.17,95.883,95.73,105.547,103.257,103.23
687,117.549,96.01,95.75,105.46,103.11,103.18,95.88,95.727,105.533,103.2,103.237
687.5,115.988,96.01,95.74,105.46,103.07,103.18,95.887,95.727,105.54,103.14,103.247
688,114.446,96.01,95.75,105.41,102.97,103.22,95.887,95.727,105.48,103.06,103.267
688.5,112.925,96.04,95.74,105.32,102.91,103.23,95.897,95.727,105.43,102.99,103.273
689,111.424,96.02,95.73,105.25,102.83,103.23,95.893,95.72,105.387,102.91,103.283
689.5,109.943,96,95.73,105.19,102.72,103.24,95.883,95.727,105.3,102.817,103.297
690,108.484,96.01,95.74,105.14,102.63,103.25,95.887,95.733,105.26,102.73,103.313
690.5,107.045,96,95.73,105.03,102.54,103.26,95.887,95.727,105.193,102.647,103.323
691,105.627,96,95.74,104.99,102.45,103.28,95.88,95.73,105.12,102.553,103.34
691.5,104.231,96.02,95.77,104.87,102.38,103.29,95.893,95.747,105.0,102.473,103.347
692,102.856,96.02,95.75,104.83,102.29,103.3,95.893,95.743,104.94,102.39,103.36
692.5,101.502,96,95.73,104.7,102.19,103.32,95.887,95.733,104.833,102.3,103.367
693,100.17,96.03,95.76,104.66,102.13,103.32,95.897,95.753,104.813,102.233,103.377
693.5,98.86,96.02,95.78,104.56,102.05,103.34,95.9,95.767,104.763,102.167,103.393
694,97.572,96.02,95.77,104.47,102.01,103.34,95.893,95.763,104.683,102.11,103.4
694.5,96.306,96,95.79,104.5,101.95,103.35,95.887,95.777,104.707,102.06,103.417
695,95.062,96.02,95.79,104.44,101.9,103.37,95.903,95.78,104.673,102.013,103.433
695.5,93.841,96.04,95.78,104.46,101.87,103.37,95.907,95.777,104.687,101.977,103.43
696,92.642,96.02,95.78,104.44,101.82,103.39,95.9,95.78,104.653,101.937,103.443
696.5,91.466,96.04,95.79,104.46,101.81,103.41,95.907,95.787,104.66,101.923,103.453
697,90.312,96.04,95.81,104.52,101.8,103.42,95.913,95.8,104.697,101.917,103.47
697.5,89.182,96.04,95.81,104.47,101.81,103.43,95.917,95.803,104.71,101.923,103.477
698,88.074,96.01,95.81,104.45,101.78,103.4,95.907,95.803,104.697,101.913,103.477
698.5,86.989,96.05,95.8,104.54,101.82,103.43,95.92,95.803,104.78,101.94,103.483
699,85.928,96.05,95.82,104.58,101.85,103.44,95.92,95.813,104.837,101.98,103.497
699.5,84.89,96.04,95.82,104.65,101.9,103.45,95.913,95.81,104.893,102.017,103.503
700,83.876,96.04,95.79,104.73,101.92,103.46,95.92,95.797,105.037,102.063,103.51
700.5,82.885,96.03,95.82,104.87,101.97,103.46,95.92,95.807,105.16,102.123,103.51
701,81.918,96.05,95.81,104.99,102.04,103.46,95.92,95.807,105.3,102.187,103.517
701.5,80.974,96.05,95.8,105.08,102.11,103.47,95.923,95.797,105.41,102.257,103.527
702,80.055,96.05,95.8,105.26,102.2,103.47,95.923,95.793,105.55,102.337,103.523
702.5,79.159,96.05,95.79,105.39,102.27,103.47,95.923,95.787,105.697,102.407,103.53
703,78.288,96.05,95.79,105.55,102.35,103.47,95.927,95.787,105.85,102.497,103.523
703.5,77.44,96.01,95.77,105.69,102.42,103.46,95.917,95.78,106.003,102.577,103.52
704,76.617,96.06,95.8,105.88,102.52,103.48,95.933,95.777,106.163,102.66,103.523
704.5,75.819,96.06,95.8,106.01,102.59,103.45,95.933,95.773,106.307,102.73,103.51
705,75.045,96.04,95.79,106.15,102.65,103.45,95.927,95.773,106.437,102.8,103.517
705.5,74.295,96.03,95.77,106.24,102.73,103.47,95.92,95.763,106.57,102.87,103.52
706,73.57,96.05,95.77,106.37,102.79,103.45,95.93,95.757,106.703,102.933,103.507
706.5,72.87,96.05,95.79,106.52,102.84,103.46,95.93,95.767,106.857,102.987,103.513
707,72.195,96.05,95.78,106.65,102.91,103.47,95.933,95.76,107.01,103.043,103.52
707.5,71.544,96.06,95.78,106.78,102.95,103.48,95.94,95.76,107.157,103.087,103.523
708,70.919,96.04,95.76,106.81,102.96,103.47,95.93,95.747,107.233,103.11,103.513
708.5,70.318,96.06,95.78,106.93,103,103.46,95.927,95.757,107.337,103.13,103.517
709,69.742,96.05,95.78,107.02,102.99,103.45,95.937,95.753,107.407,103.13,103.51
709.5,69.192,96.05,95.78,107.14,103.01,103.45,95.93,95.763,107.467,103.143,103.507
710,68.667,96.07,95.8,107.28,103.02,103.47,95.933,95.783,107.543,103.143,103.513
710.5,68.167,96.06,95.77,107.29,103.01,103.47,95.94,95.79,107.557,103.127,103.51
711,67.692,96.04,95.78,107.2,102.95,103.44,95.93,95.813,107.533,103.097,103.503
711.5,67.243,96.07,95.82,107.21,102.96,103.47,95.95,95.85,107.513,103.073,103.517
712,66.819,96.08,95.83,107.16,102.94,103.46,95.95,95.887,107.437,103.037,103.513
712.5,66.42,96.09,95.83,107.04,102.87,103.45,95.953,95.91,107.323,102.98,103.513
713,66.047,96.08,95.88,107.03,102.84,103.47,95.953,95.957,107.223,102.923,103.52
713.5,65.7,96.08,95.9,106.88,102.78,103.46,95.96,96.003,107.073,102.873,103.513
714,65.378,96.08,95.98,106.74,102.73,103.47,95.96,96.07,106.893,102.81,103.52
714.5,65.082,96.08,96.01,106.5,102.66,103.46,95.953,96.11,106.663,102.74,103.52
715,64.811,96.09,96.07,106.28,102.6,103.46,95.967,96.173,106.427,102.677,103.517
715.5,64.567,96.08,96.12,106.02,102.55,103.47,95.96,96.22,106.137,102.613,103.52
716,64.347,96.08,96.19,105.73,102.49,103.48,95.963,96.273,105.813,102.56,103.53
716.5,64.154,96.09,96.24,105.45,102.43,103.46,95.967,96.32,105.487,102.517,103.523
717,63.986,96.09,96.28,105.1,102.38,103.48,95.963,96.36,105.123,102.467,103.533
717.5,63.844,96.1,96.33,104.75,102.33,103.49,95.973,96.4,104.763,102.437,103.533
718,63.728,96.1,96.37,104.32,102.32,103.49,95.97,96.433,104.327,102.417,103.537
718.5,63.638,96.09,96.42,103.87,102.29,103.47,95.97,96.47,103.877,102.407,103.53
719,63.573,96.1,96.44,103.43,102.3,103.48,95.977,96.483,103.387,102.4,103.53
719.5,63.535,96.1,96.46,103,102.3,103.47,95.973,96.49,102.913,102.407,103.53
