CA_aTDCe,cyl_volume_cm3,P_Intk_Plen_In_kPa_S_2014_05_20_01,P_Intk_Port_kPa_S_2014_05_20_01,P_Cyl_kPa_S_2014_05_20_01,P_Exh_Port_kPa_S_2014_05_20_01,P_Exh_Plen_Out_kPa_S_2014_05_20_01,P_Intk_Plen_In_kPa_mean_all_tests,P_Intk_Port_kPa_mean_all_tests,P_Cyl_kPa_mean_all_tests,P_Exh_Port_kPa_mean_all_tests,P_Exh_Plen_Out_kPa_mean_all_tests
0,63.522,96.4,97.25,107.77,100.46,103.55,96.417,97.537,108.073,100.57,103.513
0.5,63.535,96.39,97.33,107.17,100.54,103.53,96.407,97.633,107.49,100.667,103.503
1,63.573,96.4,97.48,106.48,100.68,103.53,96.413,97.757,106.83,100.8,103.51
1.5,63.638,96.39,97.58,105.86,100.81,103.53,96.41,97.847,106.153,100.93,103.5
2,63.728,96.38,97.71,105.16,100.94,103.52,96.403,97.937,105.43,101.073,103.493
2.5,63.844,96.38,97.79,104.34,101.08,103.49,96.407,98.007,104.647,101.23,103.49
3,63.986,96.39,97.86,103.64,101.28,103.5,96.41,98.05,103.86,101.427,103.49
3.5,64.154,96.38,97.92,102.84,101.42,103.51,96.41,98.08,103.02,101.607,103.5
4,64.347,96.39,97.99,101.97,101.65,103.49,96.417,98.11,102.153,101.823,103.487
4.5,64.567,96.38,97.99,101.08,101.83,103.48,96.413,98.103,101.28,102.027,103.487
5,64.811,96.39,97.99,100.17,102.07,103.49,96.417,98.08,100.343,102.26,103.483
5.5,65.082,96.4,97.97,99.23,102.3,103.48,96.433,98.057,99.437,102.48,103.483
6,65.378,96.39,97.9,98.35,102.54,103.48,96.42,97.987,98.57,102.72,103.477
6.5,65.7,96.41,97.83,97.51,102.75,103.48,96.44,97.91,97.723,102.93,103.473
7,66.047,96.39,97.73,96.62,102.96,103.48,96.43,97.79,96.86,103.14,103.473
7.5,66.42,96.4,97.59,95.86,103.18,103.48,96.433,97.64,96.057,103.34,103.473
8,66.819,96.42,97.41,95.04,103.36,103.49,96.447,97.443,95.193,103.52,103.467
8.5,67.243,96.4,97.21,94.26,103.55,103.48,96.45,97.227,94.397,103.687,103.467
9,67.692,96.42,96.95,93.53,103.71,103.46,96.46,96.953,93.637,103.843,103.46
9.5,68.167,96.42,96.66,92.91,103.88,103.44,96.463,96.64,92.953,103.997,103.447
10,68.667,96.43,96.32,92.26,104.13,103.46,96.473,96.287,92.28,104.24,103.44
10.5,69.192,96.41,95.92,91.64,104.37,103.43,96.473,95.893,91.657,104.47,103.423
11,69.742,96.45,95.49,91.08,104.65,103.45,96.493,95.45,91.023,104.707,103.43
11.5,70.318,96.47,95,90.46,104.85,103.46,96.5,94.98,90.413,104.903,103.423
12,70.919,96.46,94.41,89.8,105.05,103.42,96.5,94.42,89.8,105.087,103.407
12.5,71.544,96.48,93.86,89.3,105.25,103.42,96.517,93.87,89.253,105.257,103.393
13,72.195,96.47,93.28,88.67,105.4,103.41,96.523,93.3,88.65,105.393,103.387
13.5,72.87,96.5,92.79,88.16,105.51,103.4,96.533,92.787,88.113,105.5,103.377
14,73.57,96.51,92.36,87.61,105.62,103.38,96.547,92.313,87.543,105.6,103.367
14.5,74.295,96.53,91.97,87.11,105.73,103.4,96.553,91.883,86.987,105.687,103.363
15,75.045,96.51,91.53,86.49,105.75,103.36,96.557,91.463,86.407,105.733,103.337
15.5,75.819,96.53,91.14,86,105.8,103.38,96.577,91.083,85.827,105.763,103.333
16,76.617,96.53,90.77,85.37,105.81,103.36,96.577,90.72,85.223,105.777,103.323
16.5,77.44,96.56,90.45,84.85,105.79,103.35,96.597,90.393,84.77,105.777,103.307
17,78.288,96.56,90.15,84.26,105.8,103.33,96.597,90.093,84.19,105.777,103.293
17.5,79.159,96.57,89.86,83.76,105.76,103.33,96.61,89.833,83.643,105.723,103.287
18,80.055,96.59,89.61,83.32,105.69,103.33,96.617,89.607,83.183,105.643,103.28
18.5,80.974,96.6,89.38,82.72,105.55,103.31,96.633,89.417,82.673,105.493,103.267
19,81.918,96.62,89.23,82.37,105.34,103.3,96.637,89.273,82.2,105.283,103.257
19.5,82.885,96.63,89.15,81.95,105.14,103.29,96.647,89.19,81.883,105.09,103.25
20,83.876,96.64,89.13,81.56,104.93,103.29,96.647,89.157,81.487,104.887,103.237
20.5,84.89,96.65,89.14,81.21,104.76,103.28,96.65,89.163,81.047,104.703,103.23
21,85.928,96.64,89.18,80.76,104.54,103.27,96.653,89.213,80.677,104.497,103.24
21.5,86.989,96.65,89.27,80.61,104.33,103.26,96.663,89.29,80.397,104.293,103.223
22,88.074,96.63,89.35,80.27,104.12,103.27,96.657,89.387,80.127,104.093,103.227
22.5,89.182,96.64,89.42,80.08,103.91,103.25,96.663,89.483,79.92,103.913,103.22
23,90.312,96.63,89.47,79.99,103.7,103.23,96.663,89.563,79.83,103.723,103.207
23.5,91.466,96.64,89.53,79.72,103.51,103.25,96.667,89.627,79.607,103.547,103.217
24,92.642,96.65,89.56,79.58,103.32,103.25,96.66,89.66,79.513,103.35,103.213
24.5,93.841,96.64,89.56,79.58,103.1,103.23,96.66,89.69,79.523,103.133,103.213
25,95.062,96.65,89.56,79.48,102.84,103.24,96.653,89.72,79.457,102.897,103.21
25.5,96.306,96.64,89.63,79.48,102.61,103.23,96.647,89.79,79.477,102.687,103.207
26,97.572,96.63,89.77,79.62,102.38,103.22,96.64,89.907,79.65,102.477,103.207
26.5,98.86,96.62,89.9,79.68,102.18,103.24,96.633,90.033,79.767,102.293,103.223
27,100.17,96.61,90.03,79.73,102.03,103.25,96.623,90.173,79.913,102.137,103.23
27.5,101.502,96.59,90.16,80.27,101.87,103.26,96.607,90.317,80.263,102.003,103.24
28,102.856,96.56,90.33,80.14,101.71,103.26,96.59,90.483,80.223,101.873,103.237
28.5,104.231,96.54,90.47,80.24,101.57,103.25,96.577,90.63,80.383,101.76,103.233
29,105.627,96.54,90.61,80.19,101.49,103.25,96.567,90.767,80.483,101.663,103.24
29.5,107.045,96.5,90.79,80.85,101.42,103.27,96.537,90.923,80.953,101.583,103.247
30,108.484,96.49,90.94,80.93,101.37,103.25,96.523,91.073,81.103,101.537,103.24
30.5,109.943,96.46,91.09,80.98,101.34,103.26,96.5,91.22,81.18,101.503,103.25
31,111.424,96.42,91.27,81.37,101.36,103.29,96.473,91.387,81.53,101.5,103.27
31.5,112.925,96.41,91.44,81.5,101.35,103.27,96.457,91.553,81.78,101.497,103.277
32,114.446,96.41,91.62,81.87,101.41,103.29,96.44,91.74,82.043,101.537,103.283
32.5,115.988,96.38,91.81,82.33,101.49,103.29,96.417,91.917,82.47,101.627,103.287
33,117.549,96.36,91.97,82.63,101.57,103.32,96.397,92.09,82.753,101.74,103.3
33.5,119.131,96.33,92.1,82.68,101.71,103.31,96.377,92.223,82.913,101.877,103.297
34,120.733,96.31,92.23,83.05,101.89,103.3,96.357,92.357,83.31,102.04,103.297
34.5,122.354,96.28,92.32,83.69,102.02,103.3,96.327,92.463,83.697,102.18,103.303
35,123.994,96.25,92.44,83.73,102.17,103.33,96.297,92.577,83.867,102.337,103.313
35.5,125.654,96.22,92.54,84.06,102.33,103.32,96.27,92.67,84.21,102.477,103.31
36,127.333,96.2,92.65,83.95,102.51,103.32,96.247,92.773,84.16,102.65,103.313
36.5,129.031,96.18,92.72,84.48,102.69,103.29,96.23,92.86,84.743,102.803,103.29
37,130.747,96.16,92.79,85.25,102.88,103.31,96.213,92.92,85.313,102.967,103.303
37.5,132.482,96.15,92.85,85.03,103.04,103.31,96.2,92.963,85.407,103.117,103.31
38,134.236,96.14,92.89,85.78,103.22,103.31,96.19,93.0,85.893,103.277,103.297
38.5,136.007,96.15,92.96,85.5,103.4,103.33,96.183,93.05,85.78,103.457,103.297
39,137.797,96.14,93,86.3,103.6,103.31,96.173,93.107,86.32,103.663,103.287
39.5,139.604,96.1,93.04,86.4,103.8,103.29,96.147,93.163,86.657,103.867,103.27
40,141.429,96.09,93.1,86.27,104.04,103.3,96.123,93.217,86.53,104.067,103.26
40.5,143.272,96.06,93.14,86.98,104.2,103.27,96.107,93.25,87.247,104.237,103.247
41,145.131,96.05,93.15,87.08,104.39,103.27,96.09,93.273,87.197,104.41,103.233
41.5,147.008,96.05,93.15,86.99,104.56,103.26,96.083,93.287,87.303,104.557,103.223
42,148.901,96.03,93.14,87.02,104.69,103.26,96.07,93.287,87.457,104.68,103.203
42.5,150.812,96.02,93.15,87.58,104.83,103.21,96.057,93.3,87.803,104.793,103.187
43,152.738,96.01,93.17,87.7,104.93,103.22,96.05,93.32,87.99,104.883,103.17
43.5,154.681,96.01,93.16,87.73,105.03,103.19,96.053,93.32,88.22,104.993,103.15
44,156.64,96,93.14,88.22,105.08,103.18,96.043,93.323,88.453,105.043,103.137
44.5,158.615,96,93.15,88.52,105.09,103.15,96.037,93.337,88.72,105.077,103.123
45,160.605,95.99,93.17,88.2,105.12,103.17,96.023,93.337,88.617,105.11,103.117
45.5,162.611,95.97,93.15,88.64,105.13,103.14,96.01,93.327,88.723,105.133,103.09
46,164.632,95.99,93.11,88.02,105.13,103.12,96.003,93.32,88.43,105.133,103.063
46.5,166.668,95.96,93.08,88.53,105.1,103.1,95.993,93.31,88.727,105.107,103.047
47,168.718,95.98,93.04,88.67,105.03,103.08,95.99,93.28,88.777,105.03,103.033
47.5,170.784,95.98,92.99,88.13,104.96,103.07,95.98,93.247,88.667,104.943,103.023
48,172.864,95.96,92.98,89.54,104.83,103.06,95.977,93.23,89.52,104.81,103.013
48.5,174.958,95.95,92.93,88.4,104.71,103.03,95.967,93.213,88.67,104.697,102.997
49,177.065,95.94,92.89,88.5,104.58,103.03,95.967,93.18,88.727,104.583,102.997
49.5,179.187,95.93,92.88,88.9,104.46,103.02,95.953,93.147,89.137,104.467,102.993
50,181.322,95.93,92.85,88.95,104.32,103.01,95.953,93.113,89.107,104.337,102.99
50.5,183.471,95.93,92.77,89.03,104.15,103.01,95.953,93.063,89.227,104.183,102.977
51,185.632,95.9,92.7,89.29,103.99,102.97,95.93,93.007,89.307,104.05,102.96
51.5,187.807,95.92,92.63,88.59,103.85,102.99,95.927,92.943,88.947,103.917,102.953
52,189.994,95.91,92.63,89.81,103.72,102.98,95.913,92.907,89.637,103.783,102.953
52.5,192.194,95.9,92.57,89.09,103.56,102.97,95.907,92.837,88.96,103.63,102.94
53,194.406,95.88,92.52,89.06,103.38,102.99,95.89,92.763,89.13,103.453,102.943
53.5,196.629,95.86,92.45,89.61,103.19,102.96,95.873,92.673,89.493,103.273,102.933
54,198.865,95.84,92.36,89.69,103.03,102.95,95.857,92.577,89.497,103.093,102.94
54.5,201.112,95.83,92.28,89.93,102.84,102.98,95.843,92.487,89.877,102.927,102.963
55,203.371,95.8,92.2,88.72,102.65,102.97,95.83,92.413,88.953,102.763,102.97
55.5,205.64,95.78,92.17,89.09,102.51,103,95.81,92.353,89.01,102.623,102.993
56,207.921,95.75,92.14,89.35,102.33,103.02,95.79,92.307,89.283,102.46,103.01
56.5,210.212,95.73,92.11,89.72,102.23,103.02,95.767,92.26,89.537,102.353,103.007
57,212.514,95.72,92.05,88.75,102.1,103,95.747,92.203,88.837,102.233,103.003
57.5,214.826,95.67,91.99,88.9,101.97,103.02,95.717,92.147,89.14,102.117,103.003
58,217.147,95.66,91.92,89.43,101.88,103.01,95.703,92.073,89.257,102.02,103.013
58.5,219.479,95.65,91.87,88.2,101.83,103.03,95.683,92.003,88.487,101.957,103.027
59,221.82,95.61,91.82,88.61,101.78,103.05,95.65,91.947,88.82,101.89,103.033
59.5,224.171,95.6,91.76,88.48,101.73,103.05,95.633,91.89,88.64,101.833,103.047
60,226.53,95.59,91.72,88.61,101.71,103.09,95.617,91.843,88.61,101.793,103.08
60.5,228.899,95.55,91.69,89.27,101.67,103.11,95.593,91.807,89.11,101.763,103.103
61,231.276,95.53,91.65,88.3,101.66,103.13,95.567,91.76,88.54,101.77,103.123
61.5,233.661,95.5,91.61,88.59,101.7,103.14,95.54,91.717,88.663,101.81,103.133
62,236.055,95.47,91.61,88.23,101.75,103.15,95.52,91.693,88.27,101.867,103.137
62.5,238.456,95.43,91.56,88.79,101.82,103.16,95.49,91.66,88.773,101.93,103.143
63,240.866,95.41,91.55,88.21,101.91,103.14,95.467,91.633,88.367,102.003,103.13
63.5,243.282,95.41,91.52,88.05,101.98,103.15,95.453,91.61,88.333,102.08,103.137
64,245.706,95.4,91.51,88.81,102.05,103.14,95.44,91.587,88.463,102.147,103.123
64.5,248.137,95.39,91.46,87.97,102.17,103.14,95.43,91.55,88.183,102.247,103.127
65,250.575,95.37,91.42,88.64,102.28,103.16,95.41,91.507,88.447,102.33,103.137
65.5,253.02,95.35,91.38,88.46,102.4,103.14,95.403,91.48,88.343,102.44,103.133
66,255.471,95.33,91.36,88.06,102.5,103.16,95.383,91.44,88.04,102.533,103.143
66.5,257.928,95.32,91.34,88.39,102.6,103.16,95.37,91.407,88.537,102.637,103.14
67,260.39,95.3,91.29,87.7,102.7,103.16,95.353,91.36,87.823,102.757,103.14
67.5,262.859,95.29,91.23,88.68,102.86,103.15,95.333,91.313,88.533,102.903,103.127
68,265.333,95.27,91.17,88.17,103.02,103.16,95.317,91.267,88.0,103.057,103.12
68.5,267.812,95.27,91.13,88.19,103.17,103.14,95.313,91.233,88.203,103.217,103.103
69,270.296,95.23,91.12,87.88,103.32,103.12,95.293,91.197,87.987,103.357,103.073
69.5,272.785,95.23,91.09,88.26,103.46,103.09,95.28,91.157,88.147,103.477,103.047
70,275.278,95.22,91.03,88.06,103.59,103.07,95.28,91.103,88.01,103.603,103.027
70.5,277.776,95.24,90.99,88.38,103.69,103.04,95.283,91.053,88.147,103.71,103.0
71,280.278,95.23,90.95,88.11,103.82,103.02,95.273,91.0,87.91,103.833,102.983
71.5,282.784,95.21,90.91,87.97,103.94,103.03,95.253,90.95,87.993,103.943,102.977
72,285.293,95.2,90.89,88.29,104.01,103.01,95.237,90.913,88.243,104.027,102.963
72.5,287.806,95.19,90.86,87.92,104.1,103.02,95.227,90.887,88.033,104.133,102.957
73,290.322,95.19,90.82,88.02,104.17,103,95.213,90.86,88.087,104.213,102.943
73.5,292.841,95.18,90.78,88.2,104.22,102.97,95.207,90.823,88.093,104.29,102.93
74,295.362,95.17,90.74,87.97,104.31,102.95,95.197,90.793,88.053,104.363,102.9
74.5,297.886,95.15,90.71,88.12,104.36,102.93,95.18,90.763,88.077,104.423,102.873
75,300.413,95.15,90.71,88.1,104.4,102.89,95.187,90.747,88.043,104.45,102.84
75.5,302.941,95.16,90.69,88.22,104.41,102.85,95.177,90.73,88.073,104.46,102.81
76,305.472,95.12,90.67,88.18,104.38,102.84,95.153,90.72,88.083,104.437,102.803
76.5,308.004,95.11,90.63,87.87,104.36,102.81,95.137,90.693,87.877,104.403,102.773
77,310.537,95.1,90.61,87.95,104.3,102.81,95.13,90.673,87.933,104.363,102.77
77.5,313.072,95.08,90.6,88.04,104.27,102.79,95.113,90.663,87.97,104.33,102.77
78,315.607,95.07,90.58,87.99,104.21,102.83,95.1,90.65,88.06,104.283,102.783
78.5,318.144,95.06,90.61,88.08,104.16,102.8,95.09,90.667,88.09,104.247,102.77
79,320.68,95.06,90.61,87.82,104.1,102.79,95.083,90.673,87.927,104.19,102.757
79.5,323.218,95.04,90.6,87.93,104.05,102.75,95.063,90.677,87.947,104.13,102.743
80,325.755,95.03,90.61,88,103.94,102.75,95.05,90.687,87.963,104.037,102.727
80.5,328.292,95.01,90.65,88.11,103.87,102.76,95.033,90.713,88.073,103.973,102.73
81,330.829,94.99,90.64,88.28,103.77,102.74,95.02,90.717,88.19,103.877,102.71
81.5,333.366,94.97,90.67,88.17,103.69,102.72,94.993,90.733,88.16,103.76,102.703
82,335.902,94.95,90.67,88.27,103.55,102.72,94.973,90.75,88.117,103.62,102.707
82.5,338.436,94.93,90.66,88.24,103.42,102.74,94.96,90.753,88.113,103.49,102.723
83,340.97,94.89,90.66,88.23,103.27,102.74,94.927,90.76,88.173,103.353,102.733
83.5,343.502,94.88,90.67,88.28,103.14,102.76,94.91,90.77,88.143,103.237,102.757
84,346.033,94.84,90.68,88.23,103.04,102.77,94.877,90.763,88.233,103.117,102.763
84.5,348.562,94.81,90.65,88.22,102.91,102.79,94.85,90.753,88.233,103.01,102.79
85,351.089,94.79,90.61,88.19,102.83,102.8,94.83,90.737,88.193,102.907,102.787
85.5,353.614,94.77,90.63,88.23,102.72,102.8,94.81,90.73,88.313,102.787,102.793
86,356.137,94.73,90.62,88.18,102.6,102.8,94.78,90.73,88.223,102.673,102.8
86.5,358.657,94.72,90.65,88.36,102.5,102.81,94.763,90.733,88.38,102.563,102.807
87,361.174,94.71,90.66,88.39,102.4,102.83,94.737,90.743,88.393,102.44,102.817
87.5,363.688,94.65,90.66,88.37,102.31,102.84,94.697,90.737,88.347,102.32,102.827
88,366.199,94.64,90.68,88.4,102.21,102.86,94.68,90.747,88.42,102.217,102.85
88.5,368.707,94.6,90.68,88.54,102.1,102.87,94.647,90.75,88.49,102.123,102.87
89,371.211,94.57,90.68,88.57,102.01,102.9,94.62,90.75,88.537,102.04,102.893
89.5,373.712,94.55,90.7,88.53,101.95,102.91,94.593,90.77,88.57,101.99,102.917
90,376.208,94.54,90.71,88.52,101.92,102.92,94.577,90.78,88.563,101.953,102.923
90.5,378.701,94.52,90.71,88.44,101.9,102.95,94.557,90.797,88.517,101.93,102.94
91,381.189,94.49,90.67,88.55,101.88,102.96,94.53,90.78,88.613,101.923,102.947
91.5,383.672,94.47,90.69,88.53,101.9,102.95,94.52,90.79,88.62,101.93,102.94
92,386.151,94.46,90.73,88.53,101.91,102.99,94.503,90.817,88.623,101.923,102.947
92.5,388.625,94.44,90.75,88.53,101.91,102.96,94.483,90.847,88.663,101.91,102.927
93,391.094,94.41,90.76,88.57,101.9,102.96,94.46,90.863,88.633,101.897,102.933
93.5,393.558,94.4,90.77,88.57,101.92,102.98,94.443,90.867,88.633,101.92,102.94
94,396.016,94.37,90.77,88.67,101.93,102.96,94.423,90.88,88.733,101.943,102.94
94.5,398.469,94.36,90.78,88.66,101.99,102.97,94.403,90.9,88.727,101.99,102.943
95,400.916,94.33,90.79,88.76,102.01,102.99,94.38,90.913,88.76,102.03,102.943
95.5,403.357,94.34,90.83,88.79,102.07,102.98,94.383,90.957,88.833,102.11,102.933
96,405.792,94.31,90.86,88.75,102.14,102.98,94.363,90.98,88.787,102.2,102.933
96.5,408.22,94.3,90.88,88.84,102.24,102.96,94.357,90.993,88.853,102.29,102.92
97,410.642,94.29,90.86,88.88,102.34,102.95,94.34,91.003,88.937,102.387,102.89
97.5,413.058,94.27,90.88,89.01,102.44,102.94,94.327,91.023,89.037,102.48,102.877
98,415.466,94.28,90.89,89.09,102.53,102.92,94.32,91.047,89.127,102.58,102.86
98.5,417.868,94.25,90.92,89.23,102.61,102.89,94.3,91.07,89.25,102.653,102.83
99,420.262,94.25,90.94,89.32,102.69,102.88,94.29,91.087,89.323,102.747,102.817
99.5,422.649,94.25,90.93,89.38,102.77,102.85,94.283,91.09,89.38,102.85,102.793
100,425.029,94.25,90.93,89.5,102.89,102.85,94.277,91.097,89.467,102.96,102.787
100.5,427.401,94.23,90.95,89.43,102.99,102.82,94.26,91.1,89.463,103.08,102.77
101,429.765,94.21,90.93,89.35,103.1,102.81,94.25,91.093,89.433,103.197,102.767
101.5,432.121,94.21,90.91,89.42,103.2,102.79,94.243,91.09,89.48,103.32,102.753
102,434.469,94.21,90.91,89.35,103.3,102.77,94.233,91.09,89.453,103.453,102.73
102.5,436.809,94.2,90.92,89.43,103.43,102.75,94.227,91.09,89.53,103.577,102.7
103,439.14,94.18,90.93,89.41,103.52,102.72,94.21,91.09,89.553,103.667,102.68
103.5,441.463,94.17,90.97,89.4,103.62,102.69,94.2,91.12,89.56,103.76,102.653
104,443.777,94.16,91.01,89.57,103.7,102.68,94.19,91.153,89.69,103.833,102.633
104.5,446.082,94.15,91.05,89.64,103.75,102.65,94.18,91.183,89.707,103.883,102.613
105,448.378,94.16,91.09,89.67,103.8,102.63,94.177,91.213,89.75,103.917,102.587
105.5,450.665,94.15,91.12,89.74,103.81,102.64,94.173,91.247,89.797,103.94,102.59
106,452.943,94.13,91.13,89.65,103.83,102.59,94.157,91.27,89.73,103.977,102.573
106.5,455.211,94.15,91.17,89.72,103.9,102.62,94.153,91.31,89.767,104.023,102.583
107,457.469,94.09,91.2,89.72,103.9,102.59,94.12,91.337,89.82,104.053,102.57
107.5,459.718,94.08,91.24,89.75,103.94,102.59,94.11,91.377,89.84,104.087,102.57
108,461.956,94.07,91.25,89.77,103.94,102.58,94.097,91.407,89.873,104.097,102.563
108.5,464.185,94.05,91.29,89.89,103.95,102.58,94.077,91.443,89.98,104.093,102.547
109,466.404,94.03,91.36,89.96,103.96,102.54,94.057,91.493,90.047,104.08,102.523
109.5,468.612,93.99,91.4,90.08,103.94,102.53,94.033,91.55,90.147,104.043,102.517
110,470.81,94,91.46,90.19,103.91,102.53,94.027,91.59,90.257,103.99,102.517
110.5,472.997,93.97,91.45,90.28,103.85,102.54,94.003,91.61,90.327,103.913,102.527
111,475.173,93.96,91.47,90.39,103.79,102.57,93.983,91.637,90.397,103.837,102.54
111.5,477.339,93.94,91.5,90.45,103.71,102.57,93.97,91.66,90.477,103.757,102.55
112,479.493,93.9,91.56,90.51,103.63,102.57,93.94,91.693,90.513,103.677,102.563
112.5,481.637,93.87,91.57,90.5,103.56,102.56,93.913,91.723,90.527,103.593,102.567
113,483.769,93.86,91.62,90.53,103.48,102.58,93.887,91.757,90.547,103.5,102.577
113.5,485.89,93.82,91.62,90.46,103.37,102.59,93.86,91.78,90.55,103.407,102.6
114,488,93.79,91.68,90.47,103.26,102.61,93.837,91.817,90.557,103.283,102.607
114.5,490.098,93.76,91.71,90.54,103.16,102.62,93.813,91.847,90.597,103.163,102.613
115,492.184,93.77,91.71,90.53,103.04,102.63,93.803,91.86,90.653,103.033,102.62
115.5,494.258,93.75,91.74,90.65,102.91,102.64,93.78,91.89,90.71,102.903,102.627
116,496.321,93.69,91.76,90.64,102.8,102.67,93.747,91.907,90.753,102.763,102.643
116.5,498.371,93.7,91.81,90.66,102.69,102.65,93.733,91.933,90.78,102.617,102.65
117,500.409,93.69,91.83,90.78,102.56,102.69,93.717,91.95,90.86,102.48,102.67
117.5,502.435,93.66,91.84,90.85,102.42,102.68,93.7,91.97,90.927,102.35,102.677
118,504.449,93.64,91.84,90.88,102.29,102.7,93.677,91.98,90.973,102.23,102.7
118.5,506.45,93.62,91.86,90.98,102.17,102.73,93.663,91.993,91.027,102.13,102.717
119,508.439,93.59,91.88,90.98,102.1,102.74,93.64,92.01,91.07,102.053,102.723
119.5,510.414,93.59,91.93,91.07,102.02,102.76,93.633,92.043,91.137,101.98,102.73
120,512.377,93.56,91.93,91.05,101.96,102.76,93.613,92.06,91.147,101.907,102.733
120.5,514.327,93.56,91.99,91.16,101.89,102.78,93.603,92.11,91.217,101.84,102.727
121,516.265,93.53,91.99,91.22,101.83,102.76,93.583,92.12,91.267,101.78,102.727
121.5,518.189,93.53,92.05,91.26,101.74,102.75,93.573,92.163,91.323,101.713,102.727
122,520.099,93.52,92.12,91.34,101.71,102.76,93.56,92.213,91.377,101.657,102.727
122.5,521.997,93.5,92.16,91.43,101.65,102.77,93.547,92.253,91.44,101.607,102.723
123,523.881,93.5,92.2,91.46,101.62,102.76,93.54,92.3,91.5,101.577,102.717
123.5,525.751,93.48,92.2,91.46,101.57,102.76,93.533,92.32,91.52,101.55,102.727
124,527.608,93.48,92.23,91.55,101.55,102.77,93.52,92.347,91.6,101.567,102.727
124.5,529.452,93.47,92.25,91.56,101.54,102.77,93.513,92.373,91.62,101.583,102.717
125,531.281,93.45,92.3,91.65,101.57,102.75,93.5,92.41,91.68,101.623,102.693
125.5,533.097,93.44,92.35,91.7,101.59,102.75,93.487,92.457,91.74,101.677,102.697
126,534.899,93.44,92.37,91.72,101.67,102.73,93.48,92.483,91.75,101.743,102.677
126.5,536.686,93.44,92.42,91.75,101.71,102.72,93.473,92.523,91.787,101.797,102.67
127,538.46,93.43,92.42,91.79,101.78,102.71,93.47,92.543,91.84,101.87,102.653
127.5,540.219,93.42,92.45,91.82,101.83,102.69,93.453,92.56,91.883,101.943,102.637
128,541.964,93.41,92.45,91.93,101.93,102.67,93.443,92.57,91.98,102.04,102.62
128.5,543.695,93.4,92.47,91.99,102.01,102.66,93.44,92.59,92.013,102.143,102.607
129,545.411,93.41,92.49,92.07,102.13,102.64,93.437,92.6,92.103,102.267,102.59
129.5,547.113,93.41,92.53,92.11,102.22,102.64,93.433,92.63,92.153,102.383,102.583
130,548.8,93.38,92.54,92.14,102.34,102.6,93.417,92.643,92.19,102.51,102.557
130.5,550.473,93.38,92.57,92.25,102.45,102.58,93.407,92.663,92.26,102.653,102.54
131,552.131,93.38,92.58,92.29,102.58,102.57,93.407,92.68,92.297,102.807,102.533
131.5,553.774,93.38,92.6,92.33,102.7,102.57,93.4,92.71,92.343,102.947,102.517
132,555.402,93.38,92.64,92.43,102.86,102.53,93.4,92.743,92.407,103.083,102.497
132.5,557.015,93.37,92.68,92.41,102.99,102.51,93.39,92.773,92.437,103.207,102.47
133,558.613,93.37,92.73,92.47,103.12,102.49,93.387,92.813,92.487,103.323,102.447
133.5,560.196,93.37,92.74,92.49,103.21,102.47,93.377,92.827,92.51,103.417,102.44
134,561.764,93.34,92.76,92.51,103.32,102.46,93.363,92.857,92.557,103.507,102.423
134.5,563.317,93.33,92.78,92.56,103.39,102.45,93.35,92.877,92.603,103.59,102.417
135,564.854,93.3,92.83,92.59,103.49,102.44,93.333,92.923,92.663,103.677,102.42
135.5,566.376,93.26,92.87,92.63,103.56,102.43,93.303,92.96,92.68,103.753,102.4
136,567.882,93.26,92.9,92.67,103.66,102.42,93.297,92.997,92.733,103.847,102.4
136.5,569.373,93.26,92.95,92.68,103.74,102.41,93.283,93.04,92.753,103.927,102.39
137,570.849,93.24,92.96,92.72,103.8,102.39,93.277,93.063,92.787,103.987,102.37
137.5,572.309,93.22,93.02,92.77,103.87,102.39,93.257,93.103,92.847,104.043,102.367
138,573.753,93.22,93.06,92.82,103.94,102.38,93.25,93.137,92.88,104.073,102.363
138.5,575.182,93.19,93.1,92.87,103.99,102.39,93.23,93.18,92.937,104.083,102.367
139,576.595,93.19,93.16,92.95,104,102.39,93.207,93.22,92.98,104.073,102.373
139.5,577.992,93.17,93.21,92.97,104.01,102.39,93.19,93.273,93.0,104.05,102.373
140,579.373,93.14,93.23,93,103.97,102.39,93.173,93.307,93.037,104.0,102.377
140.5,580.738,93.12,93.27,93.05,103.93,102.41,93.15,93.337,93.077,103.947,102.387
141,582.087,93.1,93.26,93.08,103.86,102.4,93.133,93.353,93.1,103.88,102.393
141.5,583.42,93.08,93.31,93.14,103.81,102.42,93.117,93.4,93.17,103.817,102.403
142,584.737,93.09,93.35,93.21,103.76,102.43,93.11,93.433,93.213,103.733,102.413
142.5,586.038,93.04,93.37,93.29,103.67,102.44,93.087,93.463,93.293,103.637,102.42
143,587.323,93.04,93.42,93.34,103.55,102.42,93.073,93.49,93.347,103.507,102.417
143.5,588.591,93.02,93.46,93.39,103.45,102.43,93.057,93.52,93.397,103.387,102.42
144,589.844,93.01,93.48,93.47,103.32,102.45,93.043,93.547,93.477,103.25,102.44
144.5,591.079,93,93.49,93.49,103.23,102.46,93.033,93.563,93.52,103.11,102.443
145,592.299,92.98,93.52,93.54,103.09,102.47,93.023,93.59,93.577,102.957,102.453
145.5,593.502,92.99,93.55,93.6,102.94,102.5,93.02,93.617,93.63,102.79,102.473
146,594.689,92.96,93.56,93.64,102.79,102.51,93.01,93.627,93.673,102.643,102.48
146.5,595.859,92.95,93.58,93.66,102.63,102.51,93.0,93.65,93.713,102.493,102.483
147,597.013,92.96,93.61,93.71,102.47,102.53,92.99,93.673,93.747,102.347,102.49
147.5,598.15,92.95,93.63,93.73,102.34,102.52,92.987,93.7,93.787,102.22,102.497
148,599.27,92.93,93.64,93.81,102.21,102.53,92.977,93.72,93.85,102.103,102.493
148.5,600.374,92.93,93.66,93.79,102.08,102.53,92.98,93.75,93.89,101.993,102.503
149,601.461,92.93,93.71,93.86,101.99,102.54,92.97,93.783,93.93,101.88,102.5
149.5,602.532,92.93,93.76,93.93,101.88,102.55,92.97,93.82,93.987,101.777,102.51
150,603.586,92.91,93.78,93.94,101.74,102.55,92.963,93.847,94.01,101.657,102.503
150.5,604.622,92.92,93.79,93.98,101.64,102.54,92.96,93.857,94.023,101.543,102.493
151,605.642,92.91,93.81,93.97,101.53,102.56,92.957,93.88,94.037,101.447,102.503
151.5,606.646,92.91,93.81,93.97,101.41,102.53,92.953,93.897,94.057,101.347,102.497
152,607.632,92.91,93.84,94.01,101.31,102.52,92.953,93.927,94.09,101.267,102.497
152.5,608.601,92.92,93.88,94.07,101.22,102.53,92.953,93.963,94.137,101.213,102.493
153,609.554,92.91,93.9,94.11,101.16,102.54,92.953,93.99,94.167,101.187,102.493
153.5,610.489,92.92,93.91,94.17,101.11,102.54,92.947,94.007,94.233,101.173,102.477
154,611.408,92.94,93.93,94.21,101.11,102.51,92.953,94.023,94.273,101.187,102.473
154.5,612.309,92.93,93.95,94.26,101.11,102.52,92.95,94.05,94.333,101.213,102.46
155,613.194,92.92,93.97,94.33,101.13,102.49,92.95,94.07,94.393,101.24,102.447
155.5,614.061,92.94,94.02,94.41,101.19,102.48,92.963,94.103,94.463,101.303,102.44
156,614.911,92.94,94.03,94.47,101.22,102.47,92.953,94.11,94.51,101.343,102.423
156.5,615.744,92.94,94.03,94.49,101.25,102.46,92.953,94.123,94.54,101.41,102.417
157,616.56,92.91,94.05,94.54,101.33,102.46,92.943,94.14,94.597,101.51,102.417
157.5,617.358,92.93,94.06,94.58,101.43,102.44,92.953,94.16,94.637,101.62,102.407
158,618.14,92.92,94.08,94.62,101.53,102.44,92.953,94.18,94.693,101.74,102.4
158.5,618.904,92.93,94.1,94.67,101.64,102.44,92.957,94.203,94.727,101.867,102.39
159,619.651,92.94,94.13,94.71,101.76,102.42,92.957,94.23,94.773,101.997,102.373
159.5,620.38,92.96,94.15,94.74,101.89,102.4,92.963,94.253,94.813,102.147,102.36
160,621.093,92.94,94.18,94.74,102.03,102.39,92.963,94.287,94.843,102.297,102.34
160.5,621.788,92.95,94.21,94.77,102.16,102.37,92.96,94.31,94.873,102.437,102.327
161,622.465,92.94,94.22,94.79,102.31,102.35,92.95,94.33,94.897,102.583,102.31
161.5,623.126,92.92,94.25,94.82,102.47,102.32,92.943,94.357,94.92,102.727,102.297
162,623.768,92.93,94.29,94.86,102.59,102.31,92.943,94.387,94.967,102.847,102.287
162.5,624.394,92.92,94.32,94.92,102.75,102.3,92.933,94.417,94.997,102.987,102.283
163,625.002,92.89,94.35,94.91,102.86,102.29,92.923,94.44,95.02,103.11,102.27
163.5,625.592,92.89,94.37,94.94,102.98,102.29,92.92,94.473,95.043,103.23,102.273
164,626.165,92.87,94.39,94.97,103.13,102.27,92.91,94.503,95.077,103.36,102.257
164.5,626.721,92.89,94.42,95.02,103.27,102.29,92.907,94.537,95.117,103.483,102.26
165,627.259,92.88,94.43,95.04,103.38,102.25,92.907,94.553,95.15,103.593,102.237
165.5,627.78,92.87,94.47,95.1,103.51,102.26,92.9,94.583,95.203,103.707,102.237
166,628.283,92.87,94.5,95.15,103.63,102.28,92.887,94.603,95.243,103.803,102.233
166.5,628.769,92.87,94.5,95.16,103.72,102.24,92.883,94.613,95.263,103.883,102.213
167,629.237,92.85,94.53,95.23,103.83,102.25,92.867,94.64,95.31,103.94,102.223
167.5,629.687,92.83,94.56,95.23,103.9,102.23,92.853,94.663,95.33,103.977,102.21
168,630.12,92.82,94.56,95.23,103.93,102.25,92.843,94.673,95.36,103.993,102.227
168.5,630.535,92.81,94.6,95.29,103.95,102.25,92.84,94.707,95.393,103.98,102.227
169,630.933,92.8,94.63,95.33,103.96,102.25,92.827,94.73,95.437,103.963,102.23
169.5,631.313,92.79,94.65,95.38,103.93,102.26,92.823,94.75,95.47,103.93,102.24
170,631.676,92.79,94.68,95.41,103.91,102.27,92.82,94.773,95.507,103.893,102.237
170.5,632.021,92.78,94.67,95.42,103.87,102.24,92.807,94.773,95.513,103.83,102.23
171,632.348,92.78,94.69,95.45,103.83,102.27,92.807,94.793,95.557,103.757,102.24
171.5,632.658,92.78,94.7,95.44,103.76,102.28,92.807,94.807,95.57,103.657,102.24
172,632.95,92.77,94.73,95.46,103.67,102.26,92.8,94.823,95.593,103.547,102.233
172.5,633.224,92.75,94.73,95.5,103.53,102.27,92.79,94.84,95.633,103.413,102.24
173,633.481,92.76,94.76,95.53,103.4,102.27,92.793,94.857,95.653,103.277,102.233
173.5,633.72,92.79,94.77,95.61,103.31,102.31,92.807,94.873,95.703,103.157,102.26
174,633.941,92.75,94.77,95.58,103.17,102.26,92.793,94.877,95.72,103.007,102.237
174.5,634.145,92.79,94.8,95.61,103.03,102.29,92.81,94.897,95.753,102.85,102.26
175,634.33,92.77,94.8,95.67,102.89,102.27,92.8,94.91,95.797,102.707,102.253
175.5,634.499,92.78,94.82,95.69,102.74,102.3,92.81,94.93,95.827,102.563,102.27
176,634.649,92.76,94.83,95.7,102.57,102.3,92.803,94.94,95.843,102.42,102.267
176.5,634.782,92.76,94.84,95.74,102.41,102.3,92.8,94.953,95.87,102.273,102.267
177,634.897,92.78,94.85,95.75,102.28,102.31,92.813,94.97,95.89,102.137,102.27
177.5,634.995,92.79,94.86,95.82,102.13,102.31,92.823,94.983,95.95,101.98,102.26
178,635.074,92.79,94.86,95.78,101.96,102.3,92.827,94.99,95.95,101.84,102.26
178.5,635.136,92.79,94.89,95.84,101.82,102.31,92.83,95.017,95.987,101.693,102.263
179,635.181,92.81,94.91,95.88,101.66,102.29,92.84,95.03,96.027,101.553,102.25
179.5,635.207,92.81,94.9,95.92,101.51,102.3,92.847,95.033,96.063,101.43,102.26
180,635.216,92.82,94.91,95.97,101.38,102.31,92.85,95.04,96.09,101.31,102.26
180.5,635.207,92.84,94.91,95.98,101.26,102.31,92.86,95.047,96.113,101.21,102.273
181,635.181,92.83,94.9,95.94,101.14,102.29,92.863,95.05,96.117,101.12,102.263
181.5,635.136,92.86,94.92,96.02,101.06,102.29,92.877,95.06,96.157,101.057,102.26
182,635.074,92.86,94.93,96.04,100.96,102.31,92.883,95.07,96.183,100.993,102.267
182.5,634.995,92.88,94.92,96.05,100.9,102.29,92.893,95.067,96.207,100.967,102.253
183,634.897,92.89,94.93,96.08,100.86,102.31,92.903,95.06,96.233,100.957,102.257
183.5,634.782,92.9,94.92,96.1,100.87,102.3,92.917,95.057,96.253,100.97,102.247
184,634.649,92.9,94.9,96.1,100.84,102.26,92.927,95.05,96.28,100.977,102.23
184.5,634.499,92.92,94.91,96.15,100.86,102.28,92.943,95.057,96.307,101.003,102.24
185,634.33,92.93,94.92,96.16,100.89,102.27,92.943,95.057,96.32,101.047,102.233
185.5,634.145,92.92,94.94,96.18,100.92,102.25,92.95,95.07,96.34,101.113,102.23
186,633.941,92.96,94.94,96.2,100.97,102.26,92.977,95.077,96.35,101.197,102.233
186.5,633.72,92.96,94.95,96.21,101.07,102.25,92.977,95.083,96.357,101.303,102.223
187,633.481,92.98,94.95,96.18,101.17,102.25,92.993,95.093,96.343,101.41,102.23
187.5,633.224,92.98,94.97,96.16,101.29,102.25,92.99,95.103,96.347,101.53,102.217
188,632.95,93,94.98,96.24,101.39,102.24,93.003,95.113,96.43,101.643,102.213
188.5,632.658,93,94.99,96.34,101.51,102.25,93.01,95.12,96.417,101.77,102.21
189,632.348,92.99,95.01,96.25,101.62,102.23,93.007,95.13,96.363,101.897,102.193
189.5,632.021,93,95,96.25,101.74,102.21,93.017,95.143,96.473,102.03,102.18
190,631.676,93,95.01,96.36,101.89,102.21,93.017,95.15,96.48,102.167,102.17
190.5,631.313,93,95.02,96.31,102.02,102.16,93.02,95.163,96.477,102.297,102.153
191,630.933,93.01,95.02,96.3,102.18,102.19,93.027,95.167,96.497,102.44,102.157
191.5,630.535,93.01,95.03,96.39,102.32,102.16,93.027,95.18,96.52,102.577,102.147
192,630.12,93.01,95.02,96.32,102.46,102.17,93.023,95.183,96.493,102.723,102.15
192.5,629.687,93.01,95.04,96.39,102.61,102.16,93.03,95.197,96.553,102.87,102.15
193,629.237,93.04,95.05,96.42,102.8,102.16,93.043,95.193,96.58,103.02,102.143
193.5,628.769,93.02,95.03,96.45,102.95,102.18,93.04,95.167,96.587,103.153,102.147
194,628.283,93.02,94.99,96.44,103.08,102.15,93.037,95.143,96.61,103.273,102.133
194.5,627.78,93.02,94.98,96.46,103.21,102.15,93.037,95.137,96.64,103.387,102.123
195,627.259,93.02,94.96,96.5,103.34,102.16,93.033,95.12,96.667,103.483,102.113
195.5,626.721,93.01,94.95,96.51,103.43,102.14,93.03,95.107,96.677,103.55,102.097
196,626.165,93.02,94.96,96.53,103.51,102.14,93.033,95.103,96.703,103.62,102.093
196.5,625.592,93.01,94.91,96.53,103.6,102.13,93.033,95.06,96.723,103.673,102.09
197,625.002,93.04,94.88,96.56,103.67,102.11,93.05,95.013,96.713,103.703,102.09
197.5,624.394,93.02,94.81,96.56,103.71,102.1,93.043,94.977,96.747,103.71,102.077
198,623.768,93.02,94.81,96.52,103.72,102.11,93.043,94.953,96.737,103.713,102.093
198.5,623.126,93.02,94.75,96.59,103.7,102.14,93.053,94.9,96.76,103.693,102.1
199,622.465,93.03,94.71,96.61,103.69,102.1,93.06,94.857,96.797,103.663,102.087
199.5,621.788,93.05,94.65,96.66,103.69,102.12,93.077,94.803,96.823,103.63,102.083
200,621.093,93.07,94.63,96.7,103.66,102.12,93.083,94.76,96.843,103.563,102.073
200.5,620.38,93.06,94.56,96.71,103.58,102.14,93.09,94.7,96.863,103.48,102.077
201,619.651,93.06,94.51,96.67,103.49,102.08,93.103,94.643,96.87,103.383,102.053
201.5,618.904,93.08,94.45,96.71,103.41,102.11,93.11,94.577,96.907,103.283,102.05
202,618.14,93.09,94.39,96.78,103.3,102.09,93.12,94.513,96.95,103.17,102.047
202.5,617.358,93.11,94.34,96.81,103.19,102.08,93.133,94.45,96.943,103.053,102.037
203,616.56,93.11,94.27,96.9,103.08,102.07,93.14,94.38,97.007,102.933,102.043
203.5,615.744,93.12,94.16,97.17,102.97,102.07,93.15,94.283,97.24,102.813,102.05
204,614.911,93.15,94.07,96.81,102.82,102.08,93.167,94.193,97.023,102.663,102.053
204.5,614.061,93.16,94,97.01,102.68,102.08,93.187,94.1,97.137,102.53,102.05
205,613.194,93.16,93.89,97.02,102.53,102.09,93.193,93.987,97.21,102.39,102.05
205.5,612.309,93.17,93.77,97.04,102.38,102.1,93.21,93.877,97.247,102.257,102.053
206,611.408,93.18,93.64,97.17,102.22,102.1,93.217,93.75,97.317,102.11,102.043
206.5,610.489,93.22,93.53,97.19,102.1,102.1,93.24,93.623,97.38,101.977,102.033
207,609.554,93.21,93.37,97.35,101.94,102.08,93.247,93.473,97.487,101.823,102.03
207.5,608.601,93.24,93.24,97.39,101.81,102.07,93.26,93.347,97.547,101.687,102.013
208,607.632,93.27,93.11,97.35,101.66,102.05,93.287,93.22,97.557,101.563,102.017
208.5,606.646,93.28,92.96,97.66,101.51,102.06,93.297,93.06,97.753,101.43,102.023
209,605.642,93.29,92.81,97.62,101.36,102.04,93.31,92.9,97.79,101.303,102.02
209.5,604.622,93.31,92.65,97.64,101.23,102.05,93.333,92.737,97.827,101.213,102.033
210,603.586,93.34,92.48,97.88,101.14,102.07,93.353,92.56,97.997,101.13,102.047
210.5,602.532,93.36,92.29,97.89,101.04,102.07,93.37,92.38,98.03,101.053,102.04
211,601.461,93.38,92.1,98.02,100.94,102.08,93.39,92.21,98.163,100.99,102.053
211.5,600.374,93.39,91.96,98.1,100.87,102.09,93.403,92.07,98.267,100.957,102.053
212,599.27,93.41,91.79,98.23,100.84,102.08,93.42,91.907,98.363,100.943,102.043
212.5,598.15,93.45,91.65,98.32,100.82,102.08,93.447,91.753,98.473,100.93,102.037
213,597.013,93.46,91.51,98.44,100.82,102.07,93.457,91.6,98.587,100.933,102.04
213.5,595.859,93.46,91.37,98.61,100.81,102.05,93.473,91.447,98.743,100.94,102.03
214,594.689,93.48,91.23,98.73,100.81,102.07,93.493,91.307,98.893,100.96,102.04
214.5,593.502,93.49,91.08,98.86,100.83,102.03,93.503,91.177,99.013,101.0,102.027
215,592.299,93.51,90.96,99.02,100.87,102.04,93.523,91.057,99.197,101.06,102.037
215.5,591.079,93.53,90.85,99.26,100.93,102.06,93.533,90.947,99.42,101.13,102.05
216,589.844,93.53,90.75,99.4,101.01,102.07,93.543,90.827,99.56,101.223,102.053
216.5,588.591,93.53,90.63,99.64,101.08,102.06,93.547,90.71,99.78,101.303,102.05
217,587.323,93.55,90.53,99.8,101.15,102.08,93.553,90.603,99.957,101.397,102.05
217.5,586.038,93.54,90.41,100.04,101.26,102.05,93.56,90.507,100.177,101.507,102.033
218,584.737,93.55,90.33,100.22,101.37,102.06,93.573,90.42,100.38,101.613,102.027
218.5,583.42,93.54,90.23,100.39,101.48,102.04,93.573,90.343,100.583,101.727,102.023
219,582.087,93.57,90.16,100.66,101.59,102.03,93.593,90.273,100.837,101.84,102.01
219.5,580.738,93.57,90.1,100.88,101.74,102.03,93.597,90.227,101.043,101.973,102.013
220,579.373,93.59,90.05,101.15,101.87,102.02,93.6,90.177,101.297,102.087,102.0
220.5,577.992,93.6,90.02,101.45,102,102.04,93.61,90.147,101.577,102.21,102.013
221,576.595,93.6,90,101.72,102.15,102.02,93.613,90.113,101.84,102.343,102.007
221.5,575.182,93.61,89.99,101.97,102.26,102.04,93.617,90.093,102.1,102.463,102.01
222,573.753,93.6,90,102.25,102.42,102.04,93.613,90.097,102.397,102.607,102.007
222.5,572.309,93.6,89.99,102.55,102.53,102.03,93.617,90.113,102.687,102.72,101.993
223,570.849,93.6,90.01,102.8,102.66,102.03,93.623,90.15,102.97,102.83,101.99
223.5,569.373,93.61,90.06,103.1,102.78,102.01,93.63,90.2,103.26,102.933,101.967
224,567.882,93.59,90.1,103.44,102.89,102,93.62,90.267,103.573,103.023,101.957
224.5,566.376,93.61,90.15,103.73,102.99,102,93.63,90.347,103.883,103.1,101.95
225,564.854,93.61,90.28,104.09,103.11,101.98,93.637,90.453,104.227,103.163,101.94
225.5,563.317,93.61,90.37,104.46,103.16,101.99,93.643,90.567,104.6,103.21,101.937
226,561.764,93.62,90.51,104.8,103.22,101.97,93.65,90.687,104.943,103.24,101.93
226.5,560.196,93.62,90.63,105.15,103.25,101.96,93.65,90.82,105.29,103.26,101.923
227,558.613,93.62,90.78,105.55,103.26,101.95,93.653,90.97,105.68,103.27,101.92
227.5,557.015,93.64,90.97,105.92,103.28,101.95,93.667,91.147,106.053,103.28,101.913
228,555.402,93.65,91.14,106.3,103.28,101.95,93.67,91.32,106.43,103.277,101.9
228.5,553.774,93.63,91.29,106.72,103.26,101.94,93.667,91.487,106.853,103.25,101.897
229,552.131,93.63,91.5,107.16,103.26,101.94,93.67,91.68,107.267,103.227,101.887
229.5,550.473,93.63,91.67,107.5,103.25,101.92,93.663,91.86,107.647,103.187,101.873
230,548.8,93.63,91.87,107.96,103.2,101.92,93.673,92.057,108.097,103.12,101.867
230.5,547.113,93.65,92.06,108.38,103.14,101.91,93.683,92.26,108.523,103.047,101.847
231,545.411,93.65,92.27,108.85,103.06,101.89,93.687,92.467,108.98,102.967,101.833
231.5,543.695,93.65,92.46,109.3,103,101.9,93.687,92.667,109.427,102.883,101.84
232,541.964,93.66,92.67,109.76,102.87,101.87,93.687,92.873,109.9,102.777,101.827
232.5,540.219,93.65,92.87,110.22,102.78,101.86,93.69,93.07,110.383,102.673,101.823
233,538.46,93.66,93.11,110.75,102.68,101.87,93.697,93.293,110.887,102.567,101.823
233.5,536.686,93.66,93.29,111.25,102.56,101.85,93.693,93.483,111.38,102.463,101.81
234,534.899,93.67,93.49,111.74,102.43,101.84,93.703,93.68,111.897,102.357,101.813
234.5,533.097,93.67,93.69,112.3,102.3,101.85,93.703,93.857,112.413,102.247,101.803
235,531.281,93.67,93.87,112.78,102.2,101.85,93.703,94.02,112.937,102.127,101.8
235.5,529.452,93.7,94.05,113.39,102.11,101.84,93.713,94.18,113.507,102.017,101.79
236,527.608,93.7,94.18,113.92,101.98,101.84,93.713,94.32,114.04,101.89,101.797
236.5,525.751,93.69,94.31,114.46,101.84,101.82,93.717,94.46,114.59,101.77,101.79
237,523.881,93.7,94.45,115.03,101.7,101.82,93.723,94.61,115.157,101.647,101.797
237.5,521.997,93.7,94.56,115.65,101.59,101.82,93.727,94.723,115.77,101.533,101.797
238,520.099,93.69,94.68,116.25,101.46,101.82,93.72,94.83,116.353,101.427,101.803
238.5,518.189,93.7,94.77,116.81,101.36,101.83,93.73,94.91,116.937,101.343,101.813
239,516.265,93.72,94.86,117.48,101.26,101.82,93.733,94.973,117.573,101.273,101.807
239.5,514.327,93.71,94.91,118.03,101.17,101.83,93.737,95.023,118.153,101.207,101.813
240,512.377,93.7,94.97,118.67,101.06,101.82,93.727,95.063,118.773,101.143,101.817
240.5,510.414,93.72,94.98,119.29,101.04,101.84,93.743,95.083,119.397,101.11,101.823
241,508.439,93.74,94.99,119.94,101.01,101.84,93.75,95.08,120.033,101.077,101.823
241.5,506.45,93.72,94.95,120.52,100.96,101.84,93.747,95.053,120.677,101.043,101.83
242,504.449,93.73,94.92,121.25,100.93,101.83,93.747,95.017,121.363,101.013,101.83
242.5,502.435,93.73,94.87,121.9,100.93,101.86,93.75,94.963,122.013,101.0,101.84
243,500.409,93.74,94.8,122.66,100.91,101.85,93.75,94.9,122.72,101.007,101.84
243.5,498.371,93.73,94.71,123.27,100.88,101.86,93.753,94.807,123.4,101.007,101.85
244,496.321,93.75,94.62,124.03,100.9,101.87,93.763,94.713,124.133,101.033,101.853
244.5,494.258,93.73,94.51,124.77,100.91,101.86,93.753,94.593,124.863,101.07,101.853
245,492.184,93.72,94.41,125.49,100.95,101.86,93.753,94.483,125.607,101.123,101.853
245.5,490.098,93.73,94.3,126.31,101.01,101.87,93.763,94.373,126.38,101.187,101.853
246,488,93.74,94.16,127.06,101.06,101.86,93.76,94.237,127.147,101.25,101.857
246.5,485.89,93.74,94.06,127.85,101.16,101.85,93.763,94.117,127.927,101.33,101.857
247,483.769,93.74,93.93,128.66,101.23,101.88,93.773,93.973,128.713,101.407,101.863
247.5,481.637,93.74,93.78,129.44,101.3,101.89,93.77,93.823,129.52,101.48,101.857
248,479.493,93.73,93.63,130.26,101.39,101.87,93.77,93.673,130.323,101.553,101.853
248.5,477.339,93.75,93.51,130.96,101.5,101.88,93.777,93.533,131.12,101.647,101.857
249,475.173,93.73,93.38,131.89,101.58,101.9,93.767,93.387,131.987,101.723,101.86
249.5,472.997,93.75,93.24,132.74,101.67,101.87,93.783,93.247,132.827,101.817,101.85
250,470.81,93.77,93.1,133.66,101.75,101.89,93.793,93.117,133.72,101.91,101.857
250.5,468.612,93.77,92.94,134.49,101.84,101.88,93.797,92.973,134.573,102.01,101.85
251,466.404,93.78,92.85,135.38,101.98,101.88,93.81,92.87,135.49,102.123,101.84
251.5,464.185,93.78,92.75,136.3,102.05,101.87,93.81,92.76,136.413,102.21,101.83
252,461.956,93.78,92.66,137.2,102.16,101.85,93.82,92.66,137.317,102.303,101.817
252.5,459.718,93.8,92.59,138.13,102.27,101.84,93.83,92.58,138.267,102.39,101.81
253,457.469,93.8,92.49,139.06,102.33,101.84,93.84,92.497,139.247,102.45,101.803
253.5,455.211,93.83,92.42,140.06,102.43,101.84,93.86,92.427,140.2,102.533,101.803
254,452.943,93.84,92.34,141.06,102.51,101.82,93.87,92.367,141.203,102.587,101.787
254.5,450.665,93.85,92.31,142.07,102.57,101.84,93.88,92.33,142.22,102.633,101.787
255,448.378,93.86,92.28,143.13,102.62,101.83,93.89,92.32,143.243,102.687,101.777
255.5,446.082,93.85,92.27,144.17,102.66,101.82,93.89,92.317,144.313,102.72,101.757
256,443.777,93.87,92.27,145.25,102.69,101.78,93.907,92.32,145.36,102.753,101.74
256.5,441.463,93.88,92.26,146.35,102.73,101.79,93.907,92.33,146.44,102.787,101.73
257,439.14,93.88,92.3,147.48,102.75,101.78,93.927,92.36,147.567,102.803,101.72
257.5,436.809,93.89,92.34,148.54,102.78,101.77,93.927,92.407,148.64,102.81,101.703
258,434.469,93.92,92.4,149.63,102.78,101.75,93.947,92.47,149.747,102.807,101.697
258.5,432.121,93.9,92.45,150.77,102.78,101.71,93.95,92.547,150.88,102.793,101.667
259,429.765,93.91,92.58,151.98,102.76,101.73,93.953,92.653,152.07,102.767,101.677
259.5,427.401,93.94,92.66,153.17,102.73,101.68,93.97,92.757,153.247,102.723,101.65
260,425.029,93.93,92.75,154.33,102.68,101.69,93.967,92.853,154.42,102.68,101.64
260.5,422.649,93.93,92.83,155.51,102.63,101.69,93.967,92.957,155.6,102.623,101.633
261,420.262,93.94,92.95,156.77,102.59,101.67,93.98,93.083,156.85,102.583,101.623
261.5,417.868,93.95,93.06,157.99,102.56,101.67,93.987,93.197,158.093,102.52,101.62
262,415.466,93.96,93.18,159.28,102.46,101.67,93.99,93.33,159.397,102.45,101.62
262.5,413.058,93.97,93.29,160.6,102.4,101.63,93.99,93.457,160.697,102.383,101.607
263,410.642,93.98,93.41,161.9,102.32,101.62,93.993,93.587,162.033,102.313,101.593
263.5,408.22,93.97,93.53,163.2,102.25,101.63,93.99,93.717,163.36,102.243,101.6
264,405.792,93.98,93.66,164.61,102.18,101.61,93.997,93.853,164.753,102.16,101.593
264.5,403.357,93.97,93.79,166,102.09,101.59,93.993,93.993,166.147,102.073,101.58
265,400.916,93.97,93.92,167.5,102.01,101.62,93.987,94.137,167.62,101.98,101.6
265.5,398.469,93.95,94.06,168.92,101.92,101.6,93.977,94.267,169.033,101.89,101.593
266,396.016,93.98,94.21,170.47,101.82,101.61,94.0,94.403,170.54,101.807,101.603
266.5,393.558,93.97,94.29,171.89,101.73,101.62,93.983,94.507,172.017,101.723,101.61
267,391.094,93.97,94.38,173.43,101.64,101.62,93.987,94.623,173.557,101.643,101.617
267.5,388.625,93.96,94.49,174.93,101.57,101.61,93.987,94.723,175.067,101.56,101.617
268,386.151,93.96,94.59,176.53,101.51,101.62,93.977,94.82,176.65,101.5,101.623
268.5,383.672,93.96,94.68,178.11,101.43,101.65,93.983,94.92,178.237,101.44,101.633
269,381.189,93.96,94.77,179.77,101.36,101.65,93.98,95.007,179.86,101.367,101.637
269.5,378.701,93.96,94.82,181.38,101.27,101.64,93.977,95.053,181.5,101.297,101.64
270,376.208,93.95,94.86,183.05,101.23,101.65,93.963,95.09,183.167,101.24,101.643
270.5,373.712,93.95,94.91,184.72,101.19,101.65,93.967,95.133,184.857,101.2,101.653
271,371.211,93.94,94.96,186.48,101.12,101.66,93.96,95.167,186.597,101.15,101.663
271.5,368.707,93.94,94.99,188.24,101.08,101.66,93.953,95.19,188.367,101.113,101.663
272,366.199,93.92,94.99,190.06,101.03,101.68,93.943,95.19,190.183,101.08,101.677
272.5,363.688,93.92,94.99,191.9,101.04,101.66,93.947,95.187,192.02,101.08,101.673
273,361.174,93.9,94.98,193.82,101.02,101.69,93.947,95.177,193.933,101.073,101.683
273.5,358.657,93.9,94.94,195.65,101.01,101.69,93.937,95.137,195.803,101.08,101.693
274,356.137,93.93,94.89,197.62,101.02,101.7,93.94,95.08,197.77,101.08,101.69
274.5,353.614,93.92,94.87,199.65,101.04,101.71,93.94,95.033,199.763,101.097,101.697
275,351.089,93.93,94.82,201.67,101.04,101.73,93.95,94.977,201.787,101.117,101.703
275.5,348.562,93.91,94.74,203.69,101.07,101.73,93.937,94.877,203.83,101.147,101.71
276,346.033,93.9,94.65,205.77,101.1,101.72,93.933,94.787,205.92,101.183,101.703
276.5,343.502,93.88,94.54,207.85,101.12,101.7,93.907,94.677,207.993,101.21,101.69
277,340.97,93.91,94.48,210.01,101.16,101.74,93.94,94.61,210.19,101.247,101.707
277.5,338.436,93.91,94.42,212.16,101.2,101.71,93.947,94.527,212.367,101.297,101.693
278,335.902,93.92,94.31,214.43,101.25,101.72,93.953,94.423,214.603,101.347,101.697
278.5,333.366,93.91,94.24,216.65,101.29,101.72,93.95,94.323,216.827,101.397,101.693
279,330.829,93.94,94.12,219.02,101.36,101.71,93.977,94.203,219.18,101.467,101.687
279.5,328.292,93.95,94.03,221.34,101.43,101.74,93.98,94.093,221.51,101.53,101.693
280,325.755,93.95,93.9,223.71,101.49,101.71,93.987,93.97,223.913,101.597,101.673
280.5,323.218,93.98,93.81,226.21,101.55,101.72,94.007,93.867,226.333,101.663,101.67
281,320.68,94,93.71,228.7,101.6,101.72,94.027,93.753,228.853,101.727,101.663
281.5,318.144,94,93.6,231.14,101.68,101.68,94.033,93.637,231.327,101.797,101.643
282,315.607,94.01,93.52,233.85,101.72,101.7,94.047,93.54,233.987,101.857,101.637
282.5,313.072,94.03,93.42,236.43,101.79,101.68,94.063,93.437,236.62,101.923,101.627
283,310.537,94.03,93.34,239.16,101.87,101.65,94.073,93.343,239.333,101.99,101.613
283.5,308.004,94.05,93.25,241.92,101.94,101.63,94.087,93.25,242.07,102.057,101.587
284,305.472,94.07,93.17,244.8,101.99,101.65,94.103,93.17,244.913,102.113,101.593
284.5,302.941,94.09,93.1,247.54,102.06,101.64,94.123,93.103,247.697,102.18,101.58
285,300.413,94.1,93.03,250.54,102.1,101.63,94.137,93.043,250.67,102.227,101.56
285.5,297.886,94.1,92.97,253.45,102.16,101.59,94.14,92.99,253.597,102.273,101.537
286,295.362,94.11,92.91,256.53,102.19,101.59,94.153,92.94,256.667,102.31,101.527
286.5,292.841,94.13,92.9,259.63,102.24,101.57,94.167,92.913,259.753,102.35,101.51
287,290.322,94.13,92.87,262.8,102.26,101.56,94.177,92.887,262.907,102.367,101.5
287.5,287.806,94.16,92.85,265.85,102.28,101.53,94.19,92.87,266.02,102.39,101.477
288,285.293,94.16,92.86,269.14,102.28,101.51,94.193,92.873,269.327,102.393,101.467
288.5,282.784,94.17,92.84,272.38,102.29,101.51,94.207,92.867,272.55,102.407,101.47
289,280.278,94.19,92.85,275.83,102.31,101.51,94.217,92.88,276.017,102.41,101.46
289.5,277.776,94.2,92.88,279.24,102.35,101.5,94.223,92.903,279.43,102.417,101.453
290,275.278,94.2,92.89,282.84,102.33,101.5,94.223,92.94,283.003,102.4,101.443
290.5,272.785,94.21,92.94,286.35,102.31,101.47,94.237,93.0,286.557,102.373,101.433
291,270.296,94.2,92.99,289.93,102.28,101.45,94.233,93.06,290.207,102.35,101.427
291.5,267.812,94.21,93.02,293.67,102.25,101.44,94.24,93.117,293.913,102.327,101.417
292,265.333,94.21,93.07,297.61,102.23,101.42,94.24,93.177,297.81,102.287,101.4
292.5,262.859,94.23,93.15,301.44,102.2,101.44,94.243,93.25,301.63,102.25,101.41
293,260.39,94.19,93.21,305.46,102.17,101.4,94.237,93.337,305.68,102.203,101.4
293.5,257.928,94.21,93.31,309.46,102.14,101.43,94.237,93.43,309.65,102.16,101.41
294,255.471,94.22,93.39,313.68,102.09,101.41,94.24,93.523,313.873,102.103,101.4
294.5,253.02,94.23,93.5,317.91,102.05,101.44,94.237,93.63,318.123,102.047,101.423
295,250.575,94.23,93.58,322.15,101.97,101.43,94.233,93.727,322.403,101.977,101.427
295.5,248.137,94.23,93.68,326.46,101.92,101.45,94.233,93.843,326.703,101.91,101.437
296,245.706,94.21,93.76,331.2,101.86,101.42,94.223,93.953,331.343,101.84,101.433
296.5,243.282,94.2,93.87,335.62,101.82,101.44,94.217,94.053,335.787,101.773,101.437
297,240.866,94.2,93.97,340.29,101.74,101.46,94.213,94.16,340.497,101.693,101.447
297.5,238.456,94.19,94.06,345.01,101.65,101.47,94.203,94.27,345.203,101.613,101.447
298,236.055,94.17,94.15,349.97,101.59,101.47,94.193,94.377,350.167,101.547,101.453
298.5,233.661,94.15,94.24,354.92,101.49,101.46,94.183,94.483,355.153,101.467,101.453
299,231.276,94.15,94.32,359.9,101.46,101.48,94.177,94.58,360.127,101.41,101.463
299.5,228.899,94.16,94.43,365.2,101.4,101.48,94.173,94.69,365.37,101.337,101.47
300,226.53,94.15,94.54,370.38,101.32,101.46,94.17,94.783,370.697,101.273,101.473
300.5,224.171,94.14,94.61,375.76,101.27,101.49,94.163,94.863,376.003,101.227,101.487
301,221.82,94.13,94.71,381.39,101.21,101.48,94.157,94.94,381.637,101.17,101.49
301.5,219.479,94.12,94.78,386.96,101.17,101.52,94.15,95.017,387.193,101.13,101.51
302,217.147,94.12,94.84,392.77,101.12,101.52,94.143,95.08,393.01,101.083,101.51
302.5,214.826,94.12,94.88,398.58,101.08,101.53,94.14,95.12,398.683,101.043,101.513
303,212.514,94.1,94.94,404.68,101.06,101.52,94.133,95.17,404.98,101.02,101.513
303.5,210.212,94.12,94.97,410.67,101.01,101.53,94.143,95.21,410.933,100.987,101.507
304,207.921,94.11,95,416.9,100.99,101.55,94.143,95.24,417.223,100.97,101.517
304.5,205.64,94.12,95.03,423.5,100.96,101.52,94.143,95.263,423.677,100.947,101.5
305,203.371,94.12,95.04,429.7,100.96,101.56,94.15,95.27,430.087,100.94,101.513
305.5,201.112,94.12,95.03,436.45,100.91,101.53,94.15,95.25,436.76,100.927,101.507
306,198.865,94.14,95.03,443.51,100.95,101.54,94.167,95.24,443.603,100.943,101.507
306.5,196.629,94.15,95.01,449.92,100.93,101.52,94.177,95.207,450.363,100.953,101.51
307,194.406,94.14,94.99,457.78,100.91,101.54,94.173,95.177,457.77,100.96,101.513
307.5,192.194,94.17,94.97,464.19,100.92,101.54,94.193,95.14,464.54,100.98,101.51
308,189.994,94.18,94.95,472.15,100.94,101.54,94.197,95.1,472.387,101.017,101.497
308.5,187.807,94.18,94.92,479.39,100.96,101.55,94.217,95.043,479.607,101.05,101.5
309,185.632,94.2,94.86,487.48,101,101.53,94.23,94.973,487.71,101.1,101.48
309.5,183.471,94.21,94.8,495.45,101.04,101.54,94.237,94.9,495.567,101.153,101.48
310,181.322,94.23,94.72,502.98,101.09,101.52,94.26,94.823,503.22,101.22,101.463
310.5,179.187,94.23,94.68,511.65,101.12,101.51,94.27,94.743,511.793,101.263,101.447
311,177.065,94.26,94.58,519.46,101.2,101.51,94.283,94.643,519.78,101.347,101.447
311.5,174.958,94.25,94.47,528.35,101.24,101.47,94.287,94.543,528.513,101.393,101.413
312,172.864,94.28,94.39,537.2,101.31,101.48,94.313,94.443,537.507,101.47,101.423
312.5,170.784,94.28,94.32,546.03,101.36,101.46,94.323,94.353,546.493,101.53,101.407
313,168.718,94.31,94.22,555.17,101.44,101.45,94.34,94.253,555.427,101.613,101.393
313.5,166.668,94.31,94.16,564.11,101.47,101.44,94.353,94.17,564.423,101.677,101.387
314,164.632,94.32,94.09,574.25,101.56,101.41,94.363,94.067,574.627,101.76,101.37
314.5,162.611,94.36,93.99,583.39,101.62,101.42,94.38,93.957,583.663,101.817,101.353
315,160.605,94.36,93.87,593.78,101.66,101.41,94.387,93.843,594.167,101.873,101.343
315.5,158.615,94.38,93.76,603.82,101.75,101.39,94.403,93.76,603.95,101.937,101.327
316,156.64,94.38,93.67,614.51,101.79,101.35,94.41,93.66,614.63,101.99,101.3
316.5,154.681,94.39,93.59,624.97,101.85,101.35,94.413,93.57,625.367,102.043,101.297
317,152.738,94.4,93.5,635.33,101.89,101.31,94.423,93.487,635.733,102.087,101.283
317.5,150.812,94.4,93.44,646.71,101.95,101.33,94.427,93.417,647.01,102.13,101.28
318,148.901,94.42,93.37,658.41,102,101.31,94.447,93.34,658.847,102.173,101.277
318.5,147.008,94.42,93.28,669.02,102.04,101.29,94.53,93.357,669.753,102.293,101.357
319,145.131,94.43,93.23,681.04,102.08,101.28,94.463,93.233,681.497,102.23,101.267
319.5,143.272,94.44,93.2,693.47,102.08,101.29,94.467,93.203,693.69,102.253,101.26
320,141.429,94.43,93.17,705.68,102.14,101.29,94.46,93.17,705.797,102.277,101.257
320.5,139.604,94.44,93.15,717.67,102.14,101.27,94.47,93.153,718.28,102.27,101.25
321,137.797,94.44,93.13,731.26,102.16,101.28,94.463,93.14,731.553,102.27,101.243
321.5,136.007,94.45,93.13,743.41,102.19,101.28,94.477,93.153,743.68,102.267,101.25
322,134.236,94.44,93.1,757.14,102.19,101.28,94.47,93.15,757.443,102.24,101.243
322.5,132.482,94.43,93.12,770.23,102.19,101.26,94.463,93.173,770.86,102.213,101.247
323,130.747,94.43,93.14,784.12,102.16,101.26,94.457,93.203,784.33,102.173,101.247
323.5,129.031,94.43,93.15,798.15,102.12,101.24,94.457,93.24,798.657,102.133,101.247
324,127.333,94.42,93.19,813.44,102.06,101.26,94.447,93.283,813.77,102.063,101.253
324.5,125.654,94.42,93.23,827.14,102.04,101.26,94.45,93.343,827.16,102.013,101.26
325,123.994,94.42,93.27,842.36,102.01,101.28,94.443,93.41,842.57,101.95,101.263
325.5,122.354,94.41,93.34,857.28,101.95,101.29,94.437,93.49,857.577,101.897,101.273
326,120.733,94.38,93.4,872.92,101.88,101.28,94.417,93.577,873.2,101.813,101.273
326.5,119.131,94.39,93.5,888.48,101.81,101.29,94.413,93.677,888.793,101.74,101.273
327,117.549,94.38,93.59,904.75,101.75,101.28,94.413,93.787,905.153,101.667,101.273
327.5,115.988,94.37,93.7,920.73,101.68,101.29,94.407,93.893,920.957,101.58,101.28
328,114.446,94.37,93.79,937.58,101.63,101.31,94.4,93.997,937.873,101.503,101.287
328.5,112.925,94.37,93.86,954.23,101.54,101.3,94.397,94.093,954.513,101.407,101.29
329,111.424,94.35,93.98,971.7,101.48,101.31,94.383,94.23,971.887,101.343,101.3
329.5,109.943,94.34,94.07,988.89,101.36,101.32,94.373,94.333,989.107,101.243,101.31
330,108.484,94.34,94.19,1006.57,101.3,101.34,94.373,94.467,1006.957,101.187,101.32
330.5,107.045,94.34,94.31,1024.29,101.23,101.33,94.373,94.583,1024.6,101.117,101.317
331,105.627,94.36,94.41,1042.23,101.14,101.34,94.377,94.693,1042.793,101.03,101.317
331.5,104.231,94.35,94.54,1060.8,101.1,101.34,94.38,94.81,1061.247,100.98,101.32
332,102.856,94.34,94.62,1080,101.03,101.33,94.373,94.917,1080.333,100.913,101.307
332.5,101.502,94.34,94.74,1098.28,100.94,101.34,94.377,95.03,1098.51,100.837,101.313
333,100.17,94.34,94.86,1118.17,100.9,101.35,94.377,95.137,1118.6,100.803,101.32
333.5,98.86,94.35,94.94,1137.19,100.8,101.36,94.383,95.227,1137.533,100.723,101.317
334,97.572,94.36,95.03,1157.44,100.73,101.37,94.393,95.31,1157.697,100.677,101.32
334.5,96.306,94.36,95.1,1176.93,100.7,101.33,94.39,95.377,1177.107,100.65,101.313
335,95.062,94.38,95.19,1197.57,100.68,101.36,94.407,95.447,1197.773,100.63,101.32
335.5,93.841,94.4,95.25,1217.7,100.62,101.35,94.417,95.503,1217.753,100.627,101.317
336,92.642,94.4,95.31,1238.44,100.57,101.34,94.42,95.553,1238.62,100.62,101.313
336.5,91.466,94.4,95.37,1258.71,100.57,101.36,94.433,95.587,1258.977,100.637,101.313
337,90.312,94.41,95.38,1280.12,100.59,101.34,94.447,95.593,1280.293,100.663,101.307
337.5,89.182,94.4,95.41,1300.93,100.57,101.34,94.443,95.607,1301.027,100.667,101.29
338,88.074,94.42,95.4,1322.58,100.61,101.34,94.463,95.607,1322.637,100.703,101.283
338.5,86.989,94.43,95.39,1343.57,100.63,101.34,94.463,95.59,1343.62,100.747,101.273
339,85.928,94.45,95.41,1365.44,100.66,101.33,94.48,95.58,1365.51,100.8,101.27
339.5,84.89,94.44,95.41,1386.59,100.67,101.31,94.483,95.553,1386.873,100.853,101.26
340,83.876,94.46,95.39,1408.34,100.72,101.32,94.493,95.51,1408.533,100.907,101.253
340.5,82.885,94.48,95.35,1429.47,100.77,101.3,94.517,95.45,1429.687,100.967,101.247
341,81.918,94.49,95.28,1451.66,100.84,101.28,94.52,95.373,1451.83,101.047,101.233
341.5,80.974,94.5,95.22,1473.16,100.91,101.27,94.533,95.3,1473.237,101.127,101.22
342,80.055,94.51,95.15,1495.05,100.95,101.23,94.43,95.113,1494.5,101.083,101.087
342.5,79.159,94.51,95.07,1516.15,101,101.26,94.547,95.113,1516.27,101.277,101.203
343,78.288,94.53,94.99,1538.01,101.09,101.23,94.557,95.013,1538.167,101.37,101.187
343.5,77.44,94.54,94.88,1558.97,101.18,101.22,94.56,94.893,1559.007,101.44,101.173
344,76.617,94.55,94.79,1580.65,101.27,101.21,94.573,94.787,1580.533,101.527,101.163
344.5,75.819,94.56,94.67,1600.87,101.34,101.22,94.58,94.667,1601.0,101.593,101.163
345,75.045,94.56,94.57,1622.23,101.43,101.19,94.59,94.547,1622.237,101.68,101.14
345.5,74.295,94.56,94.47,1642.11,101.49,101.19,94.593,94.433,1642.14,101.753,101.137
346,73.57,94.58,94.36,1662.34,101.59,101.16,94.597,94.317,1662.42,101.823,101.12
346.5,72.87,94.58,94.23,1681.79,101.63,101.16,94.61,94.2,1681.747,101.883,101.123
347,72.195,94.58,94.12,1701.4,101.71,101.16,94.61,94.083,1701.38,101.953,101.123
347.5,71.544,94.6,94,1719.88,101.79,101.15,94.627,93.967,1719.903,102.017,101.11
348,70.919,94.59,93.89,1738.65,101.89,101.14,94.62,93.863,1738.577,102.083,101.113
348.5,70.318,94.61,93.79,1756.29,101.93,101.13,94.637,93.763,1756.15,102.127,101.103
349,69.742,94.62,93.71,1774.06,101.98,101.15,94.637,93.67,1773.9,102.157,101.113
349.5,69.192,94.63,93.62,1790.43,102.04,101.13,94.643,93.58,1790.413,102.183,101.103
350,68.667,94.61,93.53,1807.15,102.1,101.13,94.633,93.493,1807.03,102.197,101.103
350.5,68.167,94.63,93.47,1822.49,102.12,101.12,94.643,93.437,1822.323,102.19,101.097
351,67.692,94.61,93.39,1837.67,102.13,101.13,94.64,93.377,1837.58,102.18,101.103
351.5,67.243,94.61,93.33,1851.62,102.14,101.13,94.64,93.337,1851.497,102.16,101.1
352,66.819,94.59,93.29,1865.38,102.12,101.12,94.623,93.303,1865.25,102.13,101.093
352.5,66.42,94.59,93.25,1877.53,102.1,101.12,94.627,93.28,1877.483,102.1,101.093
353,66.047,94.6,93.23,1889.76,102.1,101.12,94.627,93.267,1889.61,102.053,101.093
353.5,65.7,94.6,93.23,1900.51,102.05,101.12,94.63,93.277,1900.31,102.003,101.1
354,65.378,94.59,93.21,1910.69,102.01,101.13,94.63,93.283,1910.583,101.947,101.103
354.5,65.082,94.59,93.21,1919.68,101.98,101.11,94.627,93.31,1919.537,101.9,101.097
355,64.811,94.6,93.25,1928.14,101.93,101.15,94.63,93.363,1927.99,101.827,101.117
355.5,64.567,94.59,93.29,1935.26,101.85,101.13,94.62,93.41,1935.087,101.75,101.107
356,64.347,94.6,93.32,1941.64,101.79,101.14,94.62,93.463,1941.467,101.663,101.12
356.5,64.154,94.59,93.4,1946.82,101.73,101.13,94.62,93.547,1946.667,101.587,101.107
357,63.986,94.59,93.45,1951.09,101.67,101.15,94.62,93.62,1950.94,101.497,101.117
357.5,63.844,94.59,93.53,1954.31,101.59,101.16,94.613,93.717,1954.097,101.4,101.12
358,63.728,94.58,93.62,1956.58,101.49,101.16,94.613,93.823,1956.34,101.307,101.12
358.5,63.638,94.59,93.71,1957.54,101.38,101.14,94.62,93.927,1957.387,101.213,101.12
359,63.573,94.58,93.83,1957.6,101.28,101.15,94.62,94.05,1957.483,101.12,101.117
359.5,63.535,94.59,93.93,1956.74,101.19,101.16,94.623,94.167,1956.567,101.023,101.123
360,63.522,94.59,94.02,1954.86,101.12,101.14,94.63,94.29,1954.69,100.94,101.12
360.5,63.535,94.59,94.14,1951.83,101.02,101.19,94.633,94.423,1951.737,100.857,101.14
361,63.573,94.61,94.27,1948.4,100.92,101.18,94.643,94.55,1948.213,100.777,101.137
361.5,63.638,94.61,94.41,1943.66,100.82,101.17,94.65,94.683,1943.55,100.693,101.133
362,63.728,94.62,94.56,1936.95,100.75,101.18,94.653,94.82,1937.0,100.627,101.137
362.5,63.844,94.64,94.67,1930,100.64,101.17,94.663,94.933,1929.98,100.547,101.123
363,63.986,94.63,94.79,1921.91,100.57,101.17,94.657,95.057,1921.817,100.49,101.127
363.5,64.154,94.64,94.9,1912.38,100.49,101.16,94.67,95.17,1912.42,100.443,101.12
364,64.347,94.63,95.01,1902,100.45,101.17,94.667,95.29,1901.943,100.417,101.123
364.5,64.567,94.64,95.1,1890.95,100.38,101.15,94.67,95.397,1890.887,100.383,101.107
365,64.811,94.65,95.23,1878.58,100.34,101.17,94.677,95.503,1878.623,100.377,101.117
365.5,65.082,94.65,95.32,1866.2,100.32,101.15,94.683,95.587,1866.277,100.38,101.103
366,65.378,94.64,95.4,1852.85,100.3,101.15,94.683,95.663,1852.953,100.387,101.097
366.5,65.7,94.67,95.46,1838.66,100.27,101.14,94.697,95.72,1838.79,100.4,101.093
367,66.047,94.66,95.54,1822.93,100.3,101.15,94.69,95.777,1823.033,100.42,101.09
367.5,66.42,94.66,95.6,1807.77,100.29,101.14,94.697,95.823,1807.747,100.463,101.09
368,66.819,94.67,95.66,1790.72,100.32,101.12,94.7,95.86,1790.91,100.503,101.073
368.5,67.243,94.68,95.68,1774.02,100.35,101.12,94.707,95.877,1774.157,100.547,101.067
369,67.692,94.69,95.72,1755.86,100.39,101.11,94.71,95.883,1755.887,100.597,101.057
369.5,68.167,94.68,95.71,1737.78,100.45,101.1,94.71,95.877,1737.793,100.66,101.057
370,68.667,94.7,95.71,1718.38,100.5,101.1,94.723,95.853,1718.4,100.733,101.05
370.5,69.192,94.7,95.67,1699.37,100.57,101.09,94.72,95.817,1699.52,100.81,101.037
371,69.742,94.71,95.66,1679.17,100.62,101.08,94.727,95.783,1679.37,100.893,101.03
371.5,70.318,94.7,95.63,1659.56,100.67,101.07,94.727,95.73,1659.67,100.97,101.023
372,70.919,94.71,95.56,1638.6,100.77,101.05,94.733,95.65,1638.81,101.067,101.007
372.5,71.544,94.7,95.49,1618.25,100.85,101.06,94.73,95.573,1618.547,101.147,101.013
373,72.195,94.71,95.44,1596.56,100.95,101.02,94.737,95.493,1596.81,101.237,100.993
373.5,72.87,94.73,95.36,1575.51,101.08,101.06,94.747,95.41,1575.72,101.347,101.017
374,73.57,94.72,95.26,1553.18,101.13,101.03,94.743,95.313,1553.483,101.417,100.997
374.5,74.295,94.71,95.18,1531.78,101.21,101.05,94.74,95.207,1532.143,101.5,101.003
375,75.045,94.74,95.09,1509.31,101.33,101.04,94.757,95.093,1509.753,101.59,100.987
375.5,75.819,94.73,94.99,1487.72,101.4,101.02,94.753,94.977,1488.067,101.657,100.983
376,76.617,94.73,94.88,1465.07,101.52,101.04,94.757,94.853,1465.337,101.74,100.983
376.5,77.44,94.74,94.76,1443.21,101.61,101,94.757,94.737,1443.503,101.813,100.963
377,78.288,94.75,94.66,1420.34,101.67,101.01,94.763,94.627,1420.703,101.873,100.973
377.5,79.159,94.73,94.52,1398.64,101.73,101,94.76,94.507,1399.037,101.923,100.96
378,80.055,94.74,94.41,1376.09,101.79,101,94.767,94.39,1376.437,101.957,100.963
378.5,80.974,94.74,94.32,1354.6,101.86,100.99,94.763,94.283,1354.85,101.987,100.957
379,81.918,94.75,94.16,1331.97,101.92,100.99,94.777,94.157,1332.337,102.003,100.953
379.5,82.885,94.74,94.07,1310.44,101.93,101,94.767,94.057,1310.9,102.007,100.957
380,83.876,94.74,93.97,1288.17,101.98,100.98,94.77,93.967,1288.677,102.013,100.943
380.5,84.89,94.74,93.89,1267.1,101.99,100.97,94.773,93.89,1267.493,101.997,100.94
381,85.928,94.75,93.8,1245.38,101.98,100.96,94.78,93.803,1245.707,101.973,100.937
381.5,86.989,94.76,93.75,1224.4,101.96,100.97,94.787,93.743,1224.807,101.953,100.933
382,88.074,94.74,93.69,1202.81,101.97,100.96,94.78,93.683,1203.2,101.913,100.923
382.5,89.182,94.75,93.64,1182.22,101.95,100.98,94.783,93.647,1182.67,101.877,100.933
383,90.312,94.77,93.56,1161.03,101.92,100.97,94.8,93.597,1161.46,101.837,100.933
383.5,91.466,94.75,93.54,1141.04,101.88,100.95,94.8,93.593,1141.49,101.783,100.923
384,92.642,94.77,93.53,1120.23,101.81,100.99,94.8,93.577,1120.747,101.707,100.937
384.5,93.841,94.78,93.52,1100.65,101.76,100.96,94.81,93.583,1101.183,101.637,100.93
385,95.062,94.78,93.49,1080.51,101.68,100.96,94.813,93.58,1081.037,101.55,100.923
385.5,96.306,94.79,93.52,1061.42,101.65,100.96,94.827,93.6,1061.883,101.477,100.93
386,97.572,94.81,93.53,1041.79,101.57,100.97,94.84,93.637,1042.263,101.383,100.93
386.5,98.86,94.81,93.56,1023.13,101.49,100.97,94.843,93.69,1023.647,101.297,100.923
387,100.17,94.8,93.61,1004.28,101.38,100.98,94.847,93.747,1004.71,101.2,100.933
387.5,101.502,94.81,93.66,985.89,101.3,100.94,94.857,93.807,986.52,101.113,100.91
388,102.856,94.83,93.74,967.75,101.19,100.98,94.863,93.887,968.237,101.01,100.933
388.5,104.231,94.84,93.79,950.3,101.1,100.97,94.877,93.96,950.753,100.927,100.923
389,105.627,94.86,93.87,932.34,101,100.97,94.887,94.043,932.87,100.833,100.927
389.5,107.045,94.86,93.97,915.57,100.91,100.96,94.89,94.15,916.013,100.75,100.923
390,108.484,94.86,94.05,898.16,100.79,100.94,94.893,94.253,898.753,100.657,100.917
390.5,109.943,94.86,94.13,882.14,100.69,100.96,94.893,94.35,882.603,100.573,100.92
391,111.424,94.88,94.26,865.77,100.63,100.96,94.91,94.467,866.133,100.51,100.927
391.5,112.925,94.88,94.36,849.9,100.52,100.96,94.91,94.583,850.307,100.443,100.917
392,114.446,94.88,94.44,833.71,100.46,100.95,94.913,94.7,834.197,100.383,100.917
392.5,115.988,94.88,94.57,818.64,100.39,100.96,94.91,94.817,819.147,100.337,100.92
393,117.549,94.89,94.68,803.49,100.33,100.96,94.917,94.93,803.927,100.313,100.917
393.5,119.131,94.9,94.81,788.59,100.25,100.96,94.92,95.043,789.143,100.273,100.913
394,120.733,94.9,94.9,774.21,100.21,100.96,94.923,95.153,774.57,100.257,100.91
394.5,122.354,94.89,95.03,759.8,100.16,100.95,94.92,95.263,760.37,100.237,100.907
395,123.994,94.89,95.11,745.87,100.15,100.93,94.917,95.36,746.38,100.24,100.897
395.5,125.654,94.9,95.2,732.2,100.16,100.95,94.92,95.457,732.713,100.26,100.907
396,127.333,94.91,95.32,718.74,100.15,100.95,94.927,95.55,719.227,100.277,100.903
396.5,129.031,94.91,95.38,706.22,100.16,100.95,94.927,95.617,706.657,100.307,100.903
397,130.747,94.91,95.45,692.59,100.18,100.94,94.927,95.683,693.33,100.34,100.897
397.5,132.482,94.9,95.51,680.59,100.19,100.94,94.917,95.737,681.01,100.367,100.897
398,134.236,94.89,95.55,667.68,100.23,100.93,94.91,95.783,668.327,100.423,100.887
398.5,136.007,94.89,95.62,656.51,100.25,100.94,94.907,95.823,656.867,100.463,100.89
399,137.797,94.87,95.64,644.48,100.28,100.92,94.9,95.853,644.843,100.53,100.88
399.5,139.604,94.88,95.67,632.73,100.35,100.91,94.9,95.883,633.423,100.6,100.877
400,141.429,94.9,95.72,621.58,100.41,100.93,94.907,95.907,622.02,100.673,100.88
400.5,143.272,94.89,95.72,610.32,100.47,100.91,94.907,95.9,611.013,100.747,100.867
401,145.131,94.89,95.73,600.07,100.57,100.9,94.903,95.897,600.507,100.833,100.87
401.5,147.008,94.87,95.72,589.15,100.64,100.9,94.893,95.88,589.663,100.917,100.863
402,148.901,94.87,95.7,578.75,100.74,100.91,94.9,95.843,579.343,100.993,100.867
402.5,150.812,94.89,95.68,569.05,100.85,100.91,94.903,95.803,569.38,101.087,100.867
403,152.738,94.87,95.63,558.93,100.89,100.89,94.89,95.75,559.25,101.157,100.86
403.5,154.681,94.89,95.59,549.19,100.97,100.87,94.897,95.697,549.64,101.233,100.847
404,156.64,94.86,95.54,539.54,101.07,100.9,94.887,95.63,540.053,101.32,100.857
404.5,158.615,94.86,95.46,530.31,101.13,100.88,94.89,95.557,530.94,101.377,100.847
405,160.605,94.87,95.41,521.19,101.24,100.89,94.887,95.487,521.563,101.443,100.847
405.5,162.611,94.85,95.32,512.04,101.32,100.9,94.88,95.407,512.767,101.513,100.843
406,164.632,94.85,95.25,503.53,101.37,100.89,94.887,95.323,503.96,101.567,100.83
406.5,166.668,94.85,95.18,495.35,101.46,100.89,94.887,95.233,495.65,101.62,100.827
407,168.718,94.85,95.11,486.64,101.53,100.86,94.89,95.143,487.1,101.657,100.817
407.5,170.784,94.86,95.03,479.16,101.58,100.88,94.89,95.043,479.583,101.693,100.817
408,172.864,94.86,94.93,470.9,101.63,100.87,94.897,94.957,471.41,101.707,100.813
408.5,174.958,94.87,94.85,463.07,101.69,100.86,94.897,94.87,463.6,101.733,100.81
409,177.065,94.9,94.76,455.76,101.71,100.85,94.917,94.783,456.103,101.753,100.807
409.5,179.187,94.87,94.68,448.1,101.71,100.86,94.913,94.693,448.57,101.74,100.8
410,181.322,94.9,94.59,440.93,101.74,100.85,94.93,94.593,441.1,101.747,100.793
410.5,183.471,94.88,94.49,433.67,101.7,100.83,94.923,94.503,434.147,101.71,100.787
411,185.632,94.89,94.41,426.56,101.72,100.84,94.937,94.42,427.133,101.69,100.783
411.5,187.807,94.92,94.34,419.9,101.72,100.83,94.953,94.357,420.483,101.673,100.777
412,189.994,94.91,94.28,413.19,101.71,100.82,94.96,94.287,413.733,101.627,100.767
412.5,192.194,94.92,94.22,406.66,101.69,100.83,94.963,94.237,406.987,101.577,100.767
413,194.406,94.94,94.15,400.14,101.61,100.83,94.98,94.18,400.593,101.513,100.76
413.5,196.629,94.95,94.13,394.48,101.57,100.79,94.997,94.143,394.753,101.443,100.75
414,198.865,94.96,94.07,388,101.53,100.82,95.003,94.1,388.453,101.39,100.75
414.5,201.112,94.98,94.06,382.57,101.43,100.8,95.023,94.077,382.657,101.297,100.747
415,203.371,94.99,94,376.11,101.38,100.79,95.03,94.043,376.773,101.233,100.747
415.5,205.64,95,93.98,370.7,101.3,100.8,95.047,94.02,371.053,101.16,100.75
416,207.921,95.02,93.98,364.93,101.22,100.8,95.053,94.023,365.36,101.083,100.747
416.5,210.212,95.02,93.96,359.29,101.13,100.79,95.067,94.023,359.767,101.0,100.747
417,212.514,95.04,93.96,353.8,101.08,100.77,95.073,94.033,354.48,100.93,100.73
417.5,214.826,95.04,93.99,349.38,100.98,100.79,95.083,94.063,349.647,100.837,100.73
418,217.147,95.05,94,343.77,100.9,100.79,95.087,94.083,343.937,100.767,100.737
418.5,219.479,95.07,94.03,338.33,100.82,100.77,95.107,94.127,339.023,100.68,100.72
419,221.82,95.08,94.07,334.28,100.72,100.79,95.107,94.177,334.52,100.607,100.737
419.5,224.171,95.08,94.1,329.11,100.63,100.77,95.11,94.223,329.213,100.547,100.723
420,226.53,95.08,94.16,323.52,100.56,100.76,95.11,94.283,323.983,100.483,100.723
420.5,228.899,95.1,94.19,320.16,100.48,100.76,95.12,94.343,320.617,100.423,100.727
421,231.276,95.1,94.26,315.4,100.41,100.77,95.127,94.413,315.59,100.377,100.733
421.5,233.661,95.09,94.33,310.42,100.36,100.76,95.12,94.483,310.693,100.327,100.727
422,236.055,95.1,94.4,306.97,100.3,100.75,95.127,94.567,307.163,100.293,100.72
422.5,238.456,95.12,94.48,301.92,100.25,100.75,95.127,94.65,302.053,100.25,100.723
423,240.866,95.1,94.54,298.11,100.21,100.75,95.12,94.72,298.35,100.233,100.723
423.5,243.282,95.11,94.63,294.26,100.16,100.76,95.123,94.807,294.443,100.203,100.72
424,245.706,95.11,94.7,289.63,100.15,100.78,95.117,94.883,289.95,100.207,100.723
424.5,248.137,95.09,94.77,286.12,100.14,100.76,95.113,94.963,286.307,100.203,100.723
425,250.575,95.1,94.85,281.77,100.13,100.75,95.113,95.057,282.24,100.21,100.72
425.5,253.02,95.08,94.9,278.25,100.1,100.78,95.107,95.13,278.477,100.217,100.73
426,255.471,95.09,94.98,274.37,100.1,100.75,95.093,95.213,274.813,100.24,100.723
426.5,257.928,95.08,95.04,270.93,100.1,100.77,95.09,95.29,271.14,100.26,100.73
427,260.39,95.06,95.14,268.08,100.13,100.75,95.08,95.377,268.21,100.297,100.73
427.5,262.859,95.08,95.23,263.71,100.17,100.77,95.09,95.457,264.137,100.343,100.73
428,265.333,95.06,95.29,260.98,100.21,100.76,95.08,95.523,261.27,100.383,100.73
428.5,267.812,95.06,95.34,257.16,100.24,100.77,95.077,95.58,257.507,100.437,100.74
429,270.296,95.05,95.4,254.45,100.29,100.76,95.073,95.633,254.63,100.483,100.727
429.5,272.785,95.06,95.46,250.62,100.36,100.78,95.06,95.68,250.947,100.553,100.73
430,275.278,95.04,95.51,248.04,100.4,100.77,95.06,95.73,248.277,100.603,100.733
430.5,277.776,95.04,95.55,244.77,100.48,100.78,95.057,95.767,245.03,100.677,100.73
431,280.278,95.05,95.58,241.54,100.53,100.78,95.053,95.807,241.927,100.733,100.73
431.5,282.784,95.03,95.62,238.81,100.58,100.75,95.047,95.833,239.06,100.787,100.723
432,285.293,95.01,95.63,235.91,100.67,100.75,95.033,95.84,236.163,100.867,100.717
432.5,287.806,95.02,95.65,233.08,100.73,100.78,95.037,95.86,233.387,100.93,100.727
433,290.322,95.01,95.66,230.43,100.8,100.77,95.033,95.863,230.567,100.987,100.717
433.5,292.841,95,95.68,227.7,100.86,100.75,95.033,95.863,227.967,101.043,100.713
434,295.362,95.01,95.66,224.88,100.94,100.77,95.033,95.837,225.207,101.097,100.71
434.5,297.886,94.98,95.66,222.2,101.01,100.74,95.03,95.823,222.43,101.16,100.697
435,300.413,95,95.64,220.03,101.08,100.75,95.03,95.807,220.113,101.21,100.69
435.5,302.941,95.01,95.63,217.12,101.12,100.76,95.04,95.777,217.42,101.253,100.693
436,305.472,95.02,95.6,214.64,101.16,100.73,95.047,95.73,214.99,101.287,100.673
436.5,308.004,95.01,95.58,212.24,101.19,100.74,95.047,95.697,212.587,101.323,100.677
437,310.537,95.01,95.54,209.92,101.28,100.72,95.05,95.643,210.127,101.367,100.67
437.5,313.072,95.03,95.51,207.6,101.32,100.72,95.06,95.597,207.817,101.39,100.663
438,315.607,95.01,95.43,205.42,101.31,100.7,95.057,95.523,205.667,101.393,100.65
438.5,318.144,95.05,95.4,202.93,101.38,100.71,95.08,95.473,203.237,101.417,100.647
439,320.68,95.05,95.34,200.75,101.38,100.7,95.09,95.413,201.063,101.413,100.64
439.5,323.218,95.05,95.28,198.95,101.38,100.7,95.097,95.337,199.09,101.4,100.633
440,325.755,95.08,95.21,196.46,101.4,100.69,95.113,95.267,196.76,101.4,100.627
440.5,328.292,95.1,95.16,194.54,101.41,100.69,95.133,95.2,194.667,101.387,100.617
441,330.829,95.09,95.1,192.53,101.4,100.68,95.137,95.127,192.833,101.36,100.61
441.5,333.366,95.11,95.04,190.34,101.38,100.67,95.153,95.057,190.66,101.327,100.593
442,335.902,95.11,94.98,188.48,101.35,100.67,95.16,94.98,188.62,101.293,100.6
442.5,338.436,95.14,94.91,186.51,101.3,100.65,95.177,94.903,186.763,101.247,100.583
443,340.97,95.14,94.85,184.52,101.25,100.62,95.187,94.833,184.727,101.193,100.573
443.5,343.502,95.19,94.8,182.83,101.23,100.65,95.213,94.777,182.973,101.15,100.583
444,346.033,95.18,94.71,180.89,101.18,100.62,95.217,94.703,181.197,101.103,100.57
444.5,348.562,95.2,94.66,179.08,101.13,100.63,95.223,94.653,179.29,101.053,100.573
445,351.089,95.2,94.61,177.34,101.07,100.63,95.23,94.6,177.553,100.99,100.57
445.5,353.614,95.2,94.55,175.51,101.02,100.6,95.237,94.543,175.717,100.933,100.557
446,356.137,95.2,94.51,173.87,100.96,100.61,95.25,94.493,174.04,100.877,100.557
446.5,358.657,95.24,94.46,172.24,100.89,100.6,95.27,94.453,172.44,100.817,100.55
447,361.174,95.24,94.4,170.52,100.83,100.59,95.27,94.407,170.723,100.75,100.547
447.5,363.688,95.25,94.37,168.87,100.77,100.59,95.28,94.383,169.133,100.693,100.54
448,366.199,95.24,94.33,167.31,100.71,100.6,95.277,94.353,167.513,100.64,100.553
448.5,368.707,95.26,94.33,165.84,100.65,100.6,95.29,94.353,165.957,100.583,100.55
449,371.211,95.27,94.31,164.22,100.57,100.57,95.287,94.333,164.423,100.517,100.543
449.5,373.712,95.3,94.32,162.82,100.52,100.59,95.303,94.34,162.987,100.47,100.557
450,376.208,95.27,94.31,161.28,100.49,100.58,95.29,94.337,161.457,100.427,100.547
450.5,378.701,95.29,94.3,159.83,100.42,100.58,95.3,94.353,160.06,100.38,100.55
451,381.189,95.27,94.29,158.44,100.36,100.59,95.29,94.36,158.6,100.333,100.557
451.5,383.672,95.28,94.3,157.1,100.32,100.59,95.29,94.38,157.187,100.297,100.557
452,386.151,95.26,94.3,155.62,100.27,100.6,95.28,94.403,155.837,100.273,100.553
452.5,388.625,95.27,94.32,154.3,100.24,100.58,95.283,94.443,154.463,100.243,100.557
453,391.094,95.27,94.36,152.88,100.24,100.6,95.28,94.49,153.087,100.233,100.56
453.5,393.558,95.26,94.4,151.64,100.18,100.61,95.277,94.543,151.81,100.207,100.567
454,396.016,95.22,94.44,150.38,100.13,100.57,95.257,94.6,150.493,100.19,100.563
454.5,398.469,95.24,94.5,149.03,100.16,100.59,95.267,94.667,149.243,100.197,100.567
455,400.916,95.23,94.54,147.82,100.13,100.6,95.26,94.723,148.02,100.197,100.58
455.5,403.357,95.25,94.62,146.59,100.14,100.58,95.26,94.8,146.743,100.207,100.577
456,405.792,95.25,94.66,145.36,100.13,100.62,95.257,94.863,145.537,100.213,100.583
456.5,408.22,95.22,94.73,144.2,100.14,100.6,95.243,94.94,144.343,100.233,100.587
457,410.642,95.23,94.8,142.98,100.15,100.63,95.24,95.02,143.143,100.253,100.593
457.5,413.058,95.21,94.86,141.83,100.16,100.62,95.233,95.097,142.03,100.277,100.59
458,415.466,95.2,94.93,140.69,100.19,100.64,95.22,95.177,140.86,100.313,100.593
458.5,417.868,95.21,95.01,139.61,100.21,100.61,95.223,95.26,139.757,100.34,100.587
459,420.262,95.18,95.06,138.51,100.25,100.62,95.21,95.327,138.663,100.37,100.593
459.5,422.649,95.18,95.13,137.43,100.3,100.64,95.21,95.413,137.553,100.417,100.597
460,425.029,95.2,95.22,136.44,100.34,100.64,95.207,95.493,136.543,100.45,100.59
460.5,427.401,95.2,95.29,135.42,100.39,100.64,95.21,95.57,135.533,100.497,100.597
461,429.765,95.18,95.37,134.42,100.42,100.64,95.203,95.643,134.513,100.54,100.587
461.5,432.121,95.16,95.44,133.39,100.45,100.63,95.193,95.713,133.503,100.583,100.587
462,434.469,95.18,95.51,132.42,100.49,100.63,95.203,95.773,132.543,100.637,100.58
462.5,436.809,95.2,95.58,131.47,100.54,100.64,95.203,95.84,131.58,100.68,100.58
463,439.14,95.17,95.64,130.45,100.58,100.61,95.19,95.89,130.6,100.727,100.563
463.5,441.463,95.17,95.7,129.55,100.62,100.63,95.2,95.94,129.687,100.777,100.567
464,443.777,95.17,95.74,128.69,100.67,100.62,95.203,95.977,128.777,100.817,100.557
464.5,446.082,95.17,95.77,127.73,100.73,100.63,95.207,96.003,127.823,100.857,100.553
465,448.378,95.19,95.8,126.79,100.77,100.6,95.217,96.023,126.923,100.893,100.54
465.5,450.665,95.19,95.84,125.92,100.8,100.59,95.22,96.047,126.043,100.927,100.53
466,452.943,95.19,95.83,125.06,100.85,100.59,95.237,96.047,125.187,100.96,100.523
466.5,455.211,95.2,95.88,124.19,100.9,100.59,95.237,96.07,124.317,100.993,100.513
467,457.469,95.21,95.89,123.36,100.93,100.58,95.25,96.063,123.497,101.017,100.513
467.5,459.718,95.23,95.89,122.46,100.95,100.57,95.26,96.043,122.613,101.033,100.5
468,461.956,95.23,95.89,121.71,100.98,100.56,95.27,96.023,121.84,101.057,100.49
468.5,464.185,95.24,95.87,120.89,100.99,100.53,95.277,95.987,121.05,101.067,100.473
469,466.404,95.26,95.86,120.08,101.01,100.55,95.297,95.953,120.22,101.073,100.473
469.5,468.612,95.26,95.84,119.34,101.02,100.52,95.3,95.913,119.45,101.07,100.453
470,470.81,95.28,95.79,118.56,101.02,100.54,95.317,95.863,118.673,101.07,100.46
470.5,472.997,95.29,95.73,117.76,101.03,100.5,95.323,95.797,117.897,101.067,100.437
471,475.173,95.3,95.68,117.06,101.02,100.49,95.333,95.737,117.197,101.067,100.437
471.5,477.339,95.3,95.64,116.38,101.03,100.49,95.337,95.67,116.467,101.05,100.43
472,479.493,95.31,95.58,115.59,101.01,100.47,95.353,95.6,115.72,101.023,100.42
472.5,481.637,95.31,95.52,114.96,101,100.47,95.35,95.523,115.047,101.0,100.413
473,483.769,95.34,95.45,114.27,100.98,100.48,95.373,95.45,114.36,100.987,100.42
473.5,485.89,95.34,95.37,113.58,100.95,100.44,95.38,95.363,113.7,100.96,100.4
474,488,95.34,95.29,112.99,100.94,100.45,95.383,95.283,113.063,100.93,100.4
474.5,490.098,95.37,95.25,112.29,100.91,100.45,95.39,95.207,112.383,100.903,100.403
475,492.184,95.36,95.18,111.62,100.86,100.44,95.397,95.127,111.723,100.86,100.39
475.5,494.258,95.38,95.09,111.03,100.84,100.42,95.4,95.04,111.123,100.817,100.387
476,496.321,95.37,95.02,110.37,100.8,100.43,95.4,94.963,110.47,100.777,100.39
476.5,498.371,95.39,94.93,109.73,100.78,100.43,95.407,94.877,109.843,100.737,100.393
477,500.409,95.4,94.87,109.14,100.75,100.44,95.41,94.81,109.25,100.693,100.393
477.5,502.435,95.4,94.79,108.5,100.69,100.43,95.417,94.74,108.61,100.647,100.397
478,504.449,95.41,94.71,107.99,100.66,100.42,95.42,94.66,108.073,100.603,100.39
478.5,506.45,95.4,94.64,107.38,100.61,100.43,95.417,94.597,107.497,100.553,100.4
479,508.439,95.39,94.56,106.81,100.56,100.42,95.413,94.543,106.933,100.51,100.393
479.5,510.414,95.38,94.5,106.25,100.49,100.42,95.413,94.5,106.377,100.463,100.4
480,512.377,95.38,94.45,105.66,100.46,100.4,95.41,94.46,105.787,100.417,100.39
480.5,514.327,95.37,94.42,105.17,100.41,100.42,95.41,94.433,105.27,100.383,100.403
481,516.265,95.38,94.38,104.66,100.36,100.41,95.41,94.403,104.75,100.34,100.403
481.5,518.189,95.38,94.35,104.04,100.34,100.43,95.41,94.387,104.153,100.307,100.41
482,520.099,95.39,94.34,103.59,100.3,100.43,95.41,94.387,103.667,100.27,100.42
482.5,521.997,95.39,94.31,103.02,100.27,100.42,95.413,94.387,103.17,100.237,100.42
483,523.881,95.39,94.31,102.49,100.25,100.46,95.41,94.397,102.653,100.217,100.437
483.5,525.751,95.4,94.31,102.11,100.23,100.47,95.41,94.417,102.19,100.19,100.437
484,527.608,95.38,94.31,101.65,100.18,100.45,95.397,94.433,101.733,100.16,100.437
484.5,529.452,95.37,94.33,101.18,100.17,100.46,95.393,94.47,101.233,100.147,100.437
485,531.281,95.37,94.37,100.8,100.14,100.45,95.39,94.517,100.773,100.117,100.437
485.5,533.097,95.34,94.39,100.32,100.09,100.47,95.38,94.563,100.303,100.097,100.447
486,534.899,95.36,94.45,99.82,100.03,100.46,95.387,94.637,99.847,100.083,100.45
486.5,536.686,95.35,94.5,99.35,100.04,100.48,95.383,94.7,99.41,100.097,100.453
487,538.46,95.35,94.55,98.72,100.04,100.48,95.377,94.77,98.89,100.087,100.453
487.5,540.219,95.33,94.61,98.27,100.05,100.47,95.37,94.85,98.483,100.08,100.453
488,541.964,95.34,94.66,97.8,100.04,100.47,95.377,94.927,98.04,100.073,100.443
488.5,543.695,95.34,94.76,97.44,100.02,100.48,95.37,95.017,97.63,100.07,100.453
489,545.411,95.32,94.83,97.07,100.02,100.5,95.363,95.107,97.233,100.087,100.45
489.5,547.113,95.34,94.91,96.74,100.01,100.49,95.367,95.19,96.793,100.107,100.447
490,548.8,95.36,95.03,96.46,100.05,100.5,95.377,95.3,96.44,100.127,100.447
490.5,550.473,95.36,95.1,96.03,100.01,100.5,95.377,95.38,96.03,100.117,100.44
491,552.131,95.34,95.19,95.67,99.98,100.47,95.37,95.477,95.67,100.1,100.427
491.5,553.774,95.33,95.28,95.22,99.96,100.5,95.373,95.577,95.307,100.093,100.437
492,555.402,95.34,95.37,94.83,99.95,100.48,95.377,95.67,94.93,100.077,100.42
492.5,557.015,95.35,95.45,94.48,99.92,100.47,95.383,95.753,94.61,100.053,100.413
493,558.613,95.35,95.54,94.11,99.91,100.47,95.383,95.83,94.257,100.033,100.41
493.5,560.196,95.35,95.64,93.8,99.89,100.47,95.39,95.92,93.913,100.01,100.4
494,561.764,95.39,95.71,93.51,99.87,100.45,95.413,95.993,93.607,99.983,100.397
494.5,563.317,95.37,95.78,93.22,99.86,100.45,95.403,96.053,93.277,99.943,100.383
495,564.854,95.38,95.88,92.97,99.82,100.45,95.413,96.13,92.983,99.89,100.38
495.5,566.376,95.4,95.91,92.73,99.76,100.45,95.423,96.163,92.71,99.833,100.363
496,567.882,95.39,95.97,92.44,99.67,100.44,95.427,96.21,92.41,99.763,100.367
496.5,569.373,95.41,96.02,92.21,99.6,100.41,95.437,96.247,92.15,99.703,100.35
497,570.849,95.42,96.07,91.94,99.54,100.41,95.443,96.273,91.903,99.633,100.343
497.5,572.309,95.41,96.09,91.55,99.43,100.39,95.447,96.287,91.62,99.527,100.33
498,573.753,95.41,96.13,91.22,99.33,100.38,95.45,96.3,91.377,99.433,100.323
498.5,575.182,95.42,96.13,90.9,99.24,100.36,95.453,96.3,91.103,99.337,100.313
499,576.595,95.44,96.16,90.59,99.15,100.34,95.467,96.293,90.797,99.25,100.303
499.5,577.992,95.46,96.16,90.35,99.07,100.34,95.48,96.28,90.513,99.163,100.3
500,579.373,95.44,96.14,90.11,98.97,100.35,95.47,96.243,90.2,99.063,100.293
500.5,580.738,95.46,96.13,89.96,98.89,100.34,95.483,96.21,89.937,98.963,100.283
501,582.087,95.44,96.07,89.76,98.78,100.33,95.48,96.163,89.713,98.853,100.28
501.5,583.42,95.47,96.03,89.57,98.68,100.32,95.487,96.103,89.51,98.747,100.27
502,584.737,95.45,96,89.34,98.56,100.32,95.487,96.047,89.333,98.643,100.27
502.5,586.038,95.48,95.97,89.17,98.44,100.31,95.497,95.983,89.187,98.527,100.26
503,587.323,95.49,95.91,89.01,98.35,100.29,95.5,95.91,89.05,98.423,100.25
503.5,588.591,95.49,95.83,88.83,98.23,100.28,95.5,95.82,88.907,98.307,100.25
504,589.844,95.48,95.76,88.66,98.12,100.3,95.493,95.737,88.74,98.193,100.257
504.5,591.079,95.49,95.71,88.5,98.02,100.29,95.507,95.66,88.577,98.09,100.247
505,592.299,95.49,95.59,88.41,97.92,100.27,95.51,95.56,88.46,97.993,100.25
505.5,593.502,95.5,95.52,88.34,97.83,100.27,95.507,95.477,88.35,97.897,100.247
506,594.689,95.5,95.43,88.2,97.73,100.26,95.51,95.387,88.2,97.8,100.243
506.5,595.859,95.48,95.33,88.1,97.65,100.27,95.503,95.287,88.09,97.707,100.25
507,597.013,95.48,95.25,88.06,97.56,100.27,95.51,95.2,88.003,97.613,100.247
507.5,598.15,95.48,95.17,87.96,97.47,100.26,95.507,95.113,87.907,97.517,100.243
508,599.27,95.48,95.07,87.88,97.39,100.26,95.513,95.03,87.843,97.433,100.247
508.5,600.374,95.48,94.98,87.79,97.28,100.26,95.51,94.943,87.773,97.35,100.243
509,601.461,95.49,94.92,87.76,97.21,100.27,95.517,94.873,87.73,97.283,100.253
509.5,602.532,95.48,94.84,87.63,97.12,100.27,95.513,94.8,87.64,97.213,100.25
510,603.586,95.51,94.77,87.61,97.05,100.27,95.523,94.743,87.603,97.143,100.257
510.5,604.622,95.49,94.7,87.59,96.99,100.28,95.51,94.68,87.557,97.08,100.253
511,605.642,95.48,94.63,87.58,96.93,100.27,95.513,94.633,87.533,97.023,100.263
511.5,606.646,95.49,94.59,87.53,96.85,100.26,95.513,94.59,87.487,96.97,100.257
512,607.632,95.48,94.53,87.53,96.78,100.26,95.507,94.553,87.477,96.913,100.257
512.5,608.601,95.5,94.5,87.53,96.75,100.27,95.52,94.53,87.48,96.877,100.253
513,609.554,95.49,94.46,87.49,96.69,100.28,95.517,94.517,87.46,96.82,100.25
513.5,610.489,95.48,94.43,87.55,96.63,100.26,95.517,94.51,87.493,96.767,100.247
514,611.408,95.48,94.41,87.5,96.59,100.25,95.517,94.51,87.517,96.713,100.237
514.5,612.309,95.47,94.42,87.49,96.54,100.26,95.517,94.537,87.53,96.673,100.243
515,613.194,95.5,94.45,87.59,96.49,100.27,95.523,94.557,87.583,96.613,100.237
515.5,614.061,95.51,94.46,87.66,96.45,100.27,95.533,94.587,87.623,96.57,100.237
516,614.911,95.49,94.47,87.64,96.43,100.26,95.527,94.617,87.653,96.53,100.227
516.5,615.744,95.5,94.5,87.68,96.4,100.26,95.533,94.667,87.717,96.493,100.213
517,616.56,95.51,94.55,87.77,96.41,100.23,95.54,94.723,87.767,96.46,100.2
517.5,617.358,95.51,94.61,87.87,96.4,100.24,95.54,94.79,87.853,96.43,100.19
518,618.14,95.52,94.67,87.98,96.39,100.22,95.547,94.86,87.953,96.407,100.173
518.5,618.904,95.53,94.74,88.08,96.42,100.21,95.553,94.94,88.07,96.403,100.17
519,619.651,95.51,94.78,88.21,96.41,100.2,95.55,95.007,88.18,96.393,100.15
519.5,620.38,95.52,94.85,88.29,96.41,100.19,95.553,95.093,88.267,96.387,100.133
520,621.093,95.52,94.92,88.43,96.42,100.18,95.56,95.18,88.397,96.39,100.127
520.5,621.788,95.52,94.99,88.53,96.42,100.15,95.56,95.263,88.527,96.393,100.097
521,622.465,95.54,95.08,88.71,96.45,100.14,95.573,95.35,88.677,96.41,100.087
521.5,623.126,95.55,95.18,88.9,96.48,100.14,95.58,95.45,88.853,96.433,100.077
522,623.768,95.56,95.27,89.12,96.48,100.11,95.59,95.537,89.047,96.45,100.05
522.5,624.394,95.58,95.38,89.23,96.52,100.1,95.6,95.643,89.18,96.48,100.037
523,625.002,95.58,95.45,89.4,96.55,100.09,95.6,95.717,89.32,96.513,100.017
523.5,625.592,95.58,95.53,89.58,96.56,100.04,95.607,95.807,89.487,96.537,99.987
524,626.165,95.58,95.62,89.78,96.59,100.03,95.607,95.89,89.683,96.577,99.967
524.5,626.721,95.57,95.71,89.93,96.62,100.01,95.603,95.967,89.867,96.627,99.953
525,627.259,95.59,95.8,90.19,96.65,99.97,95.613,96.047,90.09,96.667,99.923
525.5,627.78,95.6,95.85,90.41,96.66,99.95,95.613,96.1,90.3,96.707,99.9
526,628.283,95.59,95.91,90.6,96.7,99.95,95.613,96.16,90.5,96.767,99.89
526.5,628.769,95.6,95.97,90.9,96.72,99.92,95.62,96.217,90.747,96.803,99.867
527,629.237,95.59,96.04,91.11,96.77,99.89,95.617,96.277,90.957,96.85,99.847
527.5,629.687,95.61,96.08,91.34,96.8,99.87,95.62,96.303,91.17,96.887,99.817
528,630.12,95.61,96.13,91.55,96.84,99.86,95.62,96.333,91.39,96.927,99.8
528.5,630.535,95.61,96.18,91.83,96.88,99.83,95.617,96.353,91.64,96.97,99.79
529,630.933,95.62,96.2,91.97,96.93,99.79,95.62,96.37,91.85,97.02,99.76
529.5,631.313,95.62,96.21,92.17,96.99,99.79,95.62,96.37,92.063,97.07,99.743
530,631.676,95.6,96.21,92.35,97.04,99.75,95.617,96.36,92.273,97.113,99.723
530.5,632.021,95.6,96.23,92.61,97.09,99.73,95.61,96.353,92.5,97.157,99.707
531,632.348,95.58,96.22,92.8,97.14,99.71,95.6,96.323,92.713,97.203,99.687
531.5,632.658,95.59,96.2,93.1,97.18,99.7,95.6,96.29,92.967,97.24,99.677
532,632.95,95.59,96.17,93.36,97.23,99.68,95.603,96.26,93.217,97.287,99.657
532.5,633.224,95.58,96.13,93.6,97.27,99.68,95.6,96.21,93.47,97.323,99.647
533,633.481,95.59,96.1,93.88,97.36,99.66,95.603,96.167,93.74,97.387,99.637
533.5,633.72,95.58,96.05,94.2,97.43,99.65,95.6,96.103,94.03,97.46,99.62
534,633.941,95.57,96,94.45,97.5,99.62,95.593,96.043,94.297,97.53,99.607
534.5,634.145,95.58,95.96,94.76,97.56,99.61,95.6,95.983,94.59,97.59,99.593
535,634.33,95.58,95.89,95.05,97.63,99.6,95.597,95.91,94.883,97.657,99.58
535.5,634.499,95.57,95.8,95.32,97.7,99.56,95.6,95.83,95.18,97.727,99.56
536,634.649,95.59,95.77,95.65,97.8,99.57,95.603,95.767,95.49,97.81,99.56
536.5,634.782,95.57,95.7,95.94,97.84,99.56,95.603,95.693,95.817,97.867,99.55
537,634.897,95.57,95.6,96.23,97.9,99.52,95.603,95.61,96.117,97.937,99.527
537.5,634.995,95.56,95.55,96.54,97.99,99.53,95.597,95.53,96.43,98.007,99.527
538,635.074,95.59,95.5,96.9,98.11,99.53,95.607,95.463,96.763,98.1,99.517
538.5,635.136,95.58,95.39,97.17,98.17,99.53,95.61,95.373,97.07,98.187,99.513
539,635.181,95.59,95.3,97.51,98.26,99.51,95.617,95.3,97.413,98.28,99.497
539.5,635.207,95.59,95.24,97.86,98.39,99.52,95.62,95.233,97.74,98.407,99.497
540,635.216,95.58,95.17,98.18,98.5,99.49,95.617,95.167,98.07,98.52,99.48
540.5,635.207,95.59,95.1,98.49,98.62,99.47,95.623,95.1,98.383,98.65,99.463
541,635.181,95.61,95.05,98.82,98.73,99.47,95.637,95.053,98.713,98.787,99.457
541.5,635.136,95.61,95,99.14,98.88,99.45,95.637,95.007,99.043,98.93,99.443
542,635.074,95.61,94.93,99.45,99,99.44,95.647,94.95,99.37,99.08,99.43
542.5,634.995,95.61,94.89,99.81,99.16,99.44,95.647,94.917,99.71,99.243,99.417
543,634.897,95.59,94.85,100.11,99.3,99.42,95.643,94.887,100.02,99.397,99.403
543.5,634.782,95.62,94.83,100.45,99.49,99.43,95.66,94.86,100.353,99.577,99.393
544,634.649,95.63,94.8,100.79,99.64,99.42,95.67,94.843,100.69,99.733,99.383
544.5,634.499,95.63,94.76,101.11,99.82,99.39,95.673,94.823,101.017,99.91,99.36
545,634.33,95.65,94.76,101.43,100.01,99.4,95.683,94.827,101.35,100.093,99.35
545.5,634.145,95.66,94.76,101.78,100.18,99.39,95.687,94.833,101.687,100.27,99.34
546,633.941,95.65,94.73,102.08,100.37,99.36,95.69,94.833,102.0,100.453,99.317
546.5,633.72,95.66,94.75,102.41,100.55,99.34,95.703,94.857,102.327,100.637,99.297
547,633.481,95.67,94.77,102.66,100.74,99.32,95.713,94.883,102.643,100.81,99.277
547.5,633.224,95.68,94.79,102.98,100.91,99.31,95.717,94.91,102.95,100.983,99.253
548,632.95,95.68,94.82,103.53,101.1,99.27,95.727,94.95,103.297,101.163,99.233
548.5,632.658,95.7,94.86,103.77,101.26,99.28,95.74,95.0,103.677,101.337,99.22
549,632.348,95.72,94.9,103.96,101.47,99.24,95.747,95.043,103.97,101.52,99.197
549.5,632.021,95.72,94.92,104.45,101.65,99.23,95.753,95.09,104.393,101.697,99.173
550,631.676,95.74,94.99,104.7,101.85,99.22,95.767,95.157,104.597,101.87,99.157
550.5,631.313,95.74,95.04,104.93,102,99.22,95.763,95.22,104.92,102.033,99.15
551,630.933,95.75,95.09,105.4,102.19,99.17,95.777,95.28,105.253,102.203,99.113
551.5,630.535,95.74,95.14,105.7,102.37,99.16,95.767,95.337,105.573,102.38,99.1
552,630.12,95.75,95.21,105.86,102.54,99.14,95.773,95.41,105.88,102.55,99.083
552.5,629.687,95.76,95.27,106.29,102.73,99.13,95.783,95.48,106.193,102.733,99.063
553,629.237,95.76,95.32,106.52,102.87,99.1,95.78,95.543,106.45,102.887,99.05
553.5,628.769,95.76,95.4,106.8,103.04,99.07,95.777,95.633,106.75,103.053,99.027
554,628.283,95.77,95.46,107.1,103.22,99.05,95.777,95.69,107.083,103.233,99.01
554.5,627.78,95.74,95.51,107.42,103.4,99.02,95.767,95.757,107.317,103.413,98.987
555,627.259,95.76,95.59,107.72,103.57,99.01,95.773,95.833,107.613,103.593,98.963
555.5,626.721,95.76,95.66,107.97,103.74,99,95.773,95.897,107.887,103.757,98.953
556,626.165,95.75,95.73,108.27,103.9,98.97,95.767,95.957,108.177,103.927,98.933
556.5,625.592,95.75,95.79,108.52,104.08,98.98,95.763,96.013,108.42,104.117,98.927
557,625.002,95.74,95.84,108.77,104.26,98.95,95.757,96.063,108.69,104.317,98.913
557.5,624.394,95.75,95.89,108.98,104.45,98.94,95.753,96.107,108.927,104.497,98.907
558,623.768,95.75,95.95,109.25,104.6,98.94,95.747,96.153,109.14,104.65,98.903
558.5,623.126,95.73,95.99,109.52,104.75,98.92,95.75,96.193,109.41,104.797,98.893
559,622.465,95.73,96.02,109.74,104.89,98.91,95.737,96.23,109.653,104.957,98.883
559.5,621.788,95.72,96.03,109.91,105.05,98.88,95.73,96.25,109.83,105.12,98.87
560,621.093,95.71,96.08,110.17,105.21,98.87,95.723,96.277,110.063,105.263,98.863
560.5,620.38,95.7,96.11,110.39,105.37,98.89,95.723,96.3,110.313,105.41,98.863
561,619.651,95.69,96.13,110.52,105.51,98.86,95.72,96.31,110.487,105.553,98.857
561.5,618.904,95.7,96.14,110.8,105.65,98.87,95.72,96.307,110.707,105.667,98.86
562,618.14,95.7,96.13,110.91,105.73,98.86,95.72,96.3,110.81,105.767,98.85
562.5,617.358,95.69,96.14,111.05,105.88,98.85,95.713,96.3,111.007,105.887,98.85
563,616.56,95.69,96.16,111.37,105.93,98.87,95.717,96.297,111.213,105.96,98.867
563.5,615.744,95.71,96.16,111.64,106.04,98.89,95.717,96.277,111.427,106.047,98.87
564,614.911,95.68,96.11,111.53,106.11,98.87,95.71,96.243,111.493,106.13,98.87
564.5,614.061,95.69,96.11,111.76,106.21,98.89,95.71,96.213,111.653,106.22,98.883
565,613.194,95.68,96.08,111.85,106.29,98.89,95.707,96.18,111.807,106.283,98.883
565.5,612.309,95.66,96.06,111.94,106.3,98.88,95.703,96.147,111.89,106.283,98.883
566,611.408,95.68,96.01,112.15,106.31,98.9,95.713,96.1,112.06,106.303,98.897
566.5,610.489,95.69,96,112.32,106.38,98.91,95.717,96.067,112.21,106.343,98.9
567,609.554,95.69,95.93,112.53,106.4,98.9,95.717,96.007,112.347,106.38,98.91
567.5,608.601,95.69,95.9,112.41,106.43,98.92,95.723,95.957,112.377,106.41,98.917
568,607.632,95.68,95.84,112.54,106.44,98.94,95.72,95.907,112.427,106.407,98.93
568.5,606.646,95.68,95.8,112.81,106.42,98.94,95.723,95.86,112.623,106.4,98.93
569,605.642,95.71,95.76,112.66,106.4,98.95,95.74,95.81,112.607,106.407,98.94
569.5,604.622,95.71,95.73,112.82,106.39,98.96,95.747,95.753,112.657,106.4,98.95
570,603.586,95.7,95.67,112.91,106.39,98.99,95.743,95.693,112.747,106.38,98.967
570.5,602.532,95.72,95.61,112.83,106.37,98.98,95.76,95.637,112.737,106.377,98.973
571,601.461,95.73,95.58,112.95,106.33,99,95.777,95.59,112.747,106.367,98.987
571.5,600.374,95.76,95.53,112.94,106.3,99.02,95.79,95.543,112.74,106.343,98.987
572,599.27,95.75,95.47,112.9,106.3,99.04,95.783,95.49,112.74,106.333,99.007
572.5,598.15,95.76,95.43,112.83,106.26,99.02,95.79,95.433,112.713,106.307,98.997
573,597.013,95.75,95.39,112.76,106.23,99.04,95.8,95.4,112.677,106.277,99.013
573.5,595.859,95.79,95.35,112.87,106.18,99.05,95.82,95.353,112.68,106.22,99.023
574,594.689,95.79,95.3,112.83,106.1,99.09,95.83,95.313,112.673,106.153,99.04
574.5,593.502,95.8,95.27,112.77,106.06,99.08,95.837,95.283,112.633,106.107,99.047
575,592.299,95.82,95.23,112.75,106.03,99.12,95.85,95.253,112.593,106.053,99.057
575.5,591.079,95.83,95.19,112.7,105.94,99.11,95.863,95.223,112.533,105.967,99.063
576,589.844,95.82,95.16,112.61,105.84,99.13,95.86,95.193,112.473,105.867,99.077
576.5,588.591,95.85,95.15,112.54,105.77,99.13,95.88,95.18,112.427,105.773,99.087
577,587.323,95.83,95.12,112.48,105.63,99.14,95.88,95.167,112.35,105.643,99.1
577.5,586.038,95.85,95.12,112.45,105.5,99.15,95.89,95.163,112.277,105.507,99.107
578,584.737,95.88,95.1,112.33,105.37,99.16,95.907,95.16,112.18,105.36,99.117
578.5,583.42,95.89,95.1,112.24,105.23,99.18,95.903,95.16,112.103,105.207,99.133
579,582.087,95.89,95.11,112.17,105.09,99.2,95.91,95.173,111.987,105.06,99.147
579.5,580.738,95.88,95.1,111.99,104.92,99.18,95.907,95.18,111.843,104.89,99.143
580,579.373,95.87,95.1,111.91,104.73,99.19,95.91,95.193,111.733,104.717,99.153
580.5,577.992,95.88,95.11,111.76,104.59,99.22,95.913,95.22,111.6,104.563,99.177
581,576.595,95.91,95.12,111.65,104.44,99.24,95.923,95.243,111.467,104.39,99.197
581.5,575.182,95.87,95.14,111.49,104.25,99.25,95.907,95.273,111.297,104.217,99.213
582,573.753,95.9,95.18,111.34,104.09,99.27,95.913,95.313,111.147,104.047,99.227
582.5,572.309,95.9,95.2,111.15,103.94,99.27,95.913,95.35,110.983,103.893,99.243
583,570.849,95.88,95.23,110.98,103.79,99.29,95.903,95.38,110.817,103.747,99.257
583.5,569.373,95.89,95.27,110.82,103.67,99.29,95.907,95.427,110.633,103.623,99.273
584,567.882,95.89,95.29,110.73,103.52,99.33,95.9,95.47,110.49,103.467,99.3
584.5,566.376,95.89,95.36,110.55,103.39,99.36,95.9,95.53,110.31,103.323,99.33
585,564.854,95.9,95.38,110.35,103.2,99.37,95.9,95.57,110.153,103.15,99.343
585.5,563.317,95.89,95.43,110.17,103.03,99.39,95.89,95.63,109.97,102.99,99.363
586,561.764,95.86,95.48,109.93,102.87,99.41,95.877,95.687,109.76,102.843,99.387
586.5,560.196,95.87,95.51,109.77,102.73,99.43,95.873,95.73,109.573,102.713,99.407
587,558.613,95.86,95.57,109.64,102.6,99.45,95.88,95.793,109.41,102.593,99.44
587.5,557.015,95.86,95.63,109.37,102.49,99.48,95.87,95.853,109.197,102.47,99.467
588,555.402,95.84,95.65,109.18,102.37,99.49,95.86,95.9,108.987,102.357,99.49
588.5,553.774,95.84,95.72,108.98,102.23,99.52,95.857,95.96,108.79,102.23,99.523
589,552.131,95.83,95.75,108.79,102.1,99.54,95.853,96.007,108.573,102.113,99.547
589.5,550.473,95.82,95.81,108.6,102.02,99.6,95.847,96.053,108.357,102.017,99.587
590,548.8,95.84,95.86,108.34,101.92,99.61,95.857,96.1,108.16,101.917,99.61
590.5,547.113,95.81,95.91,108.14,101.82,99.61,95.837,96.153,107.963,101.813,99.627
591,545.411,95.82,95.95,107.95,101.74,99.67,95.84,96.197,107.753,101.72,99.67
591.5,543.695,95.82,96.01,107.73,101.64,99.68,95.84,96.237,107.537,101.627,99.7
592,541.964,95.81,96.03,107.5,101.54,99.72,95.837,96.27,107.317,101.523,99.727
592.5,540.219,95.81,96.08,107.3,101.45,99.77,95.84,96.3,107.087,101.407,99.767
593,538.46,95.82,96.12,107.09,101.3,99.8,95.843,96.333,106.89,101.28,99.793
593.5,536.686,95.81,96.14,106.91,101.2,99.85,95.837,96.353,106.7,101.173,99.833
594,534.899,95.81,96.16,106.7,101.09,99.84,95.84,96.367,106.507,101.057,99.847
594.5,533.097,95.81,96.18,106.54,100.95,99.88,95.837,96.387,106.323,100.933,99.887
595,531.281,95.82,96.19,106.39,100.85,99.93,95.85,96.393,106.157,100.83,99.923
595.5,529.452,95.81,96.22,106.18,100.75,99.96,95.843,96.4,105.953,100.72,99.95
596,527.608,95.84,96.23,105.99,100.65,99.99,95.86,96.4,105.78,100.62,99.983
596.5,525.751,95.83,96.24,105.82,100.55,100,95.86,96.387,105.597,100.523,100.0
597,523.881,95.82,96.23,105.66,100.48,100.05,95.857,96.377,105.42,100.443,100.033
597.5,521.997,95.84,96.24,105.5,100.39,100.09,95.873,96.363,105.257,100.353,100.067
598,520.099,95.85,96.23,105.28,100.29,100.11,95.877,96.34,105.053,100.267,100.077
598.5,518.189,95.84,96.22,105.11,100.22,100.12,95.877,96.32,104.897,100.2,100.107
599,516.265,95.85,96.2,104.97,100.15,100.17,95.893,96.287,104.713,100.137,100.143
599.5,514.327,95.86,96.19,104.78,100.12,100.19,95.897,96.253,104.543,100.093,100.157
600,512.377,95.86,96.15,104.57,100.05,100.22,95.903,96.21,104.373,100.037,100.18
600.5,510.414,95.86,96.1,104.42,99.99,100.24,95.91,96.163,104.197,99.967,100.193
601,508.439,95.89,96.08,104.27,99.94,100.25,95.927,96.12,104.033,99.903,100.217
601.5,506.45,95.89,96.03,104.08,99.84,100.29,95.937,96.067,103.867,99.827,100.24
602,504.449,95.91,96.01,103.98,99.75,100.29,95.947,96.023,103.743,99.757,100.253
602.5,502.435,95.92,95.96,103.79,99.71,100.32,95.957,95.967,103.59,99.703,100.273
603,500.409,95.94,95.91,103.65,99.65,100.32,95.967,95.907,103.46,99.657,100.29
603.5,498.371,95.94,95.87,103.56,99.6,100.35,95.977,95.86,103.347,99.64,100.31
604,496.321,95.94,95.82,103.44,99.6,100.37,95.98,95.8,103.23,99.623,100.317
604.5,494.258,95.96,95.78,103.37,99.59,100.38,95.99,95.75,103.14,99.6,100.34
605,492.184,95.96,95.72,103.23,99.56,100.39,95.997,95.697,103.03,99.57,100.357
605.5,490.098,95.98,95.68,103.15,99.5,100.43,96.01,95.647,102.92,99.533,100.373
606,488,95.98,95.63,103.05,99.49,100.43,96.01,95.593,102.823,99.513,100.387
606.5,485.89,95.99,95.56,102.95,99.47,100.45,96.013,95.533,102.73,99.497,100.41
607,483.769,96,95.51,102.86,99.45,100.48,96.023,95.5,102.643,99.48,100.43
607.5,481.637,96,95.46,102.78,99.48,100.47,96.017,95.45,102.55,99.483,100.437
608,479.493,96,95.41,102.71,99.48,100.49,96.023,95.407,102.483,99.497,100.443
608.5,477.339,96.02,95.38,102.66,99.51,100.49,96.027,95.373,102.423,99.513,100.457
609,475.173,96.01,95.35,102.61,99.53,100.5,96.027,95.353,102.353,99.53,100.467
609.5,472.997,96,95.32,102.46,99.52,100.51,96.027,95.323,102.27,99.523,100.49
610,470.81,96,95.28,102.46,99.51,100.54,96.02,95.297,102.24,99.517,100.507
610.5,468.612,96.01,95.26,102.44,99.54,100.55,96.023,95.29,102.21,99.54,100.517
611,466.404,96,95.24,102.38,99.55,100.57,96.023,95.28,102.183,99.55,100.54
611.5,464.185,96.01,95.21,102.39,99.58,100.59,96.02,95.27,102.173,99.57,100.557
612,461.956,96.01,95.2,102.35,99.58,100.59,96.02,95.267,102.143,99.58,100.577
612.5,459.718,96,95.2,102.31,99.58,100.61,96.013,95.28,102.107,99.59,100.583
613,457.469,95.99,95.18,102.31,99.62,100.63,96.007,95.283,102.113,99.613,100.607
613.5,455.211,96.01,95.2,102.31,99.65,100.63,96.01,95.307,102.11,99.637,100.613
614,452.943,95.99,95.2,102.3,99.69,100.65,96.003,95.337,102.117,99.67,100.633
614.5,450.665,95.97,95.19,102.29,99.72,100.64,96.0,95.36,102.137,99.717,100.64
615,448.378,95.97,95.22,102.35,99.78,100.67,95.997,95.397,102.197,99.77,100.67
615.5,446.082,95.97,95.25,102.43,99.82,100.69,95.99,95.437,102.253,99.803,100.687
616,443.777,95.95,95.27,102.43,99.85,100.68,95.993,95.477,102.277,99.853,100.7
616.5,441.463,95.98,95.32,102.57,99.9,100.71,95.997,95.533,102.377,99.91,100.727
617,439.14,95.96,95.38,102.65,99.98,100.75,95.99,95.597,102.437,99.97,100.753
617.5,436.809,95.98,95.42,102.69,100.02,100.79,95.993,95.657,102.483,100.02,100.783
618,434.469,95.96,95.48,102.7,100.08,100.82,95.987,95.717,102.527,100.083,100.807
618.5,432.121,95.95,95.54,102.71,100.12,100.82,95.98,95.777,102.577,100.133,100.823
619,429.765,95.97,95.6,102.83,100.21,100.85,95.987,95.843,102.657,100.213,100.85
619.5,427.401,95.96,95.63,102.87,100.28,100.87,95.987,95.903,102.723,100.3,100.87
620,425.029,95.98,95.7,102.95,100.34,100.88,95.99,95.973,102.797,100.373,100.883
620.5,422.649,95.97,95.76,103.06,100.41,100.91,95.983,96.04,102.903,100.457,100.903
621,420.262,95.94,95.81,103.16,100.49,100.92,95.973,96.1,103.013,100.53,100.917
621.5,417.868,95.95,95.89,103.27,100.55,100.93,95.98,96.173,103.133,100.597,100.93
622,415.466,95.97,95.95,103.43,100.63,100.95,95.99,96.233,103.26,100.683,100.963
622.5,413.058,95.96,96.01,103.54,100.67,100.99,95.993,96.29,103.367,100.747,100.98
623,410.642,95.96,96.09,103.65,100.79,101.01,95.99,96.357,103.493,100.853,101.003
623.5,408.22,95.99,96.15,103.78,100.91,101.04,96.003,96.417,103.62,100.957,101.02
624,405.792,95.97,96.2,103.89,100.95,101.06,96.0,96.46,103.75,101.033,101.033
624.5,403.357,95.98,96.25,104.03,101.06,101.09,96.007,96.5,103.893,101.14,101.063
625,400.916,95.98,96.3,104.19,101.15,101.1,96.01,96.537,104.057,101.23,101.067
625.5,398.469,95.98,96.34,104.29,101.24,101.11,96.017,96.57,104.183,101.31,101.083
626,396.016,96,96.4,104.5,101.31,101.13,96.023,96.607,104.36,101.393,101.093
626.5,393.558,95.99,96.42,104.66,101.4,101.13,96.02,96.623,104.537,101.483,101.093
627,391.094,95.99,96.46,104.83,101.48,101.14,96.03,96.64,104.7,101.57,101.103
627.5,388.625,95.99,96.48,104.98,101.59,101.15,96.037,96.643,104.853,101.67,101.113
628,386.151,96.02,96.49,105.2,101.7,101.17,96.047,96.647,105.053,101.767,101.127
628.5,383.672,96.01,96.49,105.33,101.79,101.2,96.05,96.633,105.217,101.863,101.147
629,381.189,96.04,96.51,105.49,101.9,101.21,96.067,96.63,105.383,101.967,101.157
629.5,378.701,96.04,96.51,105.68,101.99,101.23,96.067,96.617,105.563,102.067,101.17
630,376.208,96.04,96.49,105.83,102.09,101.23,96.077,96.587,105.733,102.17,101.183
630.5,373.712,96.04,96.49,105.96,102.2,101.24,96.08,96.553,105.877,102.273,101.187
631,371.211,96.06,96.47,106.15,102.32,101.25,96.09,96.52,106.083,102.393,101.197
631.5,368.707,96.07,96.44,106.36,102.43,101.26,96.09,96.467,106.277,102.5,101.203
632,366.199,96.07,96.41,106.5,102.55,101.26,96.097,96.42,106.437,102.623,101.21
632.5,363.688,96.08,96.37,106.7,102.65,101.26,96.1,96.37,106.623,102.737,101.21
633,361.174,96.07,96.3,106.89,102.77,101.27,96.1,96.31,106.82,102.83,101.22
633.5,358.657,96.08,96.26,107.1,102.85,101.27,96.107,96.257,107.027,102.93,101.22
634,356.137,96.08,96.22,107.28,102.96,101.3,96.107,96.197,107.187,103.037,101.24
634.5,353.614,96.09,96.15,107.44,103.06,101.3,96.113,96.123,107.38,103.153,101.253
635,351.089,96.09,96.11,107.66,103.17,101.31,96.113,96.06,107.57,103.267,101.26
635.5,348.562,96.09,96.04,107.78,103.26,101.3,96.117,96.0,107.733,103.363,101.267
636,346.033,96.08,95.96,107.92,103.37,101.32,96.113,95.927,107.893,103.477,101.28
636.5,343.502,96.08,95.89,108.15,103.46,101.34,96.09,95.84,108.08,103.567,101.29
637,340.97,96.1,95.83,108.28,103.54,101.35,96.12,95.793,108.24,103.66,101.313
637.5,338.436,96.09,95.79,108.47,103.63,101.36,96.113,95.737,108.42,103.743,101.32
638,335.902,96.11,95.71,108.66,103.72,101.35,96.12,95.667,108.593,103.837,101.323
638.5,333.366,96.09,95.65,108.79,103.79,101.36,96.117,95.61,108.737,103.92,101.337
639,330.829,96.1,95.6,108.97,103.87,101.38,96.117,95.56,108.917,104.003,101.347
639.5,328.292,96.08,95.54,109.13,103.95,101.4,96.11,95.51,109.083,104.083,101.37
640,325.755,96.11,95.46,109.26,104.05,101.41,96.12,95.457,109.24,104.163,101.383
640.5,323.218,96.09,95.43,109.44,104.09,101.43,96.12,95.43,109.363,104.213,101.403
641,320.68,96.1,95.39,109.6,104.17,101.45,96.12,95.403,109.533,104.273,101.42
641.5,318.144,96.09,95.33,109.64,104.21,101.45,96.117,95.367,109.617,104.32,101.44
642,315.607,96.09,95.32,109.88,104.27,101.47,96.117,95.367,109.813,104.373,101.47
642.5,313.072,96.09,95.28,109.98,104.33,101.49,96.117,95.343,109.943,104.42,101.487
643,310.537,96.09,95.26,110.15,104.38,101.5,96.117,95.337,110.083,104.467,101.503
643.5,308.004,96.1,95.24,110.28,104.44,101.53,96.127,95.34,110.223,104.507,101.523
644,305.472,96.09,95.25,110.39,104.46,101.54,96.123,95.35,110.33,104.547,101.553
644.5,302.941,96.1,95.25,110.49,104.5,101.56,96.127,95.363,110.413,104.573,101.563
645,300.413,96.1,95.26,110.59,104.56,101.59,96.127,95.39,110.523,104.613,101.593
645.5,297.886,96.09,95.26,110.64,104.57,101.62,96.127,95.417,110.593,104.643,101.63
646,295.362,96.08,95.27,110.69,104.63,101.66,96.12,95.45,110.663,104.677,101.65
646.5,292.841,96.11,95.3,110.84,104.65,101.67,96.13,95.49,110.767,104.703,101.68
647,290.322,96.1,95.33,110.9,104.65,101.72,96.13,95.54,110.853,104.717,101.707
647.5,287.806,96.09,95.37,110.95,104.66,101.73,96.13,95.597,110.893,104.723,101.733
648,285.293,96.09,95.41,110.97,104.7,101.77,96.13,95.65,110.937,104.747,101.767
648.5,282.784,96.1,95.47,111.03,104.69,101.79,96.133,95.717,110.97,104.753,101.79
649,280.278,96.09,95.53,111.09,104.66,101.81,96.127,95.787,111.003,104.743,101.817
649.5,277.776,96.11,95.59,111.11,104.66,101.84,96.143,95.847,111.047,104.75,101.837
650,275.278,96.11,95.66,111.19,104.67,101.88,96.143,95.93,111.07,104.747,101.86
650.5,272.785,96.12,95.72,111.2,104.66,101.9,96.147,96.0,111.1,104.74,101.887
651,270.296,96.12,95.78,111.29,104.66,101.94,96.153,96.067,111.153,104.743,101.923
651.5,267.812,96.11,95.86,111.29,104.65,101.96,96.143,96.137,111.15,104.717,101.937
652,265.333,96.13,95.93,111.18,104.61,101.97,96.15,96.207,111.053,104.687,101.957
652.5,262.859,96.13,96,111.25,104.59,102.02,96.157,96.277,111.123,104.67,101.987
653,260.39,96.13,96.06,111.17,104.54,102.04,96.167,96.343,111.063,104.627,102.01
653.5,257.928,96.14,96.13,111.21,104.5,102.06,96.17,96.403,111.043,104.58,102.03
654,255.471,96.14,96.21,111.15,104.44,102.1,96.167,96.473,110.967,104.537,102.057
654.5,253.02,96.16,96.27,111.1,104.42,102.11,96.177,96.527,110.867,104.5,102.077
655,250.575,96.16,96.33,111.03,104.36,102.16,96.187,96.583,110.837,104.447,102.113
655.5,248.137,96.15,96.38,110.93,104.32,102.16,96.187,96.623,110.72,104.393,102.123
656,245.706,96.16,96.43,110.76,104.28,102.19,96.19,96.663,110.603,104.347,102.147
656.5,243.282,96.17,96.48,110.64,104.22,102.22,96.2,96.707,110.443,104.28,102.167
657,240.866,96.17,96.52,110.61,104.13,102.22,96.2,96.723,110.377,104.19,102.187
657.5,238.456,96.18,96.56,110.42,104.05,102.24,96.207,96.747,110.22,104.11,102.2
658,236.055,96.16,96.6,110.16,103.97,102.26,96.193,96.773,109.9,104.023,102.217
658.5,233.661,96.2,96.62,110.3,103.91,102.3,96.21,96.773,110.02,103.947,102.243
659,231.276,96.19,96.64,110,103.8,102.31,96.21,96.78,109.743,103.843,102.267
659.5,228.899,96.2,96.66,109.92,103.72,102.35,96.213,96.777,109.65,103.743,102.283
660,226.53,96.2,96.66,109.64,103.62,102.36,96.213,96.767,109.34,103.637,102.3
660.5,224.171,96.19,96.64,109.66,103.49,102.37,96.21,96.74,109.347,103.517,102.317
661,221.82,96.19,96.62,109.35,103.38,102.38,96.207,96.71,109.113,103.407,102.347
661.5,219.479,96.2,96.63,108.97,103.3,102.42,96.21,96.697,108.673,103.307,102.367
662,217.147,96.18,96.59,108.99,103.16,102.41,96.2,96.653,108.74,103.177,102.377
662.5,214.826,96.19,96.57,108.74,103.04,102.47,96.21,96.613,108.357,103.053,102.413
663,212.514,96.2,96.53,108.65,102.94,102.46,96.217,96.563,108.323,102.933,102.427
663.5,210.212,96.17,96.49,108.16,102.81,102.47,96.197,96.51,107.8,102.803,102.443
664,207.921,96.17,96.44,108.22,102.66,102.51,96.197,96.45,107.887,102.673,102.467
664.5,205.64,96.17,96.4,107.85,102.53,102.5,96.197,96.393,107.433,102.537,102.477
665,203.371,96.18,96.34,107.64,102.41,102.54,96.2,96.33,107.273,102.413,102.513
665.5,201.112,96.18,96.31,107.4,102.27,102.54,96.203,96.277,107.013,102.287,102.523
666,198.865,96.18,96.23,107.23,102.15,102.57,96.207,96.203,106.917,102.163,102.553
666.5,196.629,96.18,96.17,106.99,102.05,102.59,96.203,96.143,106.697,102.057,102.577
667,194.406,96.18,96.1,106.9,101.92,102.61,96.2,96.077,106.43,101.933,102.603
667.5,192.194,96.18,96.04,106.2,101.84,102.64,96.203,96.02,106.11,101.83,102.63
668,189.994,96.18,95.98,106.77,101.71,102.65,96.207,95.957,106.103,101.7,102.653
668.5,187.807,96.19,95.91,105.82,101.61,102.68,96.207,95.903,105.533,101.593,102.68
669,185.632,96.18,95.85,105.97,101.5,102.71,96.21,95.843,105.427,101.483,102.707
669.5,183.471,96.19,95.8,105.94,101.4,102.74,96.213,95.79,105.36,101.377,102.733
670,181.322,96.19,95.74,105.09,101.3,102.75,96.217,95.737,104.667,101.263,102.75
670.5,179.187,96.18,95.7,105.48,101.19,102.79,96.217,95.703,104.823,101.167,102.79
671,177.065,96.2,95.67,104.63,101.11,102.81,96.23,95.67,104.08,101.077,102.813
671.5,174.958,96.19,95.61,105.01,101.01,102.84,96.23,95.623,104.347,100.96,102.847
672,172.864,96.2,95.57,104.44,100.93,102.88,96.237,95.6,104.067,100.873,102.877
672.5,170.784,96.22,95.56,104.29,100.85,102.89,96.247,95.583,103.96,100.77,102.893
673,168.718,96.21,95.51,103.53,100.71,102.91,96.243,95.563,103.157,100.64,102.927
673.5,166.668,96.21,95.49,103.72,100.61,102.96,96.247,95.553,103.283,100.54,102.96
674,164.632,96.21,95.46,103.85,100.52,102.98,96.25,95.547,103.163,100.433,102.983
674.5,162.611,96.22,95.45,103.47,100.41,103,96.257,95.547,103.02,100.327,103.003
675,160.605,96.21,95.44,103.45,100.31,102.99,96.257,95.553,102.953,100.223,103.023
675.5,158.615,96.22,95.46,102.95,100.21,103.04,96.263,95.573,102.32,100.127,103.053
676,156.64,96.22,95.44,102.95,100.13,103.07,96.267,95.583,102.203,100.03,103.08
676.5,154.681,96.24,95.46,102.63,100.05,103.09,96.273,95.617,102.383,99.937,103.097
677,152.738,96.25,95.5,102.11,99.96,103.13,96.283,95.657,101.69,99.85,103.123
677.5,150.812,96.25,95.52,102.37,99.86,103.13,96.287,95.69,101.963,99.743,103.137
678,148.901,96.25,95.55,102.33,99.82,103.19,96.287,95.733,101.957,99.68,103.173
678.5,147.008,96.27,95.61,101.94,99.76,103.2,96.3,95.78,101.27,99.617,103.187
679,145.131,96.3,95.62,102.08,99.69,103.21,96.32,95.827,101.69,99.553,103.203
679.5,143.272,96.27,95.66,102.15,99.64,103.22,96.307,95.873,101.74,99.503,103.213
680,141.429,96.3,95.72,101.82,99.61,103.25,96.313,95.927,101.137,99.463,103.23
680.5,139.604,96.29,95.77,101.7,99.55,103.27,96.323,95.99,101.34,99.433,103.243
681,137.797,96.29,95.81,102.11,99.51,103.26,96.313,96.043,101.693,99.407,103.237
681.5,136.007,96.3,95.86,101.27,99.54,103.29,96.32,96.1,100.93,99.42,103.27
682,134.236,96.3,95.92,101.66,99.53,103.32,96.333,96.16,100.887,99.43,103.28
682.5,132.482,96.31,95.98,101.71,99.51,103.32,96.33,96.223,101.393,99.433,103.287
683,130.747,96.3,96.02,101.55,99.51,103.35,96.33,96.273,101.057,99.45,103.303
683.5,129.031,96.33,96.07,101.71,99.53,103.33,96.343,96.33,101.287,99.493,103.307
684,127.333,96.3,96.16,101.99,99.56,103.37,96.327,96.393,101.603,99.53,103.317
684.5,125.654,96.3,96.21,101.94,99.59,103.36,96.33,96.443,101.467,99.587,103.32
685,123.994,96.31,96.28,101.65,99.66,103.37,96.337,96.5,101.373,99.673,103.32
685.5,122.354,96.31,96.31,102.37,99.72,103.37,96.337,96.547,101.883,99.73,103.33
686,120.733,96.32,96.38,101.74,99.78,103.37,96.34,96.597,101.447,99.81,103.33
686.5,119.131,96.33,96.41,102.18,99.85,103.38,96.337,96.62,101.933,99.893,103.33
687,117.549,96.32,96.45,102.66,99.9,103.37,96.337,96.66,102.343,99.967,103.333
687.5,115.988,96.31,96.49,101.82,99.99,103.38,96.327,96.693,101.743,100.08,103.337
688,114.446,96.3,96.51,102.43,100.06,103.42,96.317,96.713,102.157,100.163,103.353
688.5,112.925,96.28,96.52,102.59,100.15,103.38,96.313,96.723,102.28,100.263,103.347
689,111.424,96.31,96.57,102.49,100.25,103.39,96.32,96.747,102.3,100.367,103.35
689.5,109.943,96.3,96.59,102.96,100.35,103.41,96.32,96.76,102.873,100.483,103.357
690,108.484,96.3,96.61,103.15,100.44,103.39,96.31,96.767,103.16,100.583,103.353
690.5,107.045,96.31,96.61,103.23,100.55,103.41,96.313,96.767,102.993,100.703,103.367
691,105.627,96.29,96.63,104.03,100.69,103.4,96.3,96.757,103.617,100.833,103.35
691.5,104.231,96.3,96.64,103.84,100.8,103.4,96.303,96.757,103.887,100.95,103.353
692,102.856,96.29,96.63,104.01,100.96,103.4,96.303,96.73,103.9,101.1,103.357
692.5,101.502,96.27,96.59,104.84,101.06,103.37,96.29,96.7,104.587,101.233,103.34
693,100.17,96.29,96.61,104.51,101.2,103.39,96.297,96.687,104.343,101.363,103.357
693.5,98.86,96.27,96.58,105.25,101.33,103.39,96.293,96.653,105.153,101.51,103.36
694,97.572,96.28,96.57,105.23,101.43,103.39,96.297,96.63,105.31,101.63,103.357
694.5,96.306,96.26,96.52,105.48,101.54,103.38,96.293,96.59,105.373,101.75,103.367
695,95.062,96.26,96.49,105.97,101.71,103.38,96.293,96.553,105.857,101.9,103.363
695.5,93.841,96.28,96.46,105.95,101.83,103.41,96.303,96.513,106.087,102.017,103.38
696,92.642,96.26,96.42,106.84,101.97,103.4,96.3,96.48,106.773,102.163,103.38
696.5,91.466,96.27,96.39,106.73,102.09,103.4,96.303,96.433,106.873,102.287,103.387
697,90.312,96.28,96.34,107.14,102.2,103.39,96.307,96.383,107.23,102.407,103.38
697.5,89.182,96.28,96.32,107.43,102.3,103.41,96.313,96.347,107.533,102.51,103.393
698,88.074,96.28,96.27,107.64,102.4,103.41,96.317,96.293,107.747,102.593,103.397
698.5,86.989,96.29,96.23,107.88,102.49,103.4,96.32,96.25,107.907,102.693,103.4
699,85.928,96.28,96.18,108.23,102.6,103.39,96.317,96.2,108.377,102.79,103.397
699.5,84.89,96.3,96.16,108.41,102.67,103.43,96.33,96.163,108.683,102.853,103.417
700,83.876,96.31,96.11,108.69,102.72,103.43,96.337,96.123,109.007,102.92,103.427
700.5,82.885,96.31,96.06,109.12,102.78,103.46,96.347,96.087,109.227,102.963,103.44
701,81.918,96.32,96.03,109.15,102.81,103.44,96.35,96.05,109.303,102.993,103.437
701.5,80.974,96.31,95.99,109.7,102.87,103.47,96.353,96.013,109.937,103.03,103.453
702,80.055,96.33,95.95,109.36,102.89,103.47,96.363,95.977,109.777,103.047,103.463
702.5,79.159,96.32,95.9,109.85,102.9,103.47,96.37,95.943,110.163,103.04,103.463
703,78.288,96.35,95.89,110.51,102.9,103.47,96.38,95.927,110.76,103.027,103.467
703.5,77.44,96.34,95.86,110.1,102.88,103.49,96.387,95.903,110.413,103.0,103.48
704,76.617,96.35,95.84,110.71,102.85,103.49,96.397,95.89,110.967,102.963,103.49
704.5,75.819,96.36,95.83,110.66,102.8,103.5,96.403,95.88,111.123,102.917,103.49
705,75.045,96.38,95.81,110.92,102.78,103.51,96.407,95.863,111.3,102.863,103.49
705.5,74.295,96.37,95.8,111.13,102.75,103.54,96.41,95.857,111.5,102.803,103.5
706,73.57,96.38,95.77,111.21,102.66,103.53,96.417,95.847,111.727,102.717,103.503
706.5,72.87,96.39,95.77,111.55,102.6,103.52,96.427,95.85,111.857,102.63,103.507
707,72.195,96.4,95.76,111.59,102.47,103.52,96.43,95.85,111.98,102.513,103.503
707.5,71.544,96.4,95.77,111.71,102.37,103.54,96.437,95.867,112.15,102.4,103.517
708,70.919,96.39,95.77,111.76,102.27,103.55,96.437,95.88,112.207,102.28,103.517
708.5,70.318,96.4,95.77,111.95,102.16,103.55,96.443,95.893,112.363,102.16,103.517
709,69.742,96.41,95.78,112.08,102.04,103.55,96.45,95.913,112.563,102.027,103.523
709.5,69.192,96.43,95.81,112.02,101.91,103.56,96.46,95.94,112.537,101.88,103.52
710,68.667,96.43,95.81,112.11,101.75,103.56,96.457,95.957,112.63,101.723,103.523
710.5,68.167,96.45,95.84,112.26,101.61,103.57,96.467,95.98,112.82,101.577,103.52
711,67.692,96.45,95.86,112.3,101.46,103.56,96.47,95.997,112.81,101.417,103.513
711.5,67.243,96.44,95.89,112.33,101.31,103.56,96.467,96.02,112.83,101.273,103.517
712,66.819,96.46,95.89,112.5,101.2,103.58,96.467,96.06,112.84,101.137,103.523
712.5,66.42,96.45,95.91,112.34,101.07,103.59,96.467,96.107,112.753,101.01,103.53
713,66.047,96.45,95.93,112.19,100.94,103.56,96.467,96.17,112.597,100.883,103.527
713.5,65.7,96.45,95.98,112.17,100.8,103.57,96.47,96.24,112.55,100.757,103.527
714,65.378,96.44,96.03,111.89,100.67,103.57,96.457,96.31,112.353,100.643,103.527
714.5,65.082,96.46,96.12,111.76,100.59,103.58,96.46,96.4,112.217,100.553,103.533
715,64.811,96.44,96.19,111.46,100.49,103.58,96.45,96.49,111.943,100.463,103.527
715.5,64.567,96.42,96.25,111.23,100.42,103.58,96.443,96.577,111.73,100.393,103.54
716,64.347,96.42,96.36,111.1,100.35,103.57,96.44,96.68,111.57,100.327,103.527
716.5,64.154,96.44,96.47,110.74,100.29,103.56,96.443,96.777,111.27,100.297,103.523
717,63.986,96.4,96.58,110.51,100.24,103.55,96.43,96.88,110.953,100.267,103.51
717.5,63.844,96.43,96.71,110.28,100.21,103.55,96.437,96.99,110.59,100.263,103.517
718,63.728,96.41,96.78,109.8,100.22,103.53,96.427,97.083,110.127,100.277,103.51
718.5,63.638,96.43,96.91,109.38,100.26,103.56,96.43,97.187,109.67,100.32,103.517
719,63.573,96.39,97.03,108.87,100.29,103.56,96.413,97.307,109.177,100.38,103.52
719.5,63.535,96.41,97.13,108.32,100.36,103.53,96.42,97.413,108.62,100.47,103.507
